
========================================================
  DUT : DUTS26_0.sv
  TB  : uvm_tb.sv
  Dir : /home/018282472@SJSUAD.SJSU.EDU/uvm_pcs
========================================================
=== Cleaning old results ===

========================================================
  RUNNING: pcs_smoke_test
========================================================

========================================================
  Test : pcs_smoke_test
  Files: DUTS26_0.sv uvm_tb.sv
========================================================
=== Compiling ===
/apps/synopsys/vcs_2023/vcs/U-2023.03-SP2-8/bin/vcs: line 3860: lsb_release: command not found

Warning-[LNX_OS_VERUN] Unsupported Linux version
  Linux version 'Red Hat Enterprise Linux release 9.6 (Plow)' is not supported
  on 'x86_64' officially, assuming linux compatibility by default. Set 
  VCS_ARCH_OVERRIDE to linux or suse32 to override.
  Please refer to release notes for information on supported platforms.

                         Chronologic VCS (TM)
      Version U-2023.03-SP2-8_Full64 -- Mon May 11 15:57:04 2026

                    Copyright (c) 1991 - 2024 Synopsys, Inc.
   This software and the associated documentation are proprietary to Synopsys,
 Inc. This software may only be used in accordance with the terms and conditions
 of a written license agreement with Synopsys, Inc. All other use, reproduction,
   or distribution of this software is strictly prohibited.  Licensed Products
     communicate with Synopsys servers for the purpose of providing software
    updates, detecting software piracy and verifying that customers are using
    Licensed Products in conformity with the applicable License Key for such
  Licensed Products. Synopsys will use information gathered in connection with
    this process to deliver software updates and pursue software pirates and
                                   infringers.

 Inclusivity & Diversity - Visit SolvNetPlus to read the "Synopsys Statement on
            Inclusivity and Diversity" (Refer to article 000036315 at
                        https://solvnetplus.synopsys.com)

Parsing design file '/home/morris/uvm-1.2/src/uvm.sv'
Parsing included file '/home/morris/uvm-1.2/src/uvm_pkg.sv'.
Parsing included file '/home/morris/uvm-1.2/src/uvm_macros.svh'.
Parsing included file '/home/morris/uvm-1.2/src/macros/uvm_version_defines.svh'.
Back to file '/home/morris/uvm-1.2/src/uvm_macros.svh'.
Parsing included file '/home/morris/uvm-1.2/src/macros/uvm_global_defines.svh'.
Back to file '/home/morris/uvm-1.2/src/uvm_macros.svh'.
Parsing included file '/home/morris/uvm-1.2/src/macros/uvm_message_defines.svh'.
Back to file '/home/morris/uvm-1.2/src/uvm_macros.svh'.
Parsing included file '/home/morris/uvm-1.2/src/macros/uvm_phase_defines.svh'.
Back to file '/home/morris/uvm-1.2/src/uvm_macros.svh'.
Parsing included file '/home/morris/uvm-1.2/src/macros/uvm_object_defines.svh'.
Back to file '/home/morris/uvm-1.2/src/uvm_macros.svh'.
Parsing included file '/home/morris/uvm-1.2/src/macros/uvm_printer_defines.svh'.
Back to file '/home/morris/uvm-1.2/src/uvm_macros.svh'.
Parsing included file '/home/morris/uvm-1.2/src/macros/uvm_tlm_defines.svh'.
Parsing included file '/home/morris/uvm-1.2/src/tlm1/uvm_tlm_imps.svh'.
Back to file '/home/morris/uvm-1.2/src/macros/uvm_tlm_defines.svh'.
Back to file '/home/morris/uvm-1.2/src/uvm_macros.svh'.
Parsing included file '/home/morris/uvm-1.2/src/macros/uvm_sequence_defines.svh'.
Back to file '/home/morris/uvm-1.2/src/uvm_macros.svh'.
Parsing included file '/home/morris/uvm-1.2/src/macros/uvm_callback_defines.svh'.
Back to file '/home/morris/uvm-1.2/src/uvm_macros.svh'.
Parsing included file '/home/morris/uvm-1.2/src/macros/uvm_reg_defines.svh'.
Back to file '/home/morris/uvm-1.2/src/uvm_macros.svh'.
Parsing included file '/home/morris/uvm-1.2/src/macros/uvm_deprecated_defines.svh'.
Back to file '/home/morris/uvm-1.2/src/uvm_macros.svh'.
Back to file '/home/morris/uvm-1.2/src/uvm_pkg.sv'.
Parsing included file '/home/morris/uvm-1.2/src/dpi/uvm_dpi.svh'.
Parsing included file '/home/morris/uvm-1.2/src/dpi/uvm_hdl.svh'.
Back to file '/home/morris/uvm-1.2/src/dpi/uvm_dpi.svh'.
Parsing included file '/home/morris/uvm-1.2/src/dpi/uvm_svcmd_dpi.svh'.
Back to file '/home/morris/uvm-1.2/src/dpi/uvm_dpi.svh'.
Parsing included file '/home/morris/uvm-1.2/src/dpi/uvm_regex.svh'.
Back to file '/home/morris/uvm-1.2/src/dpi/uvm_dpi.svh'.
Back to file '/home/morris/uvm-1.2/src/uvm_pkg.sv'.
Parsing included file '/home/morris/uvm-1.2/src/base/uvm_base.svh'.
Parsing included file '/home/morris/uvm-1.2/src/base/uvm_coreservice.svh'.
Back to file '/home/morris/uvm-1.2/src/base/uvm_base.svh'.
Parsing included file '/home/morris/uvm-1.2/src/base/uvm_version.svh'.
Back to file '/home/morris/uvm-1.2/src/base/uvm_base.svh'.
Parsing included file '/home/morris/uvm-1.2/src/base/uvm_object_globals.svh'.
Back to file '/home/morris/uvm-1.2/src/base/uvm_base.svh'.
Parsing included file '/home/morris/uvm-1.2/src/base/uvm_misc.svh'.
Back to file '/home/morris/uvm-1.2/src/base/uvm_base.svh'.
Parsing included file '/home/morris/uvm-1.2/src/base/uvm_object.svh'.
Back to file '/home/morris/uvm-1.2/src/base/uvm_base.svh'.
Parsing included file '/home/morris/uvm-1.2/src/base/uvm_pool.svh'.
Back to file '/home/morris/uvm-1.2/src/base/uvm_base.svh'.
Parsing included file '/home/morris/uvm-1.2/src/base/uvm_queue.svh'.
Back to file '/home/morris/uvm-1.2/src/base/uvm_base.svh'.
Parsing included file '/home/morris/uvm-1.2/src/base/uvm_factory.svh'.
Back to file '/home/morris/uvm-1.2/src/base/uvm_base.svh'.
Parsing included file '/home/morris/uvm-1.2/src/base/uvm_registry.svh'.
Back to file '/home/morris/uvm-1.2/src/base/uvm_base.svh'.
Parsing included file '/home/morris/uvm-1.2/src/base/uvm_spell_chkr.svh'.
Back to file '/home/morris/uvm-1.2/src/base/uvm_base.svh'.
Parsing included file '/home/morris/uvm-1.2/src/base/uvm_resource.svh'.
Back to file '/home/morris/uvm-1.2/src/base/uvm_base.svh'.
Parsing included file '/home/morris/uvm-1.2/src/base/uvm_resource_specializations.svh'.
Back to file '/home/morris/uvm-1.2/src/base/uvm_base.svh'.
Parsing included file '/home/morris/uvm-1.2/src/base/uvm_resource_db.svh'.
Back to file '/home/morris/uvm-1.2/src/base/uvm_base.svh'.
Parsing included file '/home/morris/uvm-1.2/src/base/uvm_config_db.svh'.
Back to file '/home/morris/uvm-1.2/src/base/uvm_base.svh'.
Parsing included file '/home/morris/uvm-1.2/src/base/uvm_printer.svh'.
Back to file '/home/morris/uvm-1.2/src/base/uvm_base.svh'.
Parsing included file '/home/morris/uvm-1.2/src/base/uvm_comparer.svh'.
Back to file '/home/morris/uvm-1.2/src/base/uvm_base.svh'.
Parsing included file '/home/morris/uvm-1.2/src/base/uvm_packer.svh'.
Back to file '/home/morris/uvm-1.2/src/base/uvm_base.svh'.
Parsing included file '/home/morris/uvm-1.2/src/base/uvm_links.svh'.
Back to file '/home/morris/uvm-1.2/src/base/uvm_base.svh'.
Parsing included file '/home/morris/uvm-1.2/src/base/uvm_tr_database.svh'.
Back to file '/home/morris/uvm-1.2/src/base/uvm_base.svh'.
Parsing included file '/home/morris/uvm-1.2/src/base/uvm_tr_stream.svh'.
Back to file '/home/morris/uvm-1.2/src/base/uvm_base.svh'.
Parsing included file '/home/morris/uvm-1.2/src/base/uvm_recorder.svh'.
Back to file '/home/morris/uvm-1.2/src/base/uvm_base.svh'.
Parsing included file '/home/morris/uvm-1.2/src/base/uvm_event_callback.svh'.
Back to file '/home/morris/uvm-1.2/src/base/uvm_base.svh'.
Parsing included file '/home/morris/uvm-1.2/src/base/uvm_event.svh'.
Back to file '/home/morris/uvm-1.2/src/base/uvm_base.svh'.
Parsing included file '/home/morris/uvm-1.2/src/base/uvm_barrier.svh'.
Back to file '/home/morris/uvm-1.2/src/base/uvm_base.svh'.
Parsing included file '/home/morris/uvm-1.2/src/base/uvm_callback.svh'.
Parsing included file '/home/morris/uvm-1.2/src/uvm_macros.svh'.
Back to file '/home/morris/uvm-1.2/src/base/uvm_callback.svh'.
Back to file '/home/morris/uvm-1.2/src/base/uvm_base.svh'.
Parsing included file '/home/morris/uvm-1.2/src/base/uvm_report_message.svh'.
Back to file '/home/morris/uvm-1.2/src/base/uvm_base.svh'.
Parsing included file '/home/morris/uvm-1.2/src/base/uvm_report_catcher.svh'.
Back to file '/home/morris/uvm-1.2/src/base/uvm_base.svh'.
Parsing included file '/home/morris/uvm-1.2/src/base/uvm_report_server.svh'.
Back to file '/home/morris/uvm-1.2/src/base/uvm_base.svh'.
Parsing included file '/home/morris/uvm-1.2/src/base/uvm_report_handler.svh'.
Back to file '/home/morris/uvm-1.2/src/base/uvm_base.svh'.
Parsing included file '/home/morris/uvm-1.2/src/base/uvm_report_object.svh'.
Back to file '/home/morris/uvm-1.2/src/base/uvm_base.svh'.
Parsing included file '/home/morris/uvm-1.2/src/base/uvm_transaction.svh'.
Back to file '/home/morris/uvm-1.2/src/base/uvm_base.svh'.
Parsing included file '/home/morris/uvm-1.2/src/base/uvm_phase.svh'.
Back to file '/home/morris/uvm-1.2/src/base/uvm_base.svh'.
Parsing included file '/home/morris/uvm-1.2/src/base/uvm_domain.svh'.
Back to file '/home/morris/uvm-1.2/src/base/uvm_base.svh'.
Parsing included file '/home/morris/uvm-1.2/src/base/uvm_bottomup_phase.svh'.
Back to file '/home/morris/uvm-1.2/src/base/uvm_base.svh'.
Parsing included file '/home/morris/uvm-1.2/src/base/uvm_topdown_phase.svh'.
Back to file '/home/morris/uvm-1.2/src/base/uvm_base.svh'.
Parsing included file '/home/morris/uvm-1.2/src/base/uvm_task_phase.svh'.
Back to file '/home/morris/uvm-1.2/src/base/uvm_base.svh'.
Parsing included file '/home/morris/uvm-1.2/src/base/uvm_common_phases.svh'.
Back to file '/home/morris/uvm-1.2/src/base/uvm_base.svh'.
Parsing included file '/home/morris/uvm-1.2/src/base/uvm_runtime_phases.svh'.
Back to file '/home/morris/uvm-1.2/src/base/uvm_base.svh'.
Parsing included file '/home/morris/uvm-1.2/src/base/uvm_component.svh'.
Parsing included file '/home/morris/uvm-1.2/src/base/uvm_root.svh'.
Back to file '/home/morris/uvm-1.2/src/base/uvm_component.svh'.
Back to file '/home/morris/uvm-1.2/src/base/uvm_base.svh'.
Parsing included file '/home/morris/uvm-1.2/src/base/uvm_objection.svh'.
Back to file '/home/morris/uvm-1.2/src/base/uvm_base.svh'.
Parsing included file '/home/morris/uvm-1.2/src/base/uvm_heartbeat.svh'.
Back to file '/home/morris/uvm-1.2/src/base/uvm_base.svh'.
Parsing included file '/home/morris/uvm-1.2/src/base/uvm_globals.svh'.
Back to file '/home/morris/uvm-1.2/src/base/uvm_base.svh'.
Parsing included file '/home/morris/uvm-1.2/src/base/uvm_cmdline_processor.svh'.
Back to file '/home/morris/uvm-1.2/src/base/uvm_base.svh'.
Parsing included file '/home/morris/uvm-1.2/src/base/uvm_traversal.svh'.
Back to file '/home/morris/uvm-1.2/src/base/uvm_base.svh'.
Back to file '/home/morris/uvm-1.2/src/uvm_pkg.sv'.
Parsing included file '/home/morris/uvm-1.2/src/dap/uvm_dap.svh'.
Parsing included file '/home/morris/uvm-1.2/src/dap/uvm_set_get_dap_base.svh'.
Back to file '/home/morris/uvm-1.2/src/dap/uvm_dap.svh'.
Parsing included file '/home/morris/uvm-1.2/src/dap/uvm_simple_lock_dap.svh'.
Back to file '/home/morris/uvm-1.2/src/dap/uvm_dap.svh'.
Parsing included file '/home/morris/uvm-1.2/src/dap/uvm_get_to_lock_dap.svh'.
Back to file '/home/morris/uvm-1.2/src/dap/uvm_dap.svh'.
Parsing included file '/home/morris/uvm-1.2/src/dap/uvm_set_before_get_dap.svh'.
Back to file '/home/morris/uvm-1.2/src/dap/uvm_dap.svh'.
Back to file '/home/morris/uvm-1.2/src/uvm_pkg.sv'.
Parsing included file '/home/morris/uvm-1.2/src/tlm1/uvm_tlm.svh'.
Parsing included file '/home/morris/uvm-1.2/src/tlm1/uvm_tlm_ifs.svh'.
Back to file '/home/morris/uvm-1.2/src/tlm1/uvm_tlm.svh'.
Parsing included file '/home/morris/uvm-1.2/src/tlm1/uvm_sqr_ifs.svh'.
Back to file '/home/morris/uvm-1.2/src/tlm1/uvm_tlm.svh'.
Parsing included file '/home/morris/uvm-1.2/src/base/uvm_port_base.svh'.
Back to file '/home/morris/uvm-1.2/src/tlm1/uvm_tlm.svh'.
Parsing included file '/home/morris/uvm-1.2/src/tlm1/uvm_tlm_imps.svh'.
Back to file '/home/morris/uvm-1.2/src/tlm1/uvm_tlm.svh'.
Parsing included file '/home/morris/uvm-1.2/src/tlm1/uvm_imps.svh'.
Back to file '/home/morris/uvm-1.2/src/tlm1/uvm_tlm.svh'.
Parsing included file '/home/morris/uvm-1.2/src/tlm1/uvm_ports.svh'.
Back to file '/home/morris/uvm-1.2/src/tlm1/uvm_tlm.svh'.
Parsing included file '/home/morris/uvm-1.2/src/tlm1/uvm_exports.svh'.
Back to file '/home/morris/uvm-1.2/src/tlm1/uvm_tlm.svh'.
Parsing included file '/home/morris/uvm-1.2/src/tlm1/uvm_analysis_port.svh'.
Back to file '/home/morris/uvm-1.2/src/tlm1/uvm_tlm.svh'.
Parsing included file '/home/morris/uvm-1.2/src/tlm1/uvm_tlm_fifo_base.svh'.
Back to file '/home/morris/uvm-1.2/src/tlm1/uvm_tlm.svh'.
Parsing included file '/home/morris/uvm-1.2/src/tlm1/uvm_tlm_fifos.svh'.
Back to file '/home/morris/uvm-1.2/src/tlm1/uvm_tlm.svh'.
Parsing included file '/home/morris/uvm-1.2/src/tlm1/uvm_tlm_req_rsp.svh'.
Back to file '/home/morris/uvm-1.2/src/tlm1/uvm_tlm.svh'.
Parsing included file '/home/morris/uvm-1.2/src/tlm1/uvm_sqr_connections.svh'.
Back to file '/home/morris/uvm-1.2/src/tlm1/uvm_tlm.svh'.
Back to file '/home/morris/uvm-1.2/src/uvm_pkg.sv'.
Parsing included file '/home/morris/uvm-1.2/src/comps/uvm_comps.svh'.
Parsing included file '/home/morris/uvm-1.2/src/comps/uvm_pair.svh'.
Back to file '/home/morris/uvm-1.2/src/comps/uvm_comps.svh'.
Parsing included file '/home/morris/uvm-1.2/src/comps/uvm_policies.svh'.
Back to file '/home/morris/uvm-1.2/src/comps/uvm_comps.svh'.
Parsing included file '/home/morris/uvm-1.2/src/comps/uvm_in_order_comparator.svh'.
Back to file '/home/morris/uvm-1.2/src/comps/uvm_comps.svh'.
Parsing included file '/home/morris/uvm-1.2/src/comps/uvm_algorithmic_comparator.svh'.
Back to file '/home/morris/uvm-1.2/src/comps/uvm_comps.svh'.
Parsing included file '/home/morris/uvm-1.2/src/comps/uvm_random_stimulus.svh'.
Back to file '/home/morris/uvm-1.2/src/comps/uvm_comps.svh'.
Parsing included file '/home/morris/uvm-1.2/src/comps/uvm_subscriber.svh'.
Back to file '/home/morris/uvm-1.2/src/comps/uvm_comps.svh'.
Parsing included file '/home/morris/uvm-1.2/src/comps/uvm_monitor.svh'.
Back to file '/home/morris/uvm-1.2/src/comps/uvm_comps.svh'.
Parsing included file '/home/morris/uvm-1.2/src/comps/uvm_driver.svh'.
Back to file '/home/morris/uvm-1.2/src/comps/uvm_comps.svh'.
Parsing included file '/home/morris/uvm-1.2/src/comps/uvm_push_driver.svh'.
Back to file '/home/morris/uvm-1.2/src/comps/uvm_comps.svh'.
Parsing included file '/home/morris/uvm-1.2/src/comps/uvm_scoreboard.svh'.
Back to file '/home/morris/uvm-1.2/src/comps/uvm_comps.svh'.
Parsing included file '/home/morris/uvm-1.2/src/comps/uvm_agent.svh'.
Back to file '/home/morris/uvm-1.2/src/comps/uvm_comps.svh'.
Parsing included file '/home/morris/uvm-1.2/src/comps/uvm_env.svh'.
Back to file '/home/morris/uvm-1.2/src/comps/uvm_comps.svh'.
Parsing included file '/home/morris/uvm-1.2/src/comps/uvm_test.svh'.
Back to file '/home/morris/uvm-1.2/src/comps/uvm_comps.svh'.
Back to file '/home/morris/uvm-1.2/src/uvm_pkg.sv'.
Parsing included file '/home/morris/uvm-1.2/src/seq/uvm_seq.svh'.
Parsing included file '/home/morris/uvm-1.2/src/seq/uvm_sequence_item.svh'.
Back to file '/home/morris/uvm-1.2/src/seq/uvm_seq.svh'.
Parsing included file '/home/morris/uvm-1.2/src/seq/uvm_sequencer_base.svh'.
Back to file '/home/morris/uvm-1.2/src/seq/uvm_seq.svh'.
Parsing included file '/home/morris/uvm-1.2/src/seq/uvm_sequencer_analysis_fifo.svh'.
Back to file '/home/morris/uvm-1.2/src/seq/uvm_seq.svh'.
Parsing included file '/home/morris/uvm-1.2/src/seq/uvm_sequencer_param_base.svh'.
Back to file '/home/morris/uvm-1.2/src/seq/uvm_seq.svh'.
Parsing included file '/home/morris/uvm-1.2/src/seq/uvm_sequencer.svh'.
Back to file '/home/morris/uvm-1.2/src/seq/uvm_seq.svh'.
Parsing included file '/home/morris/uvm-1.2/src/seq/uvm_push_sequencer.svh'.
Back to file '/home/morris/uvm-1.2/src/seq/uvm_seq.svh'.
Parsing included file '/home/morris/uvm-1.2/src/seq/uvm_sequence_base.svh'.
Back to file '/home/morris/uvm-1.2/src/seq/uvm_seq.svh'.
Parsing included file '/home/morris/uvm-1.2/src/seq/uvm_sequence.svh'.
Back to file '/home/morris/uvm-1.2/src/seq/uvm_seq.svh'.
Parsing included file '/home/morris/uvm-1.2/src/seq/uvm_sequence_library.svh'.
Back to file '/home/morris/uvm-1.2/src/seq/uvm_seq.svh'.
Parsing included file '/home/morris/uvm-1.2/src/seq/uvm_sequence_builtin.svh'.
Back to file '/home/morris/uvm-1.2/src/seq/uvm_seq.svh'.
Back to file '/home/morris/uvm-1.2/src/uvm_pkg.sv'.
Parsing included file '/home/morris/uvm-1.2/src/tlm2/uvm_tlm2.svh'.
Parsing included file '/home/morris/uvm-1.2/src/tlm2/uvm_tlm2_defines.svh'.
Back to file '/home/morris/uvm-1.2/src/tlm2/uvm_tlm2.svh'.
Parsing included file '/home/morris/uvm-1.2/src/tlm2/uvm_tlm2_time.svh'.
Back to file '/home/morris/uvm-1.2/src/tlm2/uvm_tlm2.svh'.
Parsing included file '/home/morris/uvm-1.2/src/tlm2/uvm_tlm2_generic_payload.svh'.
Back to file '/home/morris/uvm-1.2/src/tlm2/uvm_tlm2.svh'.
Parsing included file '/home/morris/uvm-1.2/src/tlm2/uvm_tlm2_ifs.svh'.
Back to file '/home/morris/uvm-1.2/src/tlm2/uvm_tlm2.svh'.
Parsing included file '/home/morris/uvm-1.2/src/tlm2/uvm_tlm2_imps.svh'.
Back to file '/home/morris/uvm-1.2/src/tlm2/uvm_tlm2.svh'.
Parsing included file '/home/morris/uvm-1.2/src/tlm2/uvm_tlm2_ports.svh'.
Back to file '/home/morris/uvm-1.2/src/tlm2/uvm_tlm2.svh'.
Parsing included file '/home/morris/uvm-1.2/src/tlm2/uvm_tlm2_exports.svh'.
Back to file '/home/morris/uvm-1.2/src/tlm2/uvm_tlm2.svh'.
Parsing included file '/home/morris/uvm-1.2/src/tlm2/uvm_tlm2_sockets_base.svh'.
Back to file '/home/morris/uvm-1.2/src/tlm2/uvm_tlm2.svh'.
Parsing included file '/home/morris/uvm-1.2/src/tlm2/uvm_tlm2_sockets.svh'.
Back to file '/home/morris/uvm-1.2/src/tlm2/uvm_tlm2.svh'.
Back to file '/home/morris/uvm-1.2/src/uvm_pkg.sv'.
Parsing included file '/home/morris/uvm-1.2/src/reg/uvm_reg_model.svh'.
Parsing included file '/home/morris/uvm-1.2/src/reg/uvm_reg_item.svh'.
Back to file '/home/morris/uvm-1.2/src/reg/uvm_reg_model.svh'.
Parsing included file '/home/morris/uvm-1.2/src/reg/uvm_reg_adapter.svh'.
Back to file '/home/morris/uvm-1.2/src/reg/uvm_reg_model.svh'.
Parsing included file '/home/morris/uvm-1.2/src/reg/uvm_reg_predictor.svh'.
Back to file '/home/morris/uvm-1.2/src/reg/uvm_reg_model.svh'.
Parsing included file '/home/morris/uvm-1.2/src/reg/uvm_reg_sequence.svh'.
Back to file '/home/morris/uvm-1.2/src/reg/uvm_reg_model.svh'.
Parsing included file '/home/morris/uvm-1.2/src/reg/uvm_reg_cbs.svh'.
Back to file '/home/morris/uvm-1.2/src/reg/uvm_reg_model.svh'.
Parsing included file '/home/morris/uvm-1.2/src/reg/uvm_reg_backdoor.svh'.
Back to file '/home/morris/uvm-1.2/src/reg/uvm_reg_model.svh'.
Parsing included file '/home/morris/uvm-1.2/src/reg/uvm_reg_field.svh'.
Back to file '/home/morris/uvm-1.2/src/reg/uvm_reg_model.svh'.
Parsing included file '/home/morris/uvm-1.2/src/reg/uvm_vreg_field.svh'.
Back to file '/home/morris/uvm-1.2/src/reg/uvm_reg_model.svh'.
Parsing included file '/home/morris/uvm-1.2/src/reg/uvm_reg.svh'.
Back to file '/home/morris/uvm-1.2/src/reg/uvm_reg_model.svh'.
Parsing included file '/home/morris/uvm-1.2/src/reg/uvm_reg_indirect.svh'.
Back to file '/home/morris/uvm-1.2/src/reg/uvm_reg_model.svh'.
Parsing included file '/home/morris/uvm-1.2/src/reg/uvm_reg_fifo.svh'.
Back to file '/home/morris/uvm-1.2/src/reg/uvm_reg_model.svh'.
Parsing included file '/home/morris/uvm-1.2/src/reg/uvm_reg_file.svh'.
Back to file '/home/morris/uvm-1.2/src/reg/uvm_reg_model.svh'.
Parsing included file '/home/morris/uvm-1.2/src/reg/uvm_mem_mam.svh'.
Back to file '/home/morris/uvm-1.2/src/reg/uvm_reg_model.svh'.
Parsing included file '/home/morris/uvm-1.2/src/reg/uvm_vreg.svh'.
Back to file '/home/morris/uvm-1.2/src/reg/uvm_reg_model.svh'.
Parsing included file '/home/morris/uvm-1.2/src/reg/uvm_mem.svh'.
Back to file '/home/morris/uvm-1.2/src/reg/uvm_reg_model.svh'.
Parsing included file '/home/morris/uvm-1.2/src/reg/uvm_reg_map.svh'.
Back to file '/home/morris/uvm-1.2/src/reg/uvm_reg_model.svh'.
Parsing included file '/home/morris/uvm-1.2/src/reg/uvm_reg_block.svh'.
Back to file '/home/morris/uvm-1.2/src/reg/uvm_reg_model.svh'.
Parsing included file '/home/morris/uvm-1.2/src/reg/sequences/uvm_reg_hw_reset_seq.svh'.
Back to file '/home/morris/uvm-1.2/src/reg/uvm_reg_model.svh'.
Parsing included file '/home/morris/uvm-1.2/src/reg/sequences/uvm_reg_bit_bash_seq.svh'.
Back to file '/home/morris/uvm-1.2/src/reg/uvm_reg_model.svh'.
Parsing included file '/home/morris/uvm-1.2/src/reg/sequences/uvm_mem_walk_seq.svh'.
Back to file '/home/morris/uvm-1.2/src/reg/uvm_reg_model.svh'.
Parsing included file '/home/morris/uvm-1.2/src/reg/sequences/uvm_mem_access_seq.svh'.
Back to file '/home/morris/uvm-1.2/src/reg/uvm_reg_model.svh'.
Parsing included file '/home/morris/uvm-1.2/src/reg/sequences/uvm_reg_access_seq.svh'.
Back to file '/home/morris/uvm-1.2/src/reg/uvm_reg_model.svh'.
Parsing included file '/home/morris/uvm-1.2/src/reg/sequences/uvm_reg_mem_shared_access_seq.svh'.
Back to file '/home/morris/uvm-1.2/src/reg/uvm_reg_model.svh'.
Parsing included file '/home/morris/uvm-1.2/src/reg/sequences/uvm_reg_mem_built_in_seq.svh'.
Back to file '/home/morris/uvm-1.2/src/reg/uvm_reg_model.svh'.
Parsing included file '/home/morris/uvm-1.2/src/reg/sequences/uvm_reg_mem_hdl_paths_seq.svh'.
Back to file '/home/morris/uvm-1.2/src/reg/uvm_reg_model.svh'.
Back to file '/home/morris/uvm-1.2/src/uvm_pkg.sv'.
Back to file '/home/morris/uvm-1.2/src/uvm.sv'.
Parsing design file 'DUTS26_0.sv'
Parsing design file 'uvm_tb.sv'
Parsing included file '/home/morris/uvm-1.2/src/uvm_macros.svh'.
Back to file 'uvm_tb.sv'.
Top Level Modules:
       pcs_tb_top
TimeScale is 1 ns / 1 ps
VCS Coverage Metrics Release U-2023.03-SP2-8_Full64 Copyright (c) 1991-2023 by Synopsys Inc.
Starting vcs inline pass...
6 modules and 0 UDP read.
recompiling package vcs_paramclassrepository
recompiling module pcs_if
recompiling module pcs_tb_top
3 of 6 modules done
	However, due to incremental compilation, only 3 modules need to be compiled. 
rm -f _cuarc*.so _csrc*.so pre_vcsobj_*.so share_vcsobj_*.so
if [ -x ../simv ]; then chmod a-x ../simv; fi
g++  -o ../simv      -rdynamic  -Wl,-rpath='$ORIGIN'/simv.daidir -Wl,-rpath=./simv.daidir -Wl,-rpath=/apps/synopsys/vcs_2023/vcs/U-2023.03-SP2-8/linux64/lib -L/apps/synopsys/vcs_2023/vcs/U-2023.03-SP2-8/linux64/lib  -Wl,-rpath-link=./  /usr/lib64/libnuma.so.1 uvm_dpi.o   objs/amcQw_d.o  _2739188_archive_1.so _prev_archive_1.so  SIM_l.o      rmapats_mop.o rmapats.o rmar.o rmar_nd.o  rmar_llvm_0_1.o rmar_llvm_0_0.o            -lvirsim -lerrorinf -lsnpsmalloc -lvfs    -lvcsnew -lsimprofile -lreader_common /apps/synopsys/vcs_2023/vcs/U-2023.03-SP2-8/linux64/lib/libBA.a -luclinative /apps/synopsys/vcs_2023/vcs/U-2023.03-SP2-8/linux64/lib/vcs_tls.o   -Wl,-whole-archive  -lvcsucli    -Wl,-no-whole-archive      ./../simv.daidir/vc_hdrs.o    /apps/synopsys/vcs_2023/vcs/U-2023.03-SP2-8/linux64/lib/vcs_save_restore_new.o -ldl  -lc -lm -lpthread -ldl 
../simv up to date
CPU time: 5.331 seconds to compile + .262 seconds to elab + .370 seconds to link
=== Compile OK ===
=== Simulating: pcs_smoke_test ===
Info: [VCS_SAVE_RESTORE_INFO] ASLR (Address Space Layout Randomization) is detected on the machine. To enable $save functionality, ASLR will be switched off and simv re-executed.
Please use '-no_save' simv switch to avoid re-execution or '-suppress=ASLR_DETECTED_INFO' to suppress this message.
Chronologic VCS simulator copyright 1991-2023
Contains Synopsys proprietary information.
Compiler version U-2023.03-SP2-8_Full64; Runtime version U-2023.03-SP2-8_Full64;  May 11 15:57 2026
UVM_INFO /home/morris/uvm-1.2/src/base/uvm_root.svh(392) @ 0: reporter [UVM/RELNOTES] 
----------------------------------------------------------------
UVM-1.2
(C) 2007-2014 Mentor Graphics Corporation
(C) 2007-2014 Cadence Design Systems, Inc.
(C) 2006-2014 Synopsys, Inc.
(C) 2011-2013 Cypress Semiconductor Corp.
(C) 2013-2014 NVIDIA Corporation
----------------------------------------------------------------

  ***********       IMPORTANT RELEASE NOTES         ************

  You are using a version of the UVM library that has been compiled
  with `UVM_NO_DEPRECATED undefined.
  See http://www.eda.org/svdb/view.php?id=3313 for more details.

  You are using a version of the UVM library that has been compiled
  with `UVM_OBJECT_DO_NOT_NEED_CONSTRUCTOR undefined.
  See http://www.eda.org/svdb/view.php?id=3770 for more details.

      (Specify +UVM_NO_RELNOTES to turn off this notice)


 VCS Coverage Metrics Release U-2023.03-SP2-8_Full64 Copyright (c) 1991-2023 by Synopsys Inc.
UVM_INFO @ 0: reporter [RNTST] Running test pcs_smoke_test...
UVM_INFO uvm_tb.sv(1831) @ 0: uvm_test_top [TEST] === SMOKE TEST ===
"uvm_tb.sv", 2217: pcs_tb_top.AST_NOX_A: started at 4000ps failed at 4000ps
	Offending '(!$isunknown(pcs_tb_top.dut_if.Dout[3]))'
Error: "uvm_tb.sv", 2217: pcs_tb_top.AST_NOX_A: at time 4000 ps
[ASSERT/NOX] lane A is X/Z @ 4000
"uvm_tb.sv", 2219: pcs_tb_top.AST_NOX_B: started at 4000ps failed at 4000ps
	Offending '(!$isunknown(pcs_tb_top.dut_if.Dout[2]))'
Error: "uvm_tb.sv", 2219: pcs_tb_top.AST_NOX_B: at time 4000 ps
[ASSERT/NOX] lane B is X/Z @ 4000
"uvm_tb.sv", 2221: pcs_tb_top.AST_NOX_C: started at 4000ps failed at 4000ps
	Offending '(!$isunknown(pcs_tb_top.dut_if.Dout[1]))'
Error: "uvm_tb.sv", 2221: pcs_tb_top.AST_NOX_C: at time 4000 ps
[ASSERT/NOX] lane C is X/Z @ 4000
"uvm_tb.sv", 2223: pcs_tb_top.AST_NOX_D: started at 4000ps failed at 4000ps
	Offending '(!$isunknown(pcs_tb_top.dut_if.Dout[0]))'
Error: "uvm_tb.sv", 2223: pcs_tb_top.AST_NOX_D: at time 4000 ps
[ASSERT/NOX] lane D is X/Z @ 4000
UVM_ERROR uvm_tb.sv(1312) @ 68000: uvm_test_top.env.sb [SB/SYM] MISMATCH exp=db0 act=036 ph=PH_IDLE cycle=2
UVM_ERROR uvm_tb.sv(1312) @ 76000: uvm_test_top.env.sb [SB/SYM] MISMATCH exp=006 act=180 ph=PH_IDLE cycle=3
UVM_ERROR uvm_tb.sv(1312) @ 84000: uvm_test_top.env.sb [SB/SYM] MISMATCH exp=1b0 act=036 ph=PH_IDLE cycle=4
UVM_ERROR uvm_tb.sv(1312) @ 92000: uvm_test_top.env.sb [SB/SYM] MISMATCH exp=006 act=000 ph=PH_IDLE cycle=5
UVM_ERROR uvm_tb.sv(1312) @ 100000: uvm_test_top.env.sb [SB/SYM] MISMATCH exp=0b0 act=0b6 ph=PH_IDLE cycle=6
UVM_ERROR uvm_tb.sv(1312) @ 108000: uvm_test_top.env.sb [SB/SYM] MISMATCH exp=006 act=180 ph=PH_SDD cycle=7
"uvm_tb.sv", 2275: pcs_tb_top.AST_SDD1_NONZERO: started at 108000ps failed at 108000ps
	Offending '((((pcs_tb_top.dut_if.Dout[3] inside {3'b010, 3'b110}) && (pcs_tb_top.dut_if.Dout[2] inside {3'b010, 3'b110})) && (pcs_tb_top.dut_if.Dout[1] inside {3'b010, 3'b110})) && (pcs_tb_top.dut_if.Dout[0] inside {3'b010, 3'b110}))'
Error: "uvm_tb.sv", 2275: pcs_tb_top.AST_SDD1_NONZERO: at time 108000 ps
[ASSERT/SDD] SDD1: lane(s) not ±2 at TX_EN rise: got 180 @ 108000
"uvm_tb.sv", 2355: pcs_tb_top.AST_SDD_EXACTLY2: started at 108000ps failed at 124000ps
	Offending '(!((((pcs_tb_top.dut_if.Dout[3] inside {3'b010, 3'b110}) && (pcs_tb_top.dut_if.Dout[2] inside {3'b010, 3'b110})) && (pcs_tb_top.dut_if.Dout[1] inside {3'b010, 3'b110})) && (pcs_tb_top.dut_if.Dout[0] inside {3'b010, 3'b110})))'
Error: "uvm_tb.sv", 2355: pcs_tb_top.AST_SDD_EXACTLY2: at time 124000 ps
[ASSERT/ORDER] All-±2 output persists after SDD2 (stuck in SDD?) @ 124000
UVM_ERROR uvm_tb.sv(1312) @ 132000: uvm_test_top.env.sb [SB/SYM] MISMATCH exp=030 act=036 ph=PH_CSR cycle=10
UVM_ERROR uvm_tb.sv(1312) @ 156000: uvm_test_top.env.sb [SB/SYM] MISMATCH exp=db6 act=4b2 ph=PH_ESD cycle=13
"uvm_tb.sv", 2372: pcs_tb_top.AST_ESD_EXACTLY2: started at 132000ps failed at 164000ps
	Offending '(!((((pcs_tb_top.dut_if.Dout[3] inside {3'b010, 3'b110}) && (pcs_tb_top.dut_if.Dout[2] inside {3'b010, 3'b110})) && (pcs_tb_top.dut_if.Dout[1] inside {3'b010, 3'b110})) && (pcs_tb_top.dut_if.Dout[0] inside {3'b010, 3'b110})))'
Error: "uvm_tb.sv", 2372: pcs_tb_top.AST_ESD_EXACTLY2: at time 164000 ps
[ASSERT/ORDER] All-±2 output persists after ESD2 (stuck in ESD?) @ 164000
UVM_ERROR uvm_tb.sv(1312) @ 172000: uvm_test_top.env.sb [SB/SYM] MISMATCH exp=402 act=180 ph=PH_SDD cycle=15
"uvm_tb.sv", 2275: pcs_tb_top.AST_SDD1_NONZERO: started at 172000ps failed at 172000ps
	Offending '((((pcs_tb_top.dut_if.Dout[3] inside {3'b010, 3'b110}) && (pcs_tb_top.dut_if.Dout[2] inside {3'b010, 3'b110})) && (pcs_tb_top.dut_if.Dout[1] inside {3'b010, 3'b110})) && (pcs_tb_top.dut_if.Dout[0] inside {3'b010, 3'b110}))'
Error: "uvm_tb.sv", 2275: pcs_tb_top.AST_SDD1_NONZERO: at time 172000 ps
[ASSERT/SDD] SDD1: lane(s) not ±2 at TX_EN rise: got 180 @ 172000
"uvm_tb.sv", 2355: pcs_tb_top.AST_SDD_EXACTLY2: started at 172000ps failed at 188000ps
	Offending '(!((((pcs_tb_top.dut_if.Dout[3] inside {3'b010, 3'b110}) && (pcs_tb_top.dut_if.Dout[2] inside {3'b010, 3'b110})) && (pcs_tb_top.dut_if.Dout[1] inside {3'b010, 3'b110})) && (pcs_tb_top.dut_if.Dout[0] inside {3'b010, 3'b110})))'
Error: "uvm_tb.sv", 2355: pcs_tb_top.AST_SDD_EXACTLY2: at time 188000 ps
[ASSERT/ORDER] All-±2 output persists after SDD2 (stuck in SDD?) @ 188000
UVM_ERROR uvm_tb.sv(1312) @ 196000: uvm_test_top.env.sb [SB/SYM] MISMATCH exp=000 act=036 ph=PH_CSR cycle=18
UVM_ERROR uvm_tb.sv(1312) @ 220000: uvm_test_top.env.sb [SB/SYM] MISMATCH exp=db6 act=496 ph=PH_ESD cycle=21
"uvm_tb.sv", 2372: pcs_tb_top.AST_ESD_EXACTLY2: started at 196000ps failed at 228000ps
	Offending '(!((((pcs_tb_top.dut_if.Dout[3] inside {3'b010, 3'b110}) && (pcs_tb_top.dut_if.Dout[2] inside {3'b010, 3'b110})) && (pcs_tb_top.dut_if.Dout[1] inside {3'b010, 3'b110})) && (pcs_tb_top.dut_if.Dout[0] inside {3'b010, 3'b110})))'
Error: "uvm_tb.sv", 2372: pcs_tb_top.AST_ESD_EXACTLY2: at time 228000 ps
[ASSERT/ORDER] All-±2 output persists after ESD2 (stuck in ESD?) @ 228000
UVM_ERROR uvm_tb.sv(1312) @ 236000: uvm_test_top.env.sb [SB/SYM] MISMATCH exp=002 act=000 ph=PH_SDD cycle=23
"uvm_tb.sv", 2275: pcs_tb_top.AST_SDD1_NONZERO: started at 236000ps failed at 236000ps
	Offending '((((pcs_tb_top.dut_if.Dout[3] inside {3'b010, 3'b110}) && (pcs_tb_top.dut_if.Dout[2] inside {3'b010, 3'b110})) && (pcs_tb_top.dut_if.Dout[1] inside {3'b010, 3'b110})) && (pcs_tb_top.dut_if.Dout[0] inside {3'b010, 3'b110}))'
Error: "uvm_tb.sv", 2275: pcs_tb_top.AST_SDD1_NONZERO: at time 236000 ps
[ASSERT/SDD] SDD1: lane(s) not ±2 at TX_EN rise: got 000 @ 236000
"uvm_tb.sv", 2355: pcs_tb_top.AST_SDD_EXACTLY2: started at 236000ps failed at 252000ps
	Offending '(!((((pcs_tb_top.dut_if.Dout[3] inside {3'b010, 3'b110}) && (pcs_tb_top.dut_if.Dout[2] inside {3'b010, 3'b110})) && (pcs_tb_top.dut_if.Dout[1] inside {3'b010, 3'b110})) && (pcs_tb_top.dut_if.Dout[0] inside {3'b010, 3'b110})))'
Error: "uvm_tb.sv", 2355: pcs_tb_top.AST_SDD_EXACTLY2: at time 252000 ps
[ASSERT/ORDER] All-±2 output persists after SDD2 (stuck in SDD?) @ 252000
UVM_ERROR uvm_tb.sv(1312) @ 260000: uvm_test_top.env.sb [SB/SYM] MISMATCH exp=192 act=012 ph=PH_CSR cycle=26
UVM_ERROR uvm_tb.sv(1312) @ 284000: uvm_test_top.env.sb [SB/SYM] MISMATCH exp=db6 act=c96 ph=PH_ESD cycle=29
"uvm_tb.sv", 2372: pcs_tb_top.AST_ESD_EXACTLY2: started at 260000ps failed at 292000ps
	Offending '(!((((pcs_tb_top.dut_if.Dout[3] inside {3'b010, 3'b110}) && (pcs_tb_top.dut_if.Dout[2] inside {3'b010, 3'b110})) && (pcs_tb_top.dut_if.Dout[1] inside {3'b010, 3'b110})) && (pcs_tb_top.dut_if.Dout[0] inside {3'b010, 3'b110})))'
Error: "uvm_tb.sv", 2372: pcs_tb_top.AST_ESD_EXACTLY2: at time 292000 ps
[ASSERT/ORDER] All-±2 output persists after ESD2 (stuck in ESD?) @ 292000
UVM_ERROR uvm_tb.sv(1312) @ 300000: uvm_test_top.env.sb [SB/SYM] MISMATCH exp=006 act=010 ph=PH_SDD cycle=31
"uvm_tb.sv", 2275: pcs_tb_top.AST_SDD1_NONZERO: started at 300000ps failed at 300000ps
	Offending '((((pcs_tb_top.dut_if.Dout[3] inside {3'b010, 3'b110}) && (pcs_tb_top.dut_if.Dout[2] inside {3'b010, 3'b110})) && (pcs_tb_top.dut_if.Dout[1] inside {3'b010, 3'b110})) && (pcs_tb_top.dut_if.Dout[0] inside {3'b010, 3'b110}))'
Error: "uvm_tb.sv", 2275: pcs_tb_top.AST_SDD1_NONZERO: at time 300000 ps
[ASSERT/SDD] SDD1: lane(s) not ±2 at TX_EN rise: got 010 @ 300000
"uvm_tb.sv", 2355: pcs_tb_top.AST_SDD_EXACTLY2: started at 300000ps failed at 316000ps
	Offending '(!((((pcs_tb_top.dut_if.Dout[3] inside {3'b010, 3'b110}) && (pcs_tb_top.dut_if.Dout[2] inside {3'b010, 3'b110})) && (pcs_tb_top.dut_if.Dout[1] inside {3'b010, 3'b110})) && (pcs_tb_top.dut_if.Dout[0] inside {3'b010, 3'b110})))'
Error: "uvm_tb.sv", 2355: pcs_tb_top.AST_SDD_EXACTLY2: at time 316000 ps
[ASSERT/ORDER] All-±2 output persists after SDD2 (stuck in SDD?) @ 316000
UVM_ERROR uvm_tb.sv(1312) @ 324000: uvm_test_top.env.sb [SB/SYM] MISMATCH exp=182 act=032 ph=PH_CSR cycle=34
UVM_ERROR uvm_tb.sv(1312) @ 348000: uvm_test_top.env.sb [SB/SYM] MISMATCH exp=db6 act=592 ph=PH_ESD cycle=37
"uvm_tb.sv", 2372: pcs_tb_top.AST_ESD_EXACTLY2: started at 324000ps failed at 356000ps
	Offending '(!((((pcs_tb_top.dut_if.Dout[3] inside {3'b010, 3'b110}) && (pcs_tb_top.dut_if.Dout[2] inside {3'b010, 3'b110})) && (pcs_tb_top.dut_if.Dout[1] inside {3'b010, 3'b110})) && (pcs_tb_top.dut_if.Dout[0] inside {3'b010, 3'b110})))'
Error: "uvm_tb.sv", 2372: pcs_tb_top.AST_ESD_EXACTLY2: at time 356000 ps
[ASSERT/ORDER] All-±2 output persists after ESD2 (stuck in ESD?) @ 356000
"uvm_tb.sv", 2275: pcs_tb_top.AST_SDD1_NONZERO: started at 364000ps failed at 364000ps
	Offending '((((pcs_tb_top.dut_if.Dout[3] inside {3'b010, 3'b110}) && (pcs_tb_top.dut_if.Dout[2] inside {3'b010, 3'b110})) && (pcs_tb_top.dut_if.Dout[1] inside {3'b010, 3'b110})) && (pcs_tb_top.dut_if.Dout[0] inside {3'b010, 3'b110}))'
Error: "uvm_tb.sv", 2275: pcs_tb_top.AST_SDD1_NONZERO: at time 364000 ps
[ASSERT/SDD] SDD1: lane(s) not ±2 at TX_EN rise: got 186 @ 364000
"uvm_tb.sv", 2355: pcs_tb_top.AST_SDD_EXACTLY2: started at 364000ps failed at 380000ps
	Offending '(!((((pcs_tb_top.dut_if.Dout[3] inside {3'b010, 3'b110}) && (pcs_tb_top.dut_if.Dout[2] inside {3'b010, 3'b110})) && (pcs_tb_top.dut_if.Dout[1] inside {3'b010, 3'b110})) && (pcs_tb_top.dut_if.Dout[0] inside {3'b010, 3'b110})))'
Error: "uvm_tb.sv", 2355: pcs_tb_top.AST_SDD_EXACTLY2: at time 380000 ps
[ASSERT/ORDER] All-±2 output persists after SDD2 (stuck in SDD?) @ 380000
UVM_ERROR uvm_tb.sv(1312) @ 388000: uvm_test_top.env.sb [SB/SYM] MISMATCH exp=192 act=002 ph=PH_CSR cycle=42
UVM_ERROR uvm_tb.sv(1312) @ 412000: uvm_test_top.env.sb [SB/SYM] MISMATCH exp=db6 act=5b6 ph=PH_ESD cycle=45
"uvm_tb.sv", 2372: pcs_tb_top.AST_ESD_EXACTLY2: started at 388000ps failed at 420000ps
	Offending '(!((((pcs_tb_top.dut_if.Dout[3] inside {3'b010, 3'b110}) && (pcs_tb_top.dut_if.Dout[2] inside {3'b010, 3'b110})) && (pcs_tb_top.dut_if.Dout[1] inside {3'b010, 3'b110})) && (pcs_tb_top.dut_if.Dout[0] inside {3'b010, 3'b110})))'
Error: "uvm_tb.sv", 2372: pcs_tb_top.AST_ESD_EXACTLY2: at time 420000 ps
[ASSERT/ORDER] All-±2 output persists after ESD2 (stuck in ESD?) @ 420000
UVM_ERROR uvm_tb.sv(1312) @ 428000: uvm_test_top.env.sb [SB/SYM] MISMATCH exp=006 act=096 ph=PH_SDD cycle=47
"uvm_tb.sv", 2275: pcs_tb_top.AST_SDD1_NONZERO: started at 428000ps failed at 428000ps
	Offending '((((pcs_tb_top.dut_if.Dout[3] inside {3'b010, 3'b110}) && (pcs_tb_top.dut_if.Dout[2] inside {3'b010, 3'b110})) && (pcs_tb_top.dut_if.Dout[1] inside {3'b010, 3'b110})) && (pcs_tb_top.dut_if.Dout[0] inside {3'b010, 3'b110}))'
Error: "uvm_tb.sv", 2275: pcs_tb_top.AST_SDD1_NONZERO: at time 428000 ps
[ASSERT/SDD] SDD1: lane(s) not ±2 at TX_EN rise: got 096 @ 428000
"uvm_tb.sv", 2355: pcs_tb_top.AST_SDD_EXACTLY2: started at 428000ps failed at 444000ps
	Offending '(!((((pcs_tb_top.dut_if.Dout[3] inside {3'b010, 3'b110}) && (pcs_tb_top.dut_if.Dout[2] inside {3'b010, 3'b110})) && (pcs_tb_top.dut_if.Dout[1] inside {3'b010, 3'b110})) && (pcs_tb_top.dut_if.Dout[0] inside {3'b010, 3'b110})))'
Error: "uvm_tb.sv", 2355: pcs_tb_top.AST_SDD_EXACTLY2: at time 444000 ps
[ASSERT/ORDER] All-±2 output persists after SDD2 (stuck in SDD?) @ 444000
UVM_ERROR uvm_tb.sv(1312) @ 452000: uvm_test_top.env.sb [SB/SYM] MISMATCH exp=0b2 act=0b0 ph=PH_CSR cycle=50
UVM_ERROR uvm_tb.sv(1312) @ 476000: uvm_test_top.env.sb [SB/SYM] MISMATCH exp=db6 act=496 ph=PH_ESD cycle=53
"uvm_tb.sv", 2372: pcs_tb_top.AST_ESD_EXACTLY2: started at 452000ps failed at 484000ps
	Offending '(!((((pcs_tb_top.dut_if.Dout[3] inside {3'b010, 3'b110}) && (pcs_tb_top.dut_if.Dout[2] inside {3'b010, 3'b110})) && (pcs_tb_top.dut_if.Dout[1] inside {3'b010, 3'b110})) && (pcs_tb_top.dut_if.Dout[0] inside {3'b010, 3'b110})))'
Error: "uvm_tb.sv", 2372: pcs_tb_top.AST_ESD_EXACTLY2: at time 484000 ps
[ASSERT/ORDER] All-±2 output persists after ESD2 (stuck in ESD?) @ 484000
UVM_ERROR uvm_tb.sv(1312) @ 492000: uvm_test_top.env.sb [SB/SYM] MISMATCH exp=000 act=082 ph=PH_SDD cycle=55
"uvm_tb.sv", 2275: pcs_tb_top.AST_SDD1_NONZERO: started at 492000ps failed at 492000ps
	Offending '((((pcs_tb_top.dut_if.Dout[3] inside {3'b010, 3'b110}) && (pcs_tb_top.dut_if.Dout[2] inside {3'b010, 3'b110})) && (pcs_tb_top.dut_if.Dout[1] inside {3'b010, 3'b110})) && (pcs_tb_top.dut_if.Dout[0] inside {3'b010, 3'b110}))'
Error: "uvm_tb.sv", 2275: pcs_tb_top.AST_SDD1_NONZERO: at time 492000 ps
[ASSERT/SDD] SDD1: lane(s) not ±2 at TX_EN rise: got 082 @ 492000
"uvm_tb.sv", 2355: pcs_tb_top.AST_SDD_EXACTLY2: started at 492000ps failed at 508000ps
	Offending '(!((((pcs_tb_top.dut_if.Dout[3] inside {3'b010, 3'b110}) && (pcs_tb_top.dut_if.Dout[2] inside {3'b010, 3'b110})) && (pcs_tb_top.dut_if.Dout[1] inside {3'b010, 3'b110})) && (pcs_tb_top.dut_if.Dout[0] inside {3'b010, 3'b110})))'
Error: "uvm_tb.sv", 2355: pcs_tb_top.AST_SDD_EXACTLY2: at time 508000 ps
[ASSERT/ORDER] All-±2 output persists after SDD2 (stuck in SDD?) @ 508000
UVM_ERROR uvm_tb.sv(1312) @ 516000: uvm_test_top.env.sb [SB/SYM] MISMATCH exp=090 act=086 ph=PH_CSR cycle=58
UVM_ERROR uvm_tb.sv(1312) @ 540000: uvm_test_top.env.sb [SB/SYM] MISMATCH exp=db6 act=4b6 ph=PH_ESD cycle=61
"uvm_tb.sv", 2372: pcs_tb_top.AST_ESD_EXACTLY2: started at 516000ps failed at 548000ps
	Offending '(!((((pcs_tb_top.dut_if.Dout[3] inside {3'b010, 3'b110}) && (pcs_tb_top.dut_if.Dout[2] inside {3'b010, 3'b110})) && (pcs_tb_top.dut_if.Dout[1] inside {3'b010, 3'b110})) && (pcs_tb_top.dut_if.Dout[0] inside {3'b010, 3'b110})))'
Error: "uvm_tb.sv", 2372: pcs_tb_top.AST_ESD_EXACTLY2: at time 548000 ps
[ASSERT/ORDER] All-±2 output persists after ESD2 (stuck in ESD?) @ 548000
"uvm_tb.sv", 2275: pcs_tb_top.AST_SDD1_NONZERO: started at 556000ps failed at 556000ps
	Offending '((((pcs_tb_top.dut_if.Dout[3] inside {3'b010, 3'b110}) && (pcs_tb_top.dut_if.Dout[2] inside {3'b010, 3'b110})) && (pcs_tb_top.dut_if.Dout[1] inside {3'b010, 3'b110})) && (pcs_tb_top.dut_if.Dout[0] inside {3'b010, 3'b110}))'
Error: "uvm_tb.sv", 2275: pcs_tb_top.AST_SDD1_NONZERO: at time 556000 ps
[ASSERT/SDD] SDD1: lane(s) not ±2 at TX_EN rise: got 182 @ 556000
"uvm_tb.sv", 2355: pcs_tb_top.AST_SDD_EXACTLY2: started at 556000ps failed at 572000ps
	Offending '(!((((pcs_tb_top.dut_if.Dout[3] inside {3'b010, 3'b110}) && (pcs_tb_top.dut_if.Dout[2] inside {3'b010, 3'b110})) && (pcs_tb_top.dut_if.Dout[1] inside {3'b010, 3'b110})) && (pcs_tb_top.dut_if.Dout[0] inside {3'b010, 3'b110})))'
Error: "uvm_tb.sv", 2355: pcs_tb_top.AST_SDD_EXACTLY2: at time 572000 ps
[ASSERT/ORDER] All-±2 output persists after SDD2 (stuck in SDD?) @ 572000
UVM_ERROR uvm_tb.sv(1312) @ 580000: uvm_test_top.env.sb [SB/SYM] MISMATCH exp=1b0 act=030 ph=PH_CSR cycle=66
UVM_ERROR uvm_tb.sv(1312) @ 604000: uvm_test_top.env.sb [SB/SYM] MISMATCH exp=db6 act=d96 ph=PH_ESD cycle=69
"uvm_tb.sv", 2372: pcs_tb_top.AST_ESD_EXACTLY2: started at 580000ps failed at 612000ps
	Offending '(!((((pcs_tb_top.dut_if.Dout[3] inside {3'b010, 3'b110}) && (pcs_tb_top.dut_if.Dout[2] inside {3'b010, 3'b110})) && (pcs_tb_top.dut_if.Dout[1] inside {3'b010, 3'b110})) && (pcs_tb_top.dut_if.Dout[0] inside {3'b010, 3'b110})))'
Error: "uvm_tb.sv", 2372: pcs_tb_top.AST_ESD_EXACTLY2: at time 612000 ps
[ASSERT/ORDER] All-±2 output persists after ESD2 (stuck in ESD?) @ 612000
UVM_ERROR uvm_tb.sv(1312) @ 620000: uvm_test_top.env.sb [SB/SYM] MISMATCH exp=1b0 act=000 ph=PH_SDD cycle=71
"uvm_tb.sv", 2275: pcs_tb_top.AST_SDD1_NONZERO: started at 620000ps failed at 620000ps
	Offending '((((pcs_tb_top.dut_if.Dout[3] inside {3'b010, 3'b110}) && (pcs_tb_top.dut_if.Dout[2] inside {3'b010, 3'b110})) && (pcs_tb_top.dut_if.Dout[1] inside {3'b010, 3'b110})) && (pcs_tb_top.dut_if.Dout[0] inside {3'b010, 3'b110}))'
Error: "uvm_tb.sv", 2275: pcs_tb_top.AST_SDD1_NONZERO: at time 620000 ps
[ASSERT/SDD] SDD1: lane(s) not ±2 at TX_EN rise: got 000 @ 620000
"uvm_tb.sv", 2355: pcs_tb_top.AST_SDD_EXACTLY2: started at 620000ps failed at 636000ps
	Offending '(!((((pcs_tb_top.dut_if.Dout[3] inside {3'b010, 3'b110}) && (pcs_tb_top.dut_if.Dout[2] inside {3'b010, 3'b110})) && (pcs_tb_top.dut_if.Dout[1] inside {3'b010, 3'b110})) && (pcs_tb_top.dut_if.Dout[0] inside {3'b010, 3'b110})))'
Error: "uvm_tb.sv", 2355: pcs_tb_top.AST_SDD_EXACTLY2: at time 636000 ps
[ASSERT/ORDER] All-±2 output persists after SDD2 (stuck in SDD?) @ 636000
UVM_ERROR uvm_tb.sv(1312) @ 644000: uvm_test_top.env.sb [SB/SYM] MISMATCH exp=080 act=000 ph=PH_CSR cycle=74
UVM_ERROR uvm_tb.sv(1312) @ 668000: uvm_test_top.env.sb [SB/SYM] MISMATCH exp=db6 act=596 ph=PH_ESD cycle=77
"uvm_tb.sv", 2372: pcs_tb_top.AST_ESD_EXACTLY2: started at 644000ps failed at 676000ps
	Offending '(!((((pcs_tb_top.dut_if.Dout[3] inside {3'b010, 3'b110}) && (pcs_tb_top.dut_if.Dout[2] inside {3'b010, 3'b110})) && (pcs_tb_top.dut_if.Dout[1] inside {3'b010, 3'b110})) && (pcs_tb_top.dut_if.Dout[0] inside {3'b010, 3'b110})))'
Error: "uvm_tb.sv", 2372: pcs_tb_top.AST_ESD_EXACTLY2: at time 676000 ps
[ASSERT/ORDER] All-±2 output persists after ESD2 (stuck in ESD?) @ 676000
UVM_ERROR uvm_tb.sv(1312) @ 684000: uvm_test_top.env.sb [SB/SYM] MISMATCH exp=000 act=080 ph=PH_SDD cycle=79
"uvm_tb.sv", 2275: pcs_tb_top.AST_SDD1_NONZERO: started at 684000ps failed at 684000ps
	Offending '((((pcs_tb_top.dut_if.Dout[3] inside {3'b010, 3'b110}) && (pcs_tb_top.dut_if.Dout[2] inside {3'b010, 3'b110})) && (pcs_tb_top.dut_if.Dout[1] inside {3'b010, 3'b110})) && (pcs_tb_top.dut_if.Dout[0] inside {3'b010, 3'b110}))'
Error: "uvm_tb.sv", 2275: pcs_tb_top.AST_SDD1_NONZERO: at time 684000 ps
[ASSERT/SDD] SDD1: lane(s) not ±2 at TX_EN rise: got 080 @ 684000
"uvm_tb.sv", 2355: pcs_tb_top.AST_SDD_EXACTLY2: started at 684000ps failed at 700000ps
	Offending '(!((((pcs_tb_top.dut_if.Dout[3] inside {3'b010, 3'b110}) && (pcs_tb_top.dut_if.Dout[2] inside {3'b010, 3'b110})) && (pcs_tb_top.dut_if.Dout[1] inside {3'b010, 3'b110})) && (pcs_tb_top.dut_if.Dout[0] inside {3'b010, 3'b110})))'
Error: "uvm_tb.sv", 2355: pcs_tb_top.AST_SDD_EXACTLY2: at time 700000 ps
[ASSERT/ORDER] All-±2 output persists after SDD2 (stuck in SDD?) @ 700000
UVM_ERROR uvm_tb.sv(1312) @ 708000: uvm_test_top.env.sb [SB/SYM] MISMATCH exp=196 act=010 ph=PH_CSR cycle=82
"uvm_tb.sv", 2372: pcs_tb_top.AST_ESD_EXACTLY2: started at 708000ps failed at 740000ps
	Offending '(!((((pcs_tb_top.dut_if.Dout[3] inside {3'b010, 3'b110}) && (pcs_tb_top.dut_if.Dout[2] inside {3'b010, 3'b110})) && (pcs_tb_top.dut_if.Dout[1] inside {3'b010, 3'b110})) && (pcs_tb_top.dut_if.Dout[0] inside {3'b010, 3'b110})))'
Error: "uvm_tb.sv", 2372: pcs_tb_top.AST_ESD_EXACTLY2: at time 740000 ps
[ASSERT/ORDER] All-±2 output persists after ESD2 (stuck in ESD?) @ 740000
UVM_ERROR uvm_tb.sv(1312) @ 748000: uvm_test_top.env.sb [SB/SYM] MISMATCH exp=430 act=0b2 ph=PH_IDLE cycle=87
UVM_ERROR uvm_tb.sv(1312) @ 756000: uvm_test_top.env.sb [SB/SYM] MISMATCH exp=030 act=000 ph=PH_IDLE cycle=88
UVM_ERROR uvm_tb.sv(1312) @ 764000: uvm_test_top.env.sb [SB/SYM] MISMATCH exp=186 act=006 ph=PH_IDLE cycle=89
UVM_ERROR uvm_tb.sv(1312) @ 772000: uvm_test_top.env.sb [SB/SYM] MISMATCH exp=036 act=0b0 ph=PH_IDLE cycle=90
UVM_ERROR uvm_tb.sv(1312) @ 780000: uvm_test_top.env.sb [SB/SYM] MISMATCH exp=080 act=086 ph=PH_IDLE cycle=91
UVM_ERROR uvm_tb.sv(1312) @ 788000: uvm_test_top.env.sb [SB/SYM] MISMATCH exp=196 act=010 ph=PH_IDLE cycle=92
UVM_ERROR uvm_tb.sv(1312) @ 796000: uvm_test_top.env.sb [SB/SYM] MISMATCH exp=c00 act=0b0 ph=PH_IDLE cycle=93
UVM_ERROR uvm_tb.sv(1312) @ 804000: uvm_test_top.env.sb [SB/SYM] MISMATCH exp=092 act=002 ph=PH_IDLE cycle=94
UVM_ERROR uvm_tb.sv(1312) @ 812000: uvm_test_top.env.sb [SB/SYM] MISMATCH exp=000 act=006 ph=PH_IDLE cycle=95
UVM_ERROR uvm_tb.sv(1312) @ 820000: uvm_test_top.env.sb [SB/SYM] MISMATCH exp=006 act=0b0 ph=PH_IDLE cycle=96
UVM_ERROR uvm_tb.sv(1312) @ 836000: uvm_test_top.env.sb [SB/SYM] MISMATCH exp=1b0 act=006 ph=PH_IDLE cycle=98
UVM_ERROR uvm_tb.sv(1312) @ 844000: uvm_test_top.env.sb [SB/SYM] MISMATCH exp=002 act=1b2 ph=PH_IDLE cycle=99
UVM_ERROR uvm_tb.sv(1312) @ 852000: uvm_test_top.env.sb [SB/SYM] MISMATCH exp=096 act=000 ph=PH_IDLE cycle=100
UVM_ERROR uvm_tb.sv(1312) @ 860000: uvm_test_top.env.sb [SB/SYM] MISMATCH exp=c00 act=006 ph=PH_IDLE cycle=101
UVM_ERROR uvm_tb.sv(1312) @ 868000: uvm_test_top.env.sb [SB/SYM] MISMATCH exp=092 act=090 ph=PH_IDLE cycle=102
UVM_ERROR uvm_tb.sv(1312) @ 876000: uvm_test_top.env.sb [SB/SYM] MISMATCH exp=000 act=1b0 ph=PH_IDLE cycle=103
UVM_ERROR uvm_tb.sv(1312) @ 884000: uvm_test_top.env.sb [SB/SYM] MISMATCH exp=032 act=002 ph=PH_IDLE cycle=104
UVM_ERROR uvm_tb.sv(1312) @ 892000: uvm_test_top.env.sb [SB/SYM] MISMATCH exp=080 act=086 ph=PH_IDLE cycle=105
UVM_INFO /home/morris/uvm-1.2/src/base/uvm_objection.svh(1270) @ 900000: reporter [TEST_DONE] 'run' phase is ready to proceed to the 'extract' phase
UVM_INFO uvm_tb.sv(1645) @ 900000: uvm_test_top.env.cov [COV] ======= COVERAGE =======
UVM_INFO uvm_tb.sv(1647) @ 900000: uvm_test_top.env.cov [COV]   stream_phase : 100.0%
UVM_INFO uvm_tb.sv(1649) @ 900000: uvm_test_top.env.cov [COV]   pam5_sym     : 60.0%
UVM_INFO uvm_tb.sv(1651) @ 900000: uvm_test_top.env.cov [COV]   sign_reversal: 100.0%
UVM_INFO uvm_tb.sv(1653) @ 900000: uvm_test_top.env.cov [COV]   sdd_pattern  : 50.0%
UVM_INFO uvm_tb.sv(1655) @ 900000: uvm_test_top.env.cov [COV]   esd_pattern  : 50.0%
UVM_INFO uvm_tb.sv(1657) @ 900000: uvm_test_top.env.cov [COV]   phase_trans  : 100.0%
UVM_INFO uvm_tb.sv(1660) @ 900000: uvm_test_top.env.cov [COV]   txen_edges   : 100.0%
UVM_INFO uvm_tb.sv(1662) @ 900000: uvm_test_top.env.cov [COV]   din_ranges   : 50.0%
UVM_INFO uvm_tb.sv(1664) @ 900000: uvm_test_top.env.cov [COV]   din7_data    : 50.0%
UVM_INFO uvm_tb.sv(1666) @ 900000: uvm_test_top.env.cov [COV]   csr_patterns : 0.0%
UVM_INFO uvm_tb.sv(1668) @ 900000: uvm_test_top.env.cov [COV]   esd_mismatch : 100.0%
UVM_INFO uvm_tb.sv(1670) @ 900000: uvm_test_top.env.cov [COV]   pkt_length   : 40.0%
UVM_INFO uvm_tb.sv(1672) @ 900000: uvm_test_top.env.cov [COV]   b2b_trans    : 66.7%
UVM_INFO uvm_tb.sv(1674) @ 900000: uvm_test_top.env.cov [COV]   txen_x_din7  : 100.0%
UVM_INFO uvm_tb.sv(1676) @ 900000: uvm_test_top.env.cov [COV] ========================
UVM_INFO uvm_tb.sv(1322) @ 900000: uvm_test_top.env.sb [SB] ============ SCOREBOARD ============
UVM_INFO uvm_tb.sv(1323) @ 900000: uvm_test_top.env.sb [SB]   Total   : 105
UVM_INFO uvm_tb.sv(1324) @ 900000: uvm_test_top.env.sb [SB]   Passed  : 149
UVM_INFO uvm_tb.sv(1325) @ 900000: uvm_test_top.env.sb [SB]   Failed  : 50
UVM_INFO uvm_tb.sv(1326) @ 900000: uvm_test_top.env.sb [SB]   PAM5 err: 0
UVM_INFO uvm_tb.sv(1327) @ 900000: uvm_test_top.env.sb [SB]   Seq  err: 0
UVM_INFO uvm_tb.sv(1328) @ 900000: uvm_test_top.env.sb [SB]   Sym  err: 50
UVM_ERROR uvm_tb.sv(1332) @ 900000: uvm_test_top.env.sb [SB]   *** 50 FAILURES ***
UVM_INFO uvm_tb.sv(1333) @ 900000: uvm_test_top.env.sb [SB] ====================================
UVM_INFO /home/morris/uvm-1.2/src/base/uvm_report_server.svh(847) @ 900000: reporter [UVM/REPORT/SERVER] 
--- UVM Report Summary ---

** Report counts by severity
UVM_INFO :   28
UVM_WARNING :    0
UVM_ERROR :   51
UVM_FATAL :    0
** Report counts by id
[COV]    16
[RNTST]     1
[SB]     9
[SB/SYM]    50
[TEST]     1
[TEST_DONE]     1
[UVM/RELNOTES]     1

$finish called from file "/home/morris/uvm-1.2/src/base/uvm_root.svh", line 517.
$finish at simulation time               900000

---------------------------------------------------------------------------
VCS Coverage Metrics: during simulation line, cond, FSM, branch, tgl was monitored
---------------------------------------------------------------------------

 Coverage status: End of All Coverages ...

           V C S   S i m u l a t i o n   R e p o r t 
Time: 900000 ps
CPU Time:      0.390 seconds;       Data structure size:   0.3Mb
Mon May 11 15:57:13 2026

========================================================
  SCOREBOARD
========================================================
UVM_INFO uvm_tb.sv(1323) @ 900000: uvm_test_top.env.sb [SB]   Total   : 105
UVM_INFO uvm_tb.sv(1324) @ 900000: uvm_test_top.env.sb [SB]   Passed  : 149
UVM_INFO uvm_tb.sv(1325) @ 900000: uvm_test_top.env.sb [SB]   Failed  : 50
UVM_INFO uvm_tb.sv(1326) @ 900000: uvm_test_top.env.sb [SB]   PAM5 err: 0
UVM_INFO uvm_tb.sv(1327) @ 900000: uvm_test_top.env.sb [SB]   Seq  err: 0
UVM_INFO uvm_tb.sv(1328) @ 900000: uvm_test_top.env.sb [SB]   Sym  err: 50
UVM_ERROR uvm_tb.sv(1332) @ 900000: uvm_test_top.env.sb [SB]   *** 50 FAILURES ***

========================================================
  COVERAGE
========================================================
UVM_INFO uvm_tb.sv(1647) @ 900000: uvm_test_top.env.cov [COV]   stream_phase : 100.0%
UVM_INFO uvm_tb.sv(1649) @ 900000: uvm_test_top.env.cov [COV]   pam5_sym     : 60.0%
UVM_INFO uvm_tb.sv(1651) @ 900000: uvm_test_top.env.cov [COV]   sign_reversal: 100.0%
UVM_INFO uvm_tb.sv(1653) @ 900000: uvm_test_top.env.cov [COV]   sdd_pattern  : 50.0%
UVM_INFO uvm_tb.sv(1655) @ 900000: uvm_test_top.env.cov [COV]   esd_pattern  : 50.0%
UVM_INFO uvm_tb.sv(1657) @ 900000: uvm_test_top.env.cov [COV]   phase_trans  : 100.0%
UVM_INFO uvm_tb.sv(1660) @ 900000: uvm_test_top.env.cov [COV]   txen_edges   : 100.0%
UVM_INFO uvm_tb.sv(1662) @ 900000: uvm_test_top.env.cov [COV]   din_ranges   : 50.0%
UVM_INFO uvm_tb.sv(1664) @ 900000: uvm_test_top.env.cov [COV]   din7_data    : 50.0%
UVM_INFO uvm_tb.sv(1666) @ 900000: uvm_test_top.env.cov [COV]   csr_patterns : 0.0%
UVM_INFO uvm_tb.sv(1668) @ 900000: uvm_test_top.env.cov [COV]   esd_mismatch : 100.0%
UVM_INFO uvm_tb.sv(1670) @ 900000: uvm_test_top.env.cov [COV]   pkt_length   : 40.0%
UVM_INFO uvm_tb.sv(1672) @ 900000: uvm_test_top.env.cov [COV]   b2b_trans    : 66.7%
UVM_INFO uvm_tb.sv(1674) @ 900000: uvm_test_top.env.cov [COV]   txen_x_din7  : 100.0%

  Log     : sim_pcs_smoke_test.log
  Coverage: coverage.vdb/
========================================================
  STATUS: PASSED -- pcs_smoke_test

========================================================
  RUNNING: pcs_walk1_test
========================================================

========================================================
  Test : pcs_walk1_test
  Files: DUTS26_0.sv uvm_tb.sv
========================================================
=== Compiling ===
/apps/synopsys/vcs_2023/vcs/U-2023.03-SP2-8/bin/vcs: line 3860: lsb_release: command not found

Warning-[LNX_OS_VERUN] Unsupported Linux version
  Linux version 'Red Hat Enterprise Linux release 9.6 (Plow)' is not supported
  on 'x86_64' officially, assuming linux compatibility by default. Set 
  VCS_ARCH_OVERRIDE to linux or suse32 to override.
  Please refer to release notes for information on supported platforms.

                         Chronologic VCS (TM)
      Version U-2023.03-SP2-8_Full64 -- Mon May 11 15:57:14 2026

                    Copyright (c) 1991 - 2024 Synopsys, Inc.
   This software and the associated documentation are proprietary to Synopsys,
 Inc. This software may only be used in accordance with the terms and conditions
 of a written license agreement with Synopsys, Inc. All other use, reproduction,
   or distribution of this software is strictly prohibited.  Licensed Products
     communicate with Synopsys servers for the purpose of providing software
    updates, detecting software piracy and verifying that customers are using
    Licensed Products in conformity with the applicable License Key for such
  Licensed Products. Synopsys will use information gathered in connection with
    this process to deliver software updates and pursue software pirates and
                                   infringers.

 Inclusivity & Diversity - Visit SolvNetPlus to read the "Synopsys Statement on
            Inclusivity and Diversity" (Refer to article 000036315 at
                        https://solvnetplus.synopsys.com)

The design hasn't changed and need not be recompiled. 
If you really want to, delete file simv.daidir/.vcs.timestamp and
run VCS again.

=== Compile OK ===
=== Simulating: pcs_walk1_test ===
Info: [VCS_SAVE_RESTORE_INFO] ASLR (Address Space Layout Randomization) is detected on the machine. To enable $save functionality, ASLR will be switched off and simv re-executed.
Please use '-no_save' simv switch to avoid re-execution or '-suppress=ASLR_DETECTED_INFO' to suppress this message.
Chronologic VCS simulator copyright 1991-2023
Contains Synopsys proprietary information.
Compiler version U-2023.03-SP2-8_Full64; Runtime version U-2023.03-SP2-8_Full64;  May 11 15:57 2026
UVM_INFO /home/morris/uvm-1.2/src/base/uvm_root.svh(392) @ 0: reporter [UVM/RELNOTES] 
----------------------------------------------------------------
UVM-1.2
(C) 2007-2014 Mentor Graphics Corporation
(C) 2007-2014 Cadence Design Systems, Inc.
(C) 2006-2014 Synopsys, Inc.
(C) 2011-2013 Cypress Semiconductor Corp.
(C) 2013-2014 NVIDIA Corporation
----------------------------------------------------------------

  ***********       IMPORTANT RELEASE NOTES         ************

  You are using a version of the UVM library that has been compiled
  with `UVM_NO_DEPRECATED undefined.
  See http://www.eda.org/svdb/view.php?id=3313 for more details.

  You are using a version of the UVM library that has been compiled
  with `UVM_OBJECT_DO_NOT_NEED_CONSTRUCTOR undefined.
  See http://www.eda.org/svdb/view.php?id=3770 for more details.

      (Specify +UVM_NO_RELNOTES to turn off this notice)


 VCS Coverage Metrics Release U-2023.03-SP2-8_Full64 Copyright (c) 1991-2023 by Synopsys Inc.
UVM_INFO @ 0: reporter [RNTST] Running test pcs_walk1_test...
UVM_INFO uvm_tb.sv(1948) @ 0: uvm_test_top [TEST] === WALKING-1 TEST ===
"uvm_tb.sv", 2217: pcs_tb_top.AST_NOX_A: started at 4000ps failed at 4000ps
	Offending '(!$isunknown(pcs_tb_top.dut_if.Dout[3]))'
Error: "uvm_tb.sv", 2217: pcs_tb_top.AST_NOX_A: at time 4000 ps
[ASSERT/NOX] lane A is X/Z @ 4000
"uvm_tb.sv", 2219: pcs_tb_top.AST_NOX_B: started at 4000ps failed at 4000ps
	Offending '(!$isunknown(pcs_tb_top.dut_if.Dout[2]))'
Error: "uvm_tb.sv", 2219: pcs_tb_top.AST_NOX_B: at time 4000 ps
[ASSERT/NOX] lane B is X/Z @ 4000
"uvm_tb.sv", 2221: pcs_tb_top.AST_NOX_C: started at 4000ps failed at 4000ps
	Offending '(!$isunknown(pcs_tb_top.dut_if.Dout[1]))'
Error: "uvm_tb.sv", 2221: pcs_tb_top.AST_NOX_C: at time 4000 ps
[ASSERT/NOX] lane C is X/Z @ 4000
"uvm_tb.sv", 2223: pcs_tb_top.AST_NOX_D: started at 4000ps failed at 4000ps
	Offending '(!$isunknown(pcs_tb_top.dut_if.Dout[0]))'
Error: "uvm_tb.sv", 2223: pcs_tb_top.AST_NOX_D: at time 4000 ps
[ASSERT/NOX] lane D is X/Z @ 4000
UVM_ERROR uvm_tb.sv(1312) @ 68000: uvm_test_top.env.sb [SB/SYM] MISMATCH exp=db0 act=036 ph=PH_IDLE cycle=2
UVM_ERROR uvm_tb.sv(1312) @ 76000: uvm_test_top.env.sb [SB/SYM] MISMATCH exp=006 act=180 ph=PH_IDLE cycle=3
UVM_ERROR uvm_tb.sv(1312) @ 84000: uvm_test_top.env.sb [SB/SYM] MISMATCH exp=1b0 act=036 ph=PH_IDLE cycle=4
UVM_ERROR uvm_tb.sv(1312) @ 92000: uvm_test_top.env.sb [SB/SYM] MISMATCH exp=006 act=000 ph=PH_IDLE cycle=5
UVM_ERROR uvm_tb.sv(1312) @ 100000: uvm_test_top.env.sb [SB/SYM] MISMATCH exp=0b0 act=0b6 ph=PH_IDLE cycle=6
UVM_ERROR uvm_tb.sv(1312) @ 108000: uvm_test_top.env.sb [SB/SYM] MISMATCH exp=006 act=180 ph=PH_SDD cycle=7
"uvm_tb.sv", 2275: pcs_tb_top.AST_SDD1_NONZERO: started at 108000ps failed at 108000ps
	Offending '((((pcs_tb_top.dut_if.Dout[3] inside {3'b010, 3'b110}) && (pcs_tb_top.dut_if.Dout[2] inside {3'b010, 3'b110})) && (pcs_tb_top.dut_if.Dout[1] inside {3'b010, 3'b110})) && (pcs_tb_top.dut_if.Dout[0] inside {3'b010, 3'b110}))'
Error: "uvm_tb.sv", 2275: pcs_tb_top.AST_SDD1_NONZERO: at time 108000 ps
[ASSERT/SDD] SDD1: lane(s) not ±2 at TX_EN rise: got 180 @ 108000
"uvm_tb.sv", 2355: pcs_tb_top.AST_SDD_EXACTLY2: started at 108000ps failed at 124000ps
	Offending '(!((((pcs_tb_top.dut_if.Dout[3] inside {3'b010, 3'b110}) && (pcs_tb_top.dut_if.Dout[2] inside {3'b010, 3'b110})) && (pcs_tb_top.dut_if.Dout[1] inside {3'b010, 3'b110})) && (pcs_tb_top.dut_if.Dout[0] inside {3'b010, 3'b110})))'
Error: "uvm_tb.sv", 2355: pcs_tb_top.AST_SDD_EXACTLY2: at time 124000 ps
[ASSERT/ORDER] All-±2 output persists after SDD2 (stuck in SDD?) @ 124000
UVM_ERROR uvm_tb.sv(1312) @ 132000: uvm_test_top.env.sb [SB/SYM] MISMATCH exp=030 act=036 ph=PH_CSR cycle=10
UVM_ERROR uvm_tb.sv(1312) @ 156000: uvm_test_top.env.sb [SB/SYM] MISMATCH exp=db6 act=4b2 ph=PH_ESD cycle=13
"uvm_tb.sv", 2372: pcs_tb_top.AST_ESD_EXACTLY2: started at 132000ps failed at 164000ps
	Offending '(!((((pcs_tb_top.dut_if.Dout[3] inside {3'b010, 3'b110}) && (pcs_tb_top.dut_if.Dout[2] inside {3'b010, 3'b110})) && (pcs_tb_top.dut_if.Dout[1] inside {3'b010, 3'b110})) && (pcs_tb_top.dut_if.Dout[0] inside {3'b010, 3'b110})))'
Error: "uvm_tb.sv", 2372: pcs_tb_top.AST_ESD_EXACTLY2: at time 164000 ps
[ASSERT/ORDER] All-±2 output persists after ESD2 (stuck in ESD?) @ 164000
UVM_ERROR uvm_tb.sv(1312) @ 172000: uvm_test_top.env.sb [SB/SYM] MISMATCH exp=402 act=180 ph=PH_SDD cycle=15
"uvm_tb.sv", 2275: pcs_tb_top.AST_SDD1_NONZERO: started at 172000ps failed at 172000ps
	Offending '((((pcs_tb_top.dut_if.Dout[3] inside {3'b010, 3'b110}) && (pcs_tb_top.dut_if.Dout[2] inside {3'b010, 3'b110})) && (pcs_tb_top.dut_if.Dout[1] inside {3'b010, 3'b110})) && (pcs_tb_top.dut_if.Dout[0] inside {3'b010, 3'b110}))'
Error: "uvm_tb.sv", 2275: pcs_tb_top.AST_SDD1_NONZERO: at time 172000 ps
[ASSERT/SDD] SDD1: lane(s) not ±2 at TX_EN rise: got 180 @ 172000
"uvm_tb.sv", 2355: pcs_tb_top.AST_SDD_EXACTLY2: started at 172000ps failed at 188000ps
	Offending '(!((((pcs_tb_top.dut_if.Dout[3] inside {3'b010, 3'b110}) && (pcs_tb_top.dut_if.Dout[2] inside {3'b010, 3'b110})) && (pcs_tb_top.dut_if.Dout[1] inside {3'b010, 3'b110})) && (pcs_tb_top.dut_if.Dout[0] inside {3'b010, 3'b110})))'
Error: "uvm_tb.sv", 2355: pcs_tb_top.AST_SDD_EXACTLY2: at time 188000 ps
[ASSERT/ORDER] All-±2 output persists after SDD2 (stuck in SDD?) @ 188000
UVM_ERROR uvm_tb.sv(1312) @ 196000: uvm_test_top.env.sb [SB/SYM] MISMATCH exp=000 act=036 ph=PH_CSR cycle=18
UVM_ERROR uvm_tb.sv(1312) @ 220000: uvm_test_top.env.sb [SB/SYM] MISMATCH exp=db6 act=496 ph=PH_ESD cycle=21
"uvm_tb.sv", 2372: pcs_tb_top.AST_ESD_EXACTLY2: started at 196000ps failed at 228000ps
	Offending '(!((((pcs_tb_top.dut_if.Dout[3] inside {3'b010, 3'b110}) && (pcs_tb_top.dut_if.Dout[2] inside {3'b010, 3'b110})) && (pcs_tb_top.dut_if.Dout[1] inside {3'b010, 3'b110})) && (pcs_tb_top.dut_if.Dout[0] inside {3'b010, 3'b110})))'
Error: "uvm_tb.sv", 2372: pcs_tb_top.AST_ESD_EXACTLY2: at time 228000 ps
[ASSERT/ORDER] All-±2 output persists after ESD2 (stuck in ESD?) @ 228000
UVM_ERROR uvm_tb.sv(1312) @ 236000: uvm_test_top.env.sb [SB/SYM] MISMATCH exp=002 act=000 ph=PH_SDD cycle=23
"uvm_tb.sv", 2275: pcs_tb_top.AST_SDD1_NONZERO: started at 236000ps failed at 236000ps
	Offending '((((pcs_tb_top.dut_if.Dout[3] inside {3'b010, 3'b110}) && (pcs_tb_top.dut_if.Dout[2] inside {3'b010, 3'b110})) && (pcs_tb_top.dut_if.Dout[1] inside {3'b010, 3'b110})) && (pcs_tb_top.dut_if.Dout[0] inside {3'b010, 3'b110}))'
Error: "uvm_tb.sv", 2275: pcs_tb_top.AST_SDD1_NONZERO: at time 236000 ps
[ASSERT/SDD] SDD1: lane(s) not ±2 at TX_EN rise: got 000 @ 236000
"uvm_tb.sv", 2355: pcs_tb_top.AST_SDD_EXACTLY2: started at 236000ps failed at 252000ps
	Offending '(!((((pcs_tb_top.dut_if.Dout[3] inside {3'b010, 3'b110}) && (pcs_tb_top.dut_if.Dout[2] inside {3'b010, 3'b110})) && (pcs_tb_top.dut_if.Dout[1] inside {3'b010, 3'b110})) && (pcs_tb_top.dut_if.Dout[0] inside {3'b010, 3'b110})))'
Error: "uvm_tb.sv", 2355: pcs_tb_top.AST_SDD_EXACTLY2: at time 252000 ps
[ASSERT/ORDER] All-±2 output persists after SDD2 (stuck in SDD?) @ 252000
UVM_ERROR uvm_tb.sv(1312) @ 260000: uvm_test_top.env.sb [SB/SYM] MISMATCH exp=192 act=012 ph=PH_CSR cycle=26
UVM_ERROR uvm_tb.sv(1312) @ 284000: uvm_test_top.env.sb [SB/SYM] MISMATCH exp=db6 act=c96 ph=PH_ESD cycle=29
"uvm_tb.sv", 2372: pcs_tb_top.AST_ESD_EXACTLY2: started at 260000ps failed at 292000ps
	Offending '(!((((pcs_tb_top.dut_if.Dout[3] inside {3'b010, 3'b110}) && (pcs_tb_top.dut_if.Dout[2] inside {3'b010, 3'b110})) && (pcs_tb_top.dut_if.Dout[1] inside {3'b010, 3'b110})) && (pcs_tb_top.dut_if.Dout[0] inside {3'b010, 3'b110})))'
Error: "uvm_tb.sv", 2372: pcs_tb_top.AST_ESD_EXACTLY2: at time 292000 ps
[ASSERT/ORDER] All-±2 output persists after ESD2 (stuck in ESD?) @ 292000
UVM_ERROR uvm_tb.sv(1312) @ 300000: uvm_test_top.env.sb [SB/SYM] MISMATCH exp=006 act=010 ph=PH_SDD cycle=31
"uvm_tb.sv", 2275: pcs_tb_top.AST_SDD1_NONZERO: started at 300000ps failed at 300000ps
	Offending '((((pcs_tb_top.dut_if.Dout[3] inside {3'b010, 3'b110}) && (pcs_tb_top.dut_if.Dout[2] inside {3'b010, 3'b110})) && (pcs_tb_top.dut_if.Dout[1] inside {3'b010, 3'b110})) && (pcs_tb_top.dut_if.Dout[0] inside {3'b010, 3'b110}))'
Error: "uvm_tb.sv", 2275: pcs_tb_top.AST_SDD1_NONZERO: at time 300000 ps
[ASSERT/SDD] SDD1: lane(s) not ±2 at TX_EN rise: got 010 @ 300000
"uvm_tb.sv", 2355: pcs_tb_top.AST_SDD_EXACTLY2: started at 300000ps failed at 316000ps
	Offending '(!((((pcs_tb_top.dut_if.Dout[3] inside {3'b010, 3'b110}) && (pcs_tb_top.dut_if.Dout[2] inside {3'b010, 3'b110})) && (pcs_tb_top.dut_if.Dout[1] inside {3'b010, 3'b110})) && (pcs_tb_top.dut_if.Dout[0] inside {3'b010, 3'b110})))'
Error: "uvm_tb.sv", 2355: pcs_tb_top.AST_SDD_EXACTLY2: at time 316000 ps
[ASSERT/ORDER] All-±2 output persists after SDD2 (stuck in SDD?) @ 316000
UVM_ERROR uvm_tb.sv(1312) @ 324000: uvm_test_top.env.sb [SB/SYM] MISMATCH exp=182 act=032 ph=PH_CSR cycle=34
UVM_ERROR uvm_tb.sv(1312) @ 348000: uvm_test_top.env.sb [SB/SYM] MISMATCH exp=db6 act=592 ph=PH_ESD cycle=37
"uvm_tb.sv", 2372: pcs_tb_top.AST_ESD_EXACTLY2: started at 324000ps failed at 356000ps
	Offending '(!((((pcs_tb_top.dut_if.Dout[3] inside {3'b010, 3'b110}) && (pcs_tb_top.dut_if.Dout[2] inside {3'b010, 3'b110})) && (pcs_tb_top.dut_if.Dout[1] inside {3'b010, 3'b110})) && (pcs_tb_top.dut_if.Dout[0] inside {3'b010, 3'b110})))'
Error: "uvm_tb.sv", 2372: pcs_tb_top.AST_ESD_EXACTLY2: at time 356000 ps
[ASSERT/ORDER] All-±2 output persists after ESD2 (stuck in ESD?) @ 356000
"uvm_tb.sv", 2275: pcs_tb_top.AST_SDD1_NONZERO: started at 364000ps failed at 364000ps
	Offending '((((pcs_tb_top.dut_if.Dout[3] inside {3'b010, 3'b110}) && (pcs_tb_top.dut_if.Dout[2] inside {3'b010, 3'b110})) && (pcs_tb_top.dut_if.Dout[1] inside {3'b010, 3'b110})) && (pcs_tb_top.dut_if.Dout[0] inside {3'b010, 3'b110}))'
Error: "uvm_tb.sv", 2275: pcs_tb_top.AST_SDD1_NONZERO: at time 364000 ps
[ASSERT/SDD] SDD1: lane(s) not ±2 at TX_EN rise: got 186 @ 364000
"uvm_tb.sv", 2355: pcs_tb_top.AST_SDD_EXACTLY2: started at 364000ps failed at 380000ps
	Offending '(!((((pcs_tb_top.dut_if.Dout[3] inside {3'b010, 3'b110}) && (pcs_tb_top.dut_if.Dout[2] inside {3'b010, 3'b110})) && (pcs_tb_top.dut_if.Dout[1] inside {3'b010, 3'b110})) && (pcs_tb_top.dut_if.Dout[0] inside {3'b010, 3'b110})))'
Error: "uvm_tb.sv", 2355: pcs_tb_top.AST_SDD_EXACTLY2: at time 380000 ps
[ASSERT/ORDER] All-±2 output persists after SDD2 (stuck in SDD?) @ 380000
UVM_ERROR uvm_tb.sv(1312) @ 388000: uvm_test_top.env.sb [SB/SYM] MISMATCH exp=192 act=002 ph=PH_CSR cycle=42
UVM_ERROR uvm_tb.sv(1312) @ 412000: uvm_test_top.env.sb [SB/SYM] MISMATCH exp=db6 act=5b6 ph=PH_ESD cycle=45
"uvm_tb.sv", 2372: pcs_tb_top.AST_ESD_EXACTLY2: started at 388000ps failed at 420000ps
	Offending '(!((((pcs_tb_top.dut_if.Dout[3] inside {3'b010, 3'b110}) && (pcs_tb_top.dut_if.Dout[2] inside {3'b010, 3'b110})) && (pcs_tb_top.dut_if.Dout[1] inside {3'b010, 3'b110})) && (pcs_tb_top.dut_if.Dout[0] inside {3'b010, 3'b110})))'
Error: "uvm_tb.sv", 2372: pcs_tb_top.AST_ESD_EXACTLY2: at time 420000 ps
[ASSERT/ORDER] All-±2 output persists after ESD2 (stuck in ESD?) @ 420000
UVM_ERROR uvm_tb.sv(1312) @ 428000: uvm_test_top.env.sb [SB/SYM] MISMATCH exp=006 act=096 ph=PH_SDD cycle=47
"uvm_tb.sv", 2275: pcs_tb_top.AST_SDD1_NONZERO: started at 428000ps failed at 428000ps
	Offending '((((pcs_tb_top.dut_if.Dout[3] inside {3'b010, 3'b110}) && (pcs_tb_top.dut_if.Dout[2] inside {3'b010, 3'b110})) && (pcs_tb_top.dut_if.Dout[1] inside {3'b010, 3'b110})) && (pcs_tb_top.dut_if.Dout[0] inside {3'b010, 3'b110}))'
Error: "uvm_tb.sv", 2275: pcs_tb_top.AST_SDD1_NONZERO: at time 428000 ps
[ASSERT/SDD] SDD1: lane(s) not ±2 at TX_EN rise: got 096 @ 428000
"uvm_tb.sv", 2355: pcs_tb_top.AST_SDD_EXACTLY2: started at 428000ps failed at 444000ps
	Offending '(!((((pcs_tb_top.dut_if.Dout[3] inside {3'b010, 3'b110}) && (pcs_tb_top.dut_if.Dout[2] inside {3'b010, 3'b110})) && (pcs_tb_top.dut_if.Dout[1] inside {3'b010, 3'b110})) && (pcs_tb_top.dut_if.Dout[0] inside {3'b010, 3'b110})))'
Error: "uvm_tb.sv", 2355: pcs_tb_top.AST_SDD_EXACTLY2: at time 444000 ps
[ASSERT/ORDER] All-±2 output persists after SDD2 (stuck in SDD?) @ 444000
UVM_ERROR uvm_tb.sv(1312) @ 452000: uvm_test_top.env.sb [SB/SYM] MISMATCH exp=0b2 act=0b0 ph=PH_CSR cycle=50
UVM_ERROR uvm_tb.sv(1312) @ 476000: uvm_test_top.env.sb [SB/SYM] MISMATCH exp=db6 act=496 ph=PH_ESD cycle=53
"uvm_tb.sv", 2372: pcs_tb_top.AST_ESD_EXACTLY2: started at 452000ps failed at 484000ps
	Offending '(!((((pcs_tb_top.dut_if.Dout[3] inside {3'b010, 3'b110}) && (pcs_tb_top.dut_if.Dout[2] inside {3'b010, 3'b110})) && (pcs_tb_top.dut_if.Dout[1] inside {3'b010, 3'b110})) && (pcs_tb_top.dut_if.Dout[0] inside {3'b010, 3'b110})))'
Error: "uvm_tb.sv", 2372: pcs_tb_top.AST_ESD_EXACTLY2: at time 484000 ps
[ASSERT/ORDER] All-±2 output persists after ESD2 (stuck in ESD?) @ 484000
UVM_ERROR uvm_tb.sv(1312) @ 492000: uvm_test_top.env.sb [SB/SYM] MISMATCH exp=000 act=082 ph=PH_SDD cycle=55
"uvm_tb.sv", 2275: pcs_tb_top.AST_SDD1_NONZERO: started at 492000ps failed at 492000ps
	Offending '((((pcs_tb_top.dut_if.Dout[3] inside {3'b010, 3'b110}) && (pcs_tb_top.dut_if.Dout[2] inside {3'b010, 3'b110})) && (pcs_tb_top.dut_if.Dout[1] inside {3'b010, 3'b110})) && (pcs_tb_top.dut_if.Dout[0] inside {3'b010, 3'b110}))'
Error: "uvm_tb.sv", 2275: pcs_tb_top.AST_SDD1_NONZERO: at time 492000 ps
[ASSERT/SDD] SDD1: lane(s) not ±2 at TX_EN rise: got 082 @ 492000
"uvm_tb.sv", 2355: pcs_tb_top.AST_SDD_EXACTLY2: started at 492000ps failed at 508000ps
	Offending '(!((((pcs_tb_top.dut_if.Dout[3] inside {3'b010, 3'b110}) && (pcs_tb_top.dut_if.Dout[2] inside {3'b010, 3'b110})) && (pcs_tb_top.dut_if.Dout[1] inside {3'b010, 3'b110})) && (pcs_tb_top.dut_if.Dout[0] inside {3'b010, 3'b110})))'
Error: "uvm_tb.sv", 2355: pcs_tb_top.AST_SDD_EXACTLY2: at time 508000 ps
[ASSERT/ORDER] All-±2 output persists after SDD2 (stuck in SDD?) @ 508000
UVM_ERROR uvm_tb.sv(1312) @ 516000: uvm_test_top.env.sb [SB/SYM] MISMATCH exp=090 act=086 ph=PH_CSR cycle=58
UVM_ERROR uvm_tb.sv(1312) @ 540000: uvm_test_top.env.sb [SB/SYM] MISMATCH exp=db6 act=4b6 ph=PH_ESD cycle=61
"uvm_tb.sv", 2372: pcs_tb_top.AST_ESD_EXACTLY2: started at 516000ps failed at 548000ps
	Offending '(!((((pcs_tb_top.dut_if.Dout[3] inside {3'b010, 3'b110}) && (pcs_tb_top.dut_if.Dout[2] inside {3'b010, 3'b110})) && (pcs_tb_top.dut_if.Dout[1] inside {3'b010, 3'b110})) && (pcs_tb_top.dut_if.Dout[0] inside {3'b010, 3'b110})))'
Error: "uvm_tb.sv", 2372: pcs_tb_top.AST_ESD_EXACTLY2: at time 548000 ps
[ASSERT/ORDER] All-±2 output persists after ESD2 (stuck in ESD?) @ 548000
"uvm_tb.sv", 2275: pcs_tb_top.AST_SDD1_NONZERO: started at 556000ps failed at 556000ps
	Offending '((((pcs_tb_top.dut_if.Dout[3] inside {3'b010, 3'b110}) && (pcs_tb_top.dut_if.Dout[2] inside {3'b010, 3'b110})) && (pcs_tb_top.dut_if.Dout[1] inside {3'b010, 3'b110})) && (pcs_tb_top.dut_if.Dout[0] inside {3'b010, 3'b110}))'
Error: "uvm_tb.sv", 2275: pcs_tb_top.AST_SDD1_NONZERO: at time 556000 ps
[ASSERT/SDD] SDD1: lane(s) not ±2 at TX_EN rise: got 182 @ 556000
"uvm_tb.sv", 2355: pcs_tb_top.AST_SDD_EXACTLY2: started at 556000ps failed at 572000ps
	Offending '(!((((pcs_tb_top.dut_if.Dout[3] inside {3'b010, 3'b110}) && (pcs_tb_top.dut_if.Dout[2] inside {3'b010, 3'b110})) && (pcs_tb_top.dut_if.Dout[1] inside {3'b010, 3'b110})) && (pcs_tb_top.dut_if.Dout[0] inside {3'b010, 3'b110})))'
Error: "uvm_tb.sv", 2355: pcs_tb_top.AST_SDD_EXACTLY2: at time 572000 ps
[ASSERT/ORDER] All-±2 output persists after SDD2 (stuck in SDD?) @ 572000
UVM_ERROR uvm_tb.sv(1312) @ 580000: uvm_test_top.env.sb [SB/SYM] MISMATCH exp=1b0 act=030 ph=PH_CSR cycle=66
UVM_ERROR uvm_tb.sv(1312) @ 604000: uvm_test_top.env.sb [SB/SYM] MISMATCH exp=db6 act=d96 ph=PH_ESD cycle=69
"uvm_tb.sv", 2372: pcs_tb_top.AST_ESD_EXACTLY2: started at 580000ps failed at 612000ps
	Offending '(!((((pcs_tb_top.dut_if.Dout[3] inside {3'b010, 3'b110}) && (pcs_tb_top.dut_if.Dout[2] inside {3'b010, 3'b110})) && (pcs_tb_top.dut_if.Dout[1] inside {3'b010, 3'b110})) && (pcs_tb_top.dut_if.Dout[0] inside {3'b010, 3'b110})))'
Error: "uvm_tb.sv", 2372: pcs_tb_top.AST_ESD_EXACTLY2: at time 612000 ps
[ASSERT/ORDER] All-±2 output persists after ESD2 (stuck in ESD?) @ 612000
UVM_ERROR uvm_tb.sv(1312) @ 620000: uvm_test_top.env.sb [SB/SYM] MISMATCH exp=1b0 act=000 ph=PH_IDLE cycle=71
UVM_ERROR uvm_tb.sv(1312) @ 628000: uvm_test_top.env.sb [SB/SYM] MISMATCH exp=090 act=096 ph=PH_IDLE cycle=72
UVM_ERROR uvm_tb.sv(1312) @ 636000: uvm_test_top.env.sb [SB/SYM] MISMATCH exp=002 act=1b2 ph=PH_IDLE cycle=73
UVM_ERROR uvm_tb.sv(1312) @ 644000: uvm_test_top.env.sb [SB/SYM] MISMATCH exp=080 act=000 ph=PH_IDLE cycle=74
UVM_ERROR uvm_tb.sv(1312) @ 652000: uvm_test_top.env.sb [SB/SYM] MISMATCH exp=032 act=002 ph=PH_IDLE cycle=75
UVM_ERROR uvm_tb.sv(1312) @ 660000: uvm_test_top.env.sb [SB/SYM] MISMATCH exp=032 act=1b0 ph=PH_IDLE cycle=76
UVM_ERROR uvm_tb.sv(1312) @ 668000: uvm_test_top.env.sb [SB/SYM] MISMATCH exp=080 act=0b2 ph=PH_IDLE cycle=77
UVM_ERROR uvm_tb.sv(1312) @ 676000: uvm_test_top.env.sb [SB/SYM] MISMATCH exp=1b6 act=000 ph=PH_IDLE cycle=78
UVM_ERROR uvm_tb.sv(1312) @ 684000: uvm_test_top.env.sb [SB/SYM] MISMATCH exp=000 act=180 ph=PH_IDLE cycle=79
UVM_ERROR uvm_tb.sv(1312) @ 692000: uvm_test_top.env.sb [SB/SYM] MISMATCH exp=cb2 act=032 ph=PH_IDLE cycle=80
UVM_ERROR uvm_tb.sv(1312) @ 700000: uvm_test_top.env.sb [SB/SYM] MISMATCH exp=400 act=086 ph=PH_IDLE cycle=81
UVM_ERROR uvm_tb.sv(1312) @ 708000: uvm_test_top.env.sb [SB/SYM] MISMATCH exp=196 act=010 ph=PH_IDLE cycle=82
UVM_ERROR uvm_tb.sv(1312) @ 716000: uvm_test_top.env.sb [SB/SYM] MISMATCH exp=000 act=030 ph=PH_IDLE cycle=83
UVM_ERROR uvm_tb.sv(1312) @ 724000: uvm_test_top.env.sb [SB/SYM] MISMATCH exp=000 act=086 ph=PH_IDLE cycle=84
UVM_ERROR uvm_tb.sv(1312) @ 732000: uvm_test_top.env.sb [SB/SYM] MISMATCH exp=092 act=082 ph=PH_IDLE cycle=85
UVM_ERROR uvm_tb.sv(1312) @ 740000: uvm_test_top.env.sb [SB/SYM] MISMATCH exp=186 act=030 ph=PH_IDLE cycle=86
UVM_ERROR uvm_tb.sv(1312) @ 748000: uvm_test_top.env.sb [SB/SYM] MISMATCH exp=c10 act=196 ph=PH_IDLE cycle=87
UVM_ERROR uvm_tb.sv(1312) @ 756000: uvm_test_top.env.sb [SB/SYM] MISMATCH exp=030 act=000 ph=PH_IDLE cycle=88
UVM_ERROR uvm_tb.sv(1312) @ 764000: uvm_test_top.env.sb [SB/SYM] MISMATCH exp=186 act=006 ph=PH_IDLE cycle=89
UVM_INFO /home/morris/uvm-1.2/src/base/uvm_objection.svh(1270) @ 772000: reporter [TEST_DONE] 'run' phase is ready to proceed to the 'extract' phase
UVM_INFO uvm_tb.sv(1645) @ 772000: uvm_test_top.env.cov [COV] ======= COVERAGE =======
UVM_INFO uvm_tb.sv(1647) @ 772000: uvm_test_top.env.cov [COV]   stream_phase : 100.0%
UVM_INFO uvm_tb.sv(1649) @ 772000: uvm_test_top.env.cov [COV]   pam5_sym     : 60.0%
UVM_INFO uvm_tb.sv(1651) @ 772000: uvm_test_top.env.cov [COV]   sign_reversal: 100.0%
UVM_INFO uvm_tb.sv(1653) @ 772000: uvm_test_top.env.cov [COV]   sdd_pattern  : 50.0%
UVM_INFO uvm_tb.sv(1655) @ 772000: uvm_test_top.env.cov [COV]   esd_pattern  : 50.0%
UVM_INFO uvm_tb.sv(1657) @ 772000: uvm_test_top.env.cov [COV]   phase_trans  : 100.0%
UVM_INFO uvm_tb.sv(1660) @ 772000: uvm_test_top.env.cov [COV]   txen_edges   : 100.0%
UVM_INFO uvm_tb.sv(1662) @ 772000: uvm_test_top.env.cov [COV]   din_ranges   : 50.0%
UVM_INFO uvm_tb.sv(1664) @ 772000: uvm_test_top.env.cov [COV]   din7_data    : 50.0%
UVM_INFO uvm_tb.sv(1666) @ 772000: uvm_test_top.env.cov [COV]   csr_patterns : 0.0%
UVM_INFO uvm_tb.sv(1668) @ 772000: uvm_test_top.env.cov [COV]   esd_mismatch : 100.0%
UVM_INFO uvm_tb.sv(1670) @ 772000: uvm_test_top.env.cov [COV]   pkt_length   : 40.0%
UVM_INFO uvm_tb.sv(1672) @ 772000: uvm_test_top.env.cov [COV]   b2b_trans    : 66.7%
UVM_INFO uvm_tb.sv(1674) @ 772000: uvm_test_top.env.cov [COV]   txen_x_din7  : 100.0%
UVM_INFO uvm_tb.sv(1676) @ 772000: uvm_test_top.env.cov [COV] ========================
UVM_INFO uvm_tb.sv(1322) @ 772000: uvm_test_top.env.sb [SB] ============ SCOREBOARD ============
UVM_INFO uvm_tb.sv(1323) @ 772000: uvm_test_top.env.sb [SB]   Total   : 89
UVM_INFO uvm_tb.sv(1324) @ 772000: uvm_test_top.env.sb [SB]   Passed  : 123
UVM_INFO uvm_tb.sv(1325) @ 772000: uvm_test_top.env.sb [SB]   Failed  : 46
UVM_INFO uvm_tb.sv(1326) @ 772000: uvm_test_top.env.sb [SB]   PAM5 err: 0
UVM_INFO uvm_tb.sv(1327) @ 772000: uvm_test_top.env.sb [SB]   Seq  err: 0
UVM_INFO uvm_tb.sv(1328) @ 772000: uvm_test_top.env.sb [SB]   Sym  err: 46
UVM_ERROR uvm_tb.sv(1332) @ 772000: uvm_test_top.env.sb [SB]   *** 46 FAILURES ***
UVM_INFO uvm_tb.sv(1333) @ 772000: uvm_test_top.env.sb [SB] ====================================
UVM_INFO /home/morris/uvm-1.2/src/base/uvm_report_server.svh(847) @ 772000: reporter [UVM/REPORT/SERVER] 
--- UVM Report Summary ---

** Report counts by severity
UVM_INFO :   28
UVM_WARNING :    0
UVM_ERROR :   47
UVM_FATAL :    0
** Report counts by id
[COV]    16
[RNTST]     1
[SB]     9
[SB/SYM]    46
[TEST]     1
[TEST_DONE]     1
[UVM/RELNOTES]     1

$finish called from file "/home/morris/uvm-1.2/src/base/uvm_root.svh", line 517.
$finish at simulation time               772000

---------------------------------------------------------------------------
VCS Coverage Metrics: during simulation line, cond, FSM, branch, tgl was monitored
---------------------------------------------------------------------------

 Coverage status: End of All Coverages ...

           V C S   S i m u l a t i o n   R e p o r t 
Time: 772000 ps
CPU Time:      0.480 seconds;       Data structure size:   0.3Mb
Mon May 11 15:57:14 2026

========================================================
  SCOREBOARD
========================================================
UVM_INFO uvm_tb.sv(1323) @ 772000: uvm_test_top.env.sb [SB]   Total   : 89
UVM_INFO uvm_tb.sv(1324) @ 772000: uvm_test_top.env.sb [SB]   Passed  : 123
UVM_INFO uvm_tb.sv(1325) @ 772000: uvm_test_top.env.sb [SB]   Failed  : 46
UVM_INFO uvm_tb.sv(1326) @ 772000: uvm_test_top.env.sb [SB]   PAM5 err: 0
UVM_INFO uvm_tb.sv(1327) @ 772000: uvm_test_top.env.sb [SB]   Seq  err: 0
UVM_INFO uvm_tb.sv(1328) @ 772000: uvm_test_top.env.sb [SB]   Sym  err: 46
UVM_ERROR uvm_tb.sv(1332) @ 772000: uvm_test_top.env.sb [SB]   *** 46 FAILURES ***

========================================================
  COVERAGE
========================================================
UVM_INFO uvm_tb.sv(1647) @ 772000: uvm_test_top.env.cov [COV]   stream_phase : 100.0%
UVM_INFO uvm_tb.sv(1649) @ 772000: uvm_test_top.env.cov [COV]   pam5_sym     : 60.0%
UVM_INFO uvm_tb.sv(1651) @ 772000: uvm_test_top.env.cov [COV]   sign_reversal: 100.0%
UVM_INFO uvm_tb.sv(1653) @ 772000: uvm_test_top.env.cov [COV]   sdd_pattern  : 50.0%
UVM_INFO uvm_tb.sv(1655) @ 772000: uvm_test_top.env.cov [COV]   esd_pattern  : 50.0%
UVM_INFO uvm_tb.sv(1657) @ 772000: uvm_test_top.env.cov [COV]   phase_trans  : 100.0%
UVM_INFO uvm_tb.sv(1660) @ 772000: uvm_test_top.env.cov [COV]   txen_edges   : 100.0%
UVM_INFO uvm_tb.sv(1662) @ 772000: uvm_test_top.env.cov [COV]   din_ranges   : 50.0%
UVM_INFO uvm_tb.sv(1664) @ 772000: uvm_test_top.env.cov [COV]   din7_data    : 50.0%
UVM_INFO uvm_tb.sv(1666) @ 772000: uvm_test_top.env.cov [COV]   csr_patterns : 0.0%
UVM_INFO uvm_tb.sv(1668) @ 772000: uvm_test_top.env.cov [COV]   esd_mismatch : 100.0%
UVM_INFO uvm_tb.sv(1670) @ 772000: uvm_test_top.env.cov [COV]   pkt_length   : 40.0%
UVM_INFO uvm_tb.sv(1672) @ 772000: uvm_test_top.env.cov [COV]   b2b_trans    : 66.7%
UVM_INFO uvm_tb.sv(1674) @ 772000: uvm_test_top.env.cov [COV]   txen_x_din7  : 100.0%

  Log     : sim_pcs_walk1_test.log
  Coverage: coverage.vdb/
========================================================
  STATUS: PASSED -- pcs_walk1_test

========================================================
  RUNNING: pcs_zeros_test
========================================================

========================================================
  Test : pcs_zeros_test
  Files: DUTS26_0.sv uvm_tb.sv
========================================================
=== Compiling ===
/apps/synopsys/vcs_2023/vcs/U-2023.03-SP2-8/bin/vcs: line 3860: lsb_release: command not found

Warning-[LNX_OS_VERUN] Unsupported Linux version
  Linux version 'Red Hat Enterprise Linux release 9.6 (Plow)' is not supported
  on 'x86_64' officially, assuming linux compatibility by default. Set 
  VCS_ARCH_OVERRIDE to linux or suse32 to override.
  Please refer to release notes for information on supported platforms.

                         Chronologic VCS (TM)
      Version U-2023.03-SP2-8_Full64 -- Mon May 11 15:57:15 2026

                    Copyright (c) 1991 - 2024 Synopsys, Inc.
   This software and the associated documentation are proprietary to Synopsys,
 Inc. This software may only be used in accordance with the terms and conditions
 of a written license agreement with Synopsys, Inc. All other use, reproduction,
   or distribution of this software is strictly prohibited.  Licensed Products
     communicate with Synopsys servers for the purpose of providing software
    updates, detecting software piracy and verifying that customers are using
    Licensed Products in conformity with the applicable License Key for such
  Licensed Products. Synopsys will use information gathered in connection with
    this process to deliver software updates and pursue software pirates and
                                   infringers.

 Inclusivity & Diversity - Visit SolvNetPlus to read the "Synopsys Statement on
            Inclusivity and Diversity" (Refer to article 000036315 at
                        https://solvnetplus.synopsys.com)

The design hasn't changed and need not be recompiled. 
If you really want to, delete file simv.daidir/.vcs.timestamp and
run VCS again.

=== Compile OK ===
=== Simulating: pcs_zeros_test ===
Info: [VCS_SAVE_RESTORE_INFO] ASLR (Address Space Layout Randomization) is detected on the machine. To enable $save functionality, ASLR will be switched off and simv re-executed.
Please use '-no_save' simv switch to avoid re-execution or '-suppress=ASLR_DETECTED_INFO' to suppress this message.
Chronologic VCS simulator copyright 1991-2023
Contains Synopsys proprietary information.
Compiler version U-2023.03-SP2-8_Full64; Runtime version U-2023.03-SP2-8_Full64;  May 11 15:57 2026
UVM_INFO /home/morris/uvm-1.2/src/base/uvm_root.svh(392) @ 0: reporter [UVM/RELNOTES] 
----------------------------------------------------------------
UVM-1.2
(C) 2007-2014 Mentor Graphics Corporation
(C) 2007-2014 Cadence Design Systems, Inc.
(C) 2006-2014 Synopsys, Inc.
(C) 2011-2013 Cypress Semiconductor Corp.
(C) 2013-2014 NVIDIA Corporation
----------------------------------------------------------------

  ***********       IMPORTANT RELEASE NOTES         ************

  You are using a version of the UVM library that has been compiled
  with `UVM_NO_DEPRECATED undefined.
  See http://www.eda.org/svdb/view.php?id=3313 for more details.

  You are using a version of the UVM library that has been compiled
  with `UVM_OBJECT_DO_NOT_NEED_CONSTRUCTOR undefined.
  See http://www.eda.org/svdb/view.php?id=3770 for more details.

      (Specify +UVM_NO_RELNOTES to turn off this notice)


 VCS Coverage Metrics Release U-2023.03-SP2-8_Full64 Copyright (c) 1991-2023 by Synopsys Inc.
UVM_INFO @ 0: reporter [RNTST] Running test pcs_zeros_test...
UVM_INFO uvm_tb.sv(1872) @ 0: uvm_test_top [TEST] === ZEROS TEST ===
"uvm_tb.sv", 2217: pcs_tb_top.AST_NOX_A: started at 4000ps failed at 4000ps
	Offending '(!$isunknown(pcs_tb_top.dut_if.Dout[3]))'
Error: "uvm_tb.sv", 2217: pcs_tb_top.AST_NOX_A: at time 4000 ps
[ASSERT/NOX] lane A is X/Z @ 4000
"uvm_tb.sv", 2219: pcs_tb_top.AST_NOX_B: started at 4000ps failed at 4000ps
	Offending '(!$isunknown(pcs_tb_top.dut_if.Dout[2]))'
Error: "uvm_tb.sv", 2219: pcs_tb_top.AST_NOX_B: at time 4000 ps
[ASSERT/NOX] lane B is X/Z @ 4000
"uvm_tb.sv", 2221: pcs_tb_top.AST_NOX_C: started at 4000ps failed at 4000ps
	Offending '(!$isunknown(pcs_tb_top.dut_if.Dout[1]))'
Error: "uvm_tb.sv", 2221: pcs_tb_top.AST_NOX_C: at time 4000 ps
[ASSERT/NOX] lane C is X/Z @ 4000
"uvm_tb.sv", 2223: pcs_tb_top.AST_NOX_D: started at 4000ps failed at 4000ps
	Offending '(!$isunknown(pcs_tb_top.dut_if.Dout[0]))'
Error: "uvm_tb.sv", 2223: pcs_tb_top.AST_NOX_D: at time 4000 ps
[ASSERT/NOX] lane D is X/Z @ 4000
UVM_ERROR uvm_tb.sv(1312) @ 68000: uvm_test_top.env.sb [SB/SYM] MISMATCH exp=db0 act=036 ph=PH_IDLE cycle=2
UVM_ERROR uvm_tb.sv(1312) @ 76000: uvm_test_top.env.sb [SB/SYM] MISMATCH exp=006 act=180 ph=PH_IDLE cycle=3
UVM_ERROR uvm_tb.sv(1312) @ 84000: uvm_test_top.env.sb [SB/SYM] MISMATCH exp=1b0 act=036 ph=PH_IDLE cycle=4
UVM_ERROR uvm_tb.sv(1312) @ 92000: uvm_test_top.env.sb [SB/SYM] MISMATCH exp=006 act=000 ph=PH_IDLE cycle=5
UVM_ERROR uvm_tb.sv(1312) @ 100000: uvm_test_top.env.sb [SB/SYM] MISMATCH exp=0b0 act=0b6 ph=PH_IDLE cycle=6
UVM_ERROR uvm_tb.sv(1312) @ 108000: uvm_test_top.env.sb [SB/SYM] MISMATCH exp=006 act=180 ph=PH_SDD cycle=7
"uvm_tb.sv", 2275: pcs_tb_top.AST_SDD1_NONZERO: started at 108000ps failed at 108000ps
	Offending '((((pcs_tb_top.dut_if.Dout[3] inside {3'b010, 3'b110}) && (pcs_tb_top.dut_if.Dout[2] inside {3'b010, 3'b110})) && (pcs_tb_top.dut_if.Dout[1] inside {3'b010, 3'b110})) && (pcs_tb_top.dut_if.Dout[0] inside {3'b010, 3'b110}))'
Error: "uvm_tb.sv", 2275: pcs_tb_top.AST_SDD1_NONZERO: at time 108000 ps
[ASSERT/SDD] SDD1: lane(s) not ±2 at TX_EN rise: got 180 @ 108000
"uvm_tb.sv", 2355: pcs_tb_top.AST_SDD_EXACTLY2: started at 108000ps failed at 124000ps
	Offending '(!((((pcs_tb_top.dut_if.Dout[3] inside {3'b010, 3'b110}) && (pcs_tb_top.dut_if.Dout[2] inside {3'b010, 3'b110})) && (pcs_tb_top.dut_if.Dout[1] inside {3'b010, 3'b110})) && (pcs_tb_top.dut_if.Dout[0] inside {3'b010, 3'b110})))'
Error: "uvm_tb.sv", 2355: pcs_tb_top.AST_SDD_EXACTLY2: at time 124000 ps
[ASSERT/ORDER] All-±2 output persists after SDD2 (stuck in SDD?) @ 124000
UVM_ERROR uvm_tb.sv(1312) @ 132000: uvm_test_top.env.sb [SB/SYM] MISMATCH exp=030 act=036 ph=PH_DATA cycle=10
UVM_ERROR uvm_tb.sv(1312) @ 140000: uvm_test_top.env.sb [SB/SYM] MISMATCH exp=e79 act=e49 ph=PH_DATA cycle=11
UVM_ERROR uvm_tb.sv(1312) @ 148000: uvm_test_top.env.sb [SB/SYM] MISMATCH exp=e76 act=ff0 ph=PH_DATA cycle=12
UVM_ERROR uvm_tb.sv(1312) @ 156000: uvm_test_top.env.sb [SB/SYM] MISMATCH exp=3bf act=f8a ph=PH_CSR cycle=13
UVM_ERROR uvm_tb.sv(1312) @ 164000: uvm_test_top.env.sb [SB/SYM] MISMATCH exp=c56 act=eba ph=PH_CSR cycle=14
UVM_ERROR uvm_tb.sv(1312) @ 172000: uvm_test_top.env.sb [SB/SYM] MISMATCH exp=d89 act=497 ph=PH_ESD cycle=15
"uvm_tb.sv", 2305: pcs_tb_top.AST_ESD1_NONZERO: started at 156000ps failed at 172000ps
	Offending '((((pcs_tb_top.dut_if.Dout[3] inside {3'b010, 3'b110}) && (pcs_tb_top.dut_if.Dout[2] inside {3'b010, 3'b110})) && (pcs_tb_top.dut_if.Dout[1] inside {3'b010, 3'b110})) && (pcs_tb_top.dut_if.Dout[0] inside {3'b010, 3'b110}))'
Error: "uvm_tb.sv", 2305: pcs_tb_top.AST_ESD1_NONZERO: at time 172000 ps
[ASSERT/ESD] ESD1: lane(s) not ±2 two cycles after TX_EN fall: got 497 @ 172000
UVM_ERROR uvm_tb.sv(1312) @ 180000: uvm_test_top.env.sb [SB/SYM] MISMATCH exp=db6 act=c96 ph=PH_ESD cycle=16
"uvm_tb.sv", 2372: pcs_tb_top.AST_ESD_EXACTLY2: started at 156000ps failed at 188000ps
	Offending '(!((((pcs_tb_top.dut_if.Dout[3] inside {3'b010, 3'b110}) && (pcs_tb_top.dut_if.Dout[2] inside {3'b010, 3'b110})) && (pcs_tb_top.dut_if.Dout[1] inside {3'b010, 3'b110})) && (pcs_tb_top.dut_if.Dout[0] inside {3'b010, 3'b110})))'
Error: "uvm_tb.sv", 2372: pcs_tb_top.AST_ESD_EXACTLY2: at time 188000 ps
[ASSERT/ORDER] All-±2 output persists after ESD2 (stuck in ESD?) @ 188000
UVM_ERROR uvm_tb.sv(1312) @ 196000: uvm_test_top.env.sb [SB/SYM] MISMATCH exp=000 act=012 ph=PH_SDD cycle=18
"uvm_tb.sv", 2275: pcs_tb_top.AST_SDD1_NONZERO: started at 196000ps failed at 196000ps
	Offending '((((pcs_tb_top.dut_if.Dout[3] inside {3'b010, 3'b110}) && (pcs_tb_top.dut_if.Dout[2] inside {3'b010, 3'b110})) && (pcs_tb_top.dut_if.Dout[1] inside {3'b010, 3'b110})) && (pcs_tb_top.dut_if.Dout[0] inside {3'b010, 3'b110}))'
Error: "uvm_tb.sv", 2275: pcs_tb_top.AST_SDD1_NONZERO: at time 196000 ps
[ASSERT/SDD] SDD1: lane(s) not ±2 at TX_EN rise: got 012 @ 196000
"uvm_tb.sv", 2355: pcs_tb_top.AST_SDD_EXACTLY2: started at 196000ps failed at 212000ps
	Offending '(!((((pcs_tb_top.dut_if.Dout[3] inside {3'b010, 3'b110}) && (pcs_tb_top.dut_if.Dout[2] inside {3'b010, 3'b110})) && (pcs_tb_top.dut_if.Dout[1] inside {3'b010, 3'b110})) && (pcs_tb_top.dut_if.Dout[0] inside {3'b010, 3'b110})))'
Error: "uvm_tb.sv", 2355: pcs_tb_top.AST_SDD_EXACTLY2: at time 212000 ps
[ASSERT/ORDER] All-±2 output persists after SDD2 (stuck in SDD?) @ 212000
UVM_ERROR uvm_tb.sv(1312) @ 220000: uvm_test_top.env.sb [SB/SYM] MISMATCH exp=002 act=1b2 ph=PH_DATA cycle=21
UVM_ERROR uvm_tb.sv(1312) @ 228000: uvm_test_top.env.sb [SB/SYM] MISMATCH exp=c7e act=c4e ph=PH_DATA cycle=22
UVM_ERROR uvm_tb.sv(1312) @ 236000: uvm_test_top.env.sb [SB/SYM] MISMATCH exp=432 act=407 ph=PH_DATA cycle=23
UVM_ERROR uvm_tb.sv(1312) @ 244000: uvm_test_top.env.sb [SB/SYM] MISMATCH exp=4b7 act=c96 ph=PH_CSR cycle=24
UVM_ERROR uvm_tb.sv(1312) @ 252000: uvm_test_top.env.sb [SB/SYM] MISMATCH exp=d89 act=ebe ph=PH_CSR cycle=25
UVM_ERROR uvm_tb.sv(1312) @ 260000: uvm_test_top.env.sb [SB/SYM] MISMATCH exp=c96 act=5b1 ph=PH_ESD cycle=26
"uvm_tb.sv", 2305: pcs_tb_top.AST_ESD1_NONZERO: started at 244000ps failed at 260000ps
	Offending '((((pcs_tb_top.dut_if.Dout[3] inside {3'b010, 3'b110}) && (pcs_tb_top.dut_if.Dout[2] inside {3'b010, 3'b110})) && (pcs_tb_top.dut_if.Dout[1] inside {3'b010, 3'b110})) && (pcs_tb_top.dut_if.Dout[0] inside {3'b010, 3'b110}))'
Error: "uvm_tb.sv", 2305: pcs_tb_top.AST_ESD1_NONZERO: at time 260000 ps
[ASSERT/ESD] ESD1: lane(s) not ±2 two cycles after TX_EN fall: got 5b1 @ 260000
UVM_ERROR uvm_tb.sv(1312) @ 268000: uvm_test_top.env.sb [SB/SYM] MISMATCH exp=db6 act=496 ph=PH_ESD cycle=27
"uvm_tb.sv", 2372: pcs_tb_top.AST_ESD_EXACTLY2: started at 244000ps failed at 276000ps
	Offending '(!((((pcs_tb_top.dut_if.Dout[3] inside {3'b010, 3'b110}) && (pcs_tb_top.dut_if.Dout[2] inside {3'b010, 3'b110})) && (pcs_tb_top.dut_if.Dout[1] inside {3'b010, 3'b110})) && (pcs_tb_top.dut_if.Dout[0] inside {3'b010, 3'b110})))'
Error: "uvm_tb.sv", 2372: pcs_tb_top.AST_ESD_EXACTLY2: at time 276000 ps
[ASSERT/ORDER] All-±2 output persists after ESD2 (stuck in ESD?) @ 276000
UVM_ERROR uvm_tb.sv(1312) @ 284000: uvm_test_top.env.sb [SB/SYM] MISMATCH exp=006 act=086 ph=PH_SDD cycle=29
"uvm_tb.sv", 2275: pcs_tb_top.AST_SDD1_NONZERO: started at 284000ps failed at 284000ps
	Offending '((((pcs_tb_top.dut_if.Dout[3] inside {3'b010, 3'b110}) && (pcs_tb_top.dut_if.Dout[2] inside {3'b010, 3'b110})) && (pcs_tb_top.dut_if.Dout[1] inside {3'b010, 3'b110})) && (pcs_tb_top.dut_if.Dout[0] inside {3'b010, 3'b110}))'
Error: "uvm_tb.sv", 2275: pcs_tb_top.AST_SDD1_NONZERO: at time 284000 ps
[ASSERT/SDD] SDD1: lane(s) not ±2 at TX_EN rise: got 086 @ 284000
"uvm_tb.sv", 2355: pcs_tb_top.AST_SDD_EXACTLY2: started at 284000ps failed at 300000ps
	Offending '(!((((pcs_tb_top.dut_if.Dout[3] inside {3'b010, 3'b110}) && (pcs_tb_top.dut_if.Dout[2] inside {3'b010, 3'b110})) && (pcs_tb_top.dut_if.Dout[1] inside {3'b010, 3'b110})) && (pcs_tb_top.dut_if.Dout[0] inside {3'b010, 3'b110})))'
Error: "uvm_tb.sv", 2355: pcs_tb_top.AST_SDD_EXACTLY2: at time 300000 ps
[ASSERT/ORDER] All-±2 output persists after SDD2 (stuck in SDD?) @ 300000
UVM_ERROR uvm_tb.sv(1312) @ 308000: uvm_test_top.env.sb [SB/SYM] MISMATCH exp=090 act=086 ph=PH_DATA cycle=32
UVM_ERROR uvm_tb.sv(1312) @ 316000: uvm_test_top.env.sb [SB/SYM] MISMATCH exp=0bf act=009 ph=PH_DATA cycle=33
UVM_ERROR uvm_tb.sv(1312) @ 324000: uvm_test_top.env.sb [SB/SYM] MISMATCH exp=dc9 act=df9 ph=PH_DATA cycle=34
UVM_ERROR uvm_tb.sv(1312) @ 340000: uvm_test_top.env.sb [SB/SYM] MISMATCH exp=3b1 act=c52 ph=PH_CSR cycle=36
UVM_ERROR uvm_tb.sv(1312) @ 348000: uvm_test_top.env.sb [SB/SYM] MISMATCH exp=c96 act=497 ph=PH_ESD cycle=37
"uvm_tb.sv", 2305: pcs_tb_top.AST_ESD1_NONZERO: started at 332000ps failed at 348000ps
	Offending '((((pcs_tb_top.dut_if.Dout[3] inside {3'b010, 3'b110}) && (pcs_tb_top.dut_if.Dout[2] inside {3'b010, 3'b110})) && (pcs_tb_top.dut_if.Dout[1] inside {3'b010, 3'b110})) && (pcs_tb_top.dut_if.Dout[0] inside {3'b010, 3'b110}))'
Error: "uvm_tb.sv", 2305: pcs_tb_top.AST_ESD1_NONZERO: at time 348000 ps
[ASSERT/ESD] ESD1: lane(s) not ±2 two cycles after TX_EN fall: got 497 @ 348000
UVM_ERROR uvm_tb.sv(1312) @ 356000: uvm_test_top.env.sb [SB/SYM] MISMATCH exp=db6 act=496 ph=PH_ESD cycle=38
"uvm_tb.sv", 2372: pcs_tb_top.AST_ESD_EXACTLY2: started at 332000ps failed at 364000ps
	Offending '(!((((pcs_tb_top.dut_if.Dout[3] inside {3'b010, 3'b110}) && (pcs_tb_top.dut_if.Dout[2] inside {3'b010, 3'b110})) && (pcs_tb_top.dut_if.Dout[1] inside {3'b010, 3'b110})) && (pcs_tb_top.dut_if.Dout[0] inside {3'b010, 3'b110})))'
Error: "uvm_tb.sv", 2372: pcs_tb_top.AST_ESD_EXACTLY2: at time 364000 ps
[ASSERT/ORDER] All-±2 output persists after ESD2 (stuck in ESD?) @ 364000
UVM_ERROR uvm_tb.sv(1312) @ 372000: uvm_test_top.env.sb [SB/SYM] MISMATCH exp=090 act=010 ph=PH_SDD cycle=40
"uvm_tb.sv", 2275: pcs_tb_top.AST_SDD1_NONZERO: started at 372000ps failed at 372000ps
	Offending '((((pcs_tb_top.dut_if.Dout[3] inside {3'b010, 3'b110}) && (pcs_tb_top.dut_if.Dout[2] inside {3'b010, 3'b110})) && (pcs_tb_top.dut_if.Dout[1] inside {3'b010, 3'b110})) && (pcs_tb_top.dut_if.Dout[0] inside {3'b010, 3'b110}))'
Error: "uvm_tb.sv", 2275: pcs_tb_top.AST_SDD1_NONZERO: at time 372000 ps
[ASSERT/SDD] SDD1: lane(s) not ±2 at TX_EN rise: got 010 @ 372000
"uvm_tb.sv", 2355: pcs_tb_top.AST_SDD_EXACTLY2: started at 372000ps failed at 388000ps
	Offending '(!((((pcs_tb_top.dut_if.Dout[3] inside {3'b010, 3'b110}) && (pcs_tb_top.dut_if.Dout[2] inside {3'b010, 3'b110})) && (pcs_tb_top.dut_if.Dout[1] inside {3'b010, 3'b110})) && (pcs_tb_top.dut_if.Dout[0] inside {3'b010, 3'b110})))'
Error: "uvm_tb.sv", 2355: pcs_tb_top.AST_SDD_EXACTLY2: at time 388000 ps
[ASSERT/ORDER] All-±2 output persists after SDD2 (stuck in SDD?) @ 388000
UVM_ERROR uvm_tb.sv(1312) @ 404000: uvm_test_top.env.sb [SB/SYM] MISMATCH exp=5b6 act=436 ph=PH_DATA cycle=44
UVM_ERROR uvm_tb.sv(1312) @ 420000: uvm_test_top.env.sb [SB/SYM] MISMATCH exp=48a act=438 ph=PH_CSR cycle=46
UVM_ERROR uvm_tb.sv(1312) @ 428000: uvm_test_top.env.sb [SB/SYM] MISMATCH exp=d89 act=5f6 ph=PH_CSR cycle=47
UVM_ERROR uvm_tb.sv(1312) @ 436000: uvm_test_top.env.sb [SB/SYM] MISMATCH exp=c96 act=4b1 ph=PH_ESD cycle=48
"uvm_tb.sv", 2305: pcs_tb_top.AST_ESD1_NONZERO: started at 420000ps failed at 436000ps
	Offending '((((pcs_tb_top.dut_if.Dout[3] inside {3'b010, 3'b110}) && (pcs_tb_top.dut_if.Dout[2] inside {3'b010, 3'b110})) && (pcs_tb_top.dut_if.Dout[1] inside {3'b010, 3'b110})) && (pcs_tb_top.dut_if.Dout[0] inside {3'b010, 3'b110}))'
Error: "uvm_tb.sv", 2305: pcs_tb_top.AST_ESD1_NONZERO: at time 436000 ps
[ASSERT/ESD] ESD1: lane(s) not ±2 two cycles after TX_EN fall: got 4b1 @ 436000
UVM_ERROR uvm_tb.sv(1312) @ 444000: uvm_test_top.env.sb [SB/SYM] MISMATCH exp=db6 act=5b6 ph=PH_ESD cycle=49
"uvm_tb.sv", 2372: pcs_tb_top.AST_ESD_EXACTLY2: started at 420000ps failed at 452000ps
	Offending '(!((((pcs_tb_top.dut_if.Dout[3] inside {3'b010, 3'b110}) && (pcs_tb_top.dut_if.Dout[2] inside {3'b010, 3'b110})) && (pcs_tb_top.dut_if.Dout[1] inside {3'b010, 3'b110})) && (pcs_tb_top.dut_if.Dout[0] inside {3'b010, 3'b110})))'
Error: "uvm_tb.sv", 2372: pcs_tb_top.AST_ESD_EXACTLY2: at time 452000 ps
[ASSERT/ORDER] All-±2 output persists after ESD2 (stuck in ESD?) @ 452000
UVM_ERROR uvm_tb.sv(1312) @ 460000: uvm_test_top.env.sb [SB/SYM] MISMATCH exp=000 act=090 ph=PH_SDD cycle=51
"uvm_tb.sv", 2275: pcs_tb_top.AST_SDD1_NONZERO: started at 460000ps failed at 460000ps
	Offending '((((pcs_tb_top.dut_if.Dout[3] inside {3'b010, 3'b110}) && (pcs_tb_top.dut_if.Dout[2] inside {3'b010, 3'b110})) && (pcs_tb_top.dut_if.Dout[1] inside {3'b010, 3'b110})) && (pcs_tb_top.dut_if.Dout[0] inside {3'b010, 3'b110}))'
Error: "uvm_tb.sv", 2275: pcs_tb_top.AST_SDD1_NONZERO: at time 460000 ps
[ASSERT/SDD] SDD1: lane(s) not ±2 at TX_EN rise: got 090 @ 460000
"uvm_tb.sv", 2355: pcs_tb_top.AST_SDD_EXACTLY2: started at 460000ps failed at 476000ps
	Offending '(!((((pcs_tb_top.dut_if.Dout[3] inside {3'b010, 3'b110}) && (pcs_tb_top.dut_if.Dout[2] inside {3'b010, 3'b110})) && (pcs_tb_top.dut_if.Dout[1] inside {3'b010, 3'b110})) && (pcs_tb_top.dut_if.Dout[0] inside {3'b010, 3'b110})))'
Error: "uvm_tb.sv", 2355: pcs_tb_top.AST_SDD_EXACTLY2: at time 476000 ps
[ASSERT/ORDER] All-±2 output persists after SDD2 (stuck in SDD?) @ 476000
UVM_ERROR uvm_tb.sv(1312) @ 484000: uvm_test_top.env.sb [SB/SYM] MISMATCH exp=cb2 act=032 ph=PH_DATA cycle=54
UVM_ERROR uvm_tb.sv(1312) @ 492000: uvm_test_top.env.sb [SB/SYM] MISMATCH exp=246 act=1b9 ph=PH_DATA cycle=55
UVM_ERROR uvm_tb.sv(1312) @ 500000: uvm_test_top.env.sb [SB/SYM] MISMATCH exp=e06 act=eb6 ph=PH_DATA cycle=56
UVM_ERROR uvm_tb.sv(1312) @ 508000: uvm_test_top.env.sb [SB/SYM] MISMATCH exp=e8e act=2ba ph=PH_CSR cycle=57
UVM_ERROR uvm_tb.sv(1312) @ 516000: uvm_test_top.env.sb [SB/SYM] MISMATCH exp=c96 act=492 ph=PH_CSR cycle=58
UVM_ERROR uvm_tb.sv(1312) @ 524000: uvm_test_top.env.sb [SB/SYM] MISMATCH exp=c96 act=db6 ph=PH_ESD cycle=59
UVM_ERROR uvm_tb.sv(1312) @ 532000: uvm_test_top.env.sb [SB/SYM] MISMATCH exp=db6 act=492 ph=PH_ESD cycle=60
"uvm_tb.sv", 2372: pcs_tb_top.AST_ESD_EXACTLY2: started at 508000ps failed at 540000ps
	Offending '(!((((pcs_tb_top.dut_if.Dout[3] inside {3'b010, 3'b110}) && (pcs_tb_top.dut_if.Dout[2] inside {3'b010, 3'b110})) && (pcs_tb_top.dut_if.Dout[1] inside {3'b010, 3'b110})) && (pcs_tb_top.dut_if.Dout[0] inside {3'b010, 3'b110})))'
Error: "uvm_tb.sv", 2372: pcs_tb_top.AST_ESD_EXACTLY2: at time 540000 ps
[ASSERT/ORDER] All-±2 output persists after ESD2 (stuck in ESD?) @ 540000
UVM_ERROR uvm_tb.sv(1312) @ 548000: uvm_test_top.env.sb [SB/SYM] MISMATCH exp=030 act=032 ph=PH_SDD cycle=62
"uvm_tb.sv", 2275: pcs_tb_top.AST_SDD1_NONZERO: started at 548000ps failed at 548000ps
	Offending '((((pcs_tb_top.dut_if.Dout[3] inside {3'b010, 3'b110}) && (pcs_tb_top.dut_if.Dout[2] inside {3'b010, 3'b110})) && (pcs_tb_top.dut_if.Dout[1] inside {3'b010, 3'b110})) && (pcs_tb_top.dut_if.Dout[0] inside {3'b010, 3'b110}))'
Error: "uvm_tb.sv", 2275: pcs_tb_top.AST_SDD1_NONZERO: at time 548000 ps
[ASSERT/SDD] SDD1: lane(s) not ±2 at TX_EN rise: got 032 @ 548000
"uvm_tb.sv", 2355: pcs_tb_top.AST_SDD_EXACTLY2: started at 548000ps failed at 564000ps
	Offending '(!((((pcs_tb_top.dut_if.Dout[3] inside {3'b010, 3'b110}) && (pcs_tb_top.dut_if.Dout[2] inside {3'b010, 3'b110})) && (pcs_tb_top.dut_if.Dout[1] inside {3'b010, 3'b110})) && (pcs_tb_top.dut_if.Dout[0] inside {3'b010, 3'b110})))'
Error: "uvm_tb.sv", 2355: pcs_tb_top.AST_SDD_EXACTLY2: at time 564000 ps
[ASSERT/ORDER] All-±2 output persists after SDD2 (stuck in SDD?) @ 564000
UVM_ERROR uvm_tb.sv(1312) @ 580000: uvm_test_top.env.sb [SB/SYM] MISMATCH exp=3b8 act=38e ph=PH_DATA cycle=66
UVM_ERROR uvm_tb.sv(1312) @ 588000: uvm_test_top.env.sb [SB/SYM] MISMATCH exp=e82 act=f96 ph=PH_DATA cycle=67
UVM_ERROR uvm_tb.sv(1312) @ 596000: uvm_test_top.env.sb [SB/SYM] MISMATCH exp=1b8 act=088 ph=PH_CSR cycle=68
UVM_ERROR uvm_tb.sv(1312) @ 604000: uvm_test_top.env.sb [SB/SYM] MISMATCH exp=38e act=cb6 ph=PH_CSR cycle=69
UVM_ERROR uvm_tb.sv(1312) @ 612000: uvm_test_top.env.sb [SB/SYM] MISMATCH exp=c96 act=4b6 ph=PH_ESD cycle=70
UVM_ERROR uvm_tb.sv(1312) @ 620000: uvm_test_top.env.sb [SB/SYM] MISMATCH exp=db6 act=5b6 ph=PH_ESD cycle=71
"uvm_tb.sv", 2372: pcs_tb_top.AST_ESD_EXACTLY2: started at 596000ps failed at 628000ps
	Offending '(!((((pcs_tb_top.dut_if.Dout[3] inside {3'b010, 3'b110}) && (pcs_tb_top.dut_if.Dout[2] inside {3'b010, 3'b110})) && (pcs_tb_top.dut_if.Dout[1] inside {3'b010, 3'b110})) && (pcs_tb_top.dut_if.Dout[0] inside {3'b010, 3'b110})))'
Error: "uvm_tb.sv", 2372: pcs_tb_top.AST_ESD_EXACTLY2: at time 628000 ps
[ASSERT/ORDER] All-±2 output persists after ESD2 (stuck in ESD?) @ 628000
UVM_ERROR uvm_tb.sv(1312) @ 636000: uvm_test_top.env.sb [SB/SYM] MISMATCH exp=006 act=096 ph=PH_SDD cycle=73
"uvm_tb.sv", 2275: pcs_tb_top.AST_SDD1_NONZERO: started at 636000ps failed at 636000ps
	Offending '((((pcs_tb_top.dut_if.Dout[3] inside {3'b010, 3'b110}) && (pcs_tb_top.dut_if.Dout[2] inside {3'b010, 3'b110})) && (pcs_tb_top.dut_if.Dout[1] inside {3'b010, 3'b110})) && (pcs_tb_top.dut_if.Dout[0] inside {3'b010, 3'b110}))'
Error: "uvm_tb.sv", 2275: pcs_tb_top.AST_SDD1_NONZERO: at time 636000 ps
[ASSERT/SDD] SDD1: lane(s) not ±2 at TX_EN rise: got 096 @ 636000
"uvm_tb.sv", 2355: pcs_tb_top.AST_SDD_EXACTLY2: started at 636000ps failed at 652000ps
	Offending '(!((((pcs_tb_top.dut_if.Dout[3] inside {3'b010, 3'b110}) && (pcs_tb_top.dut_if.Dout[2] inside {3'b010, 3'b110})) && (pcs_tb_top.dut_if.Dout[1] inside {3'b010, 3'b110})) && (pcs_tb_top.dut_if.Dout[0] inside {3'b010, 3'b110})))'
Error: "uvm_tb.sv", 2355: pcs_tb_top.AST_SDD_EXACTLY2: at time 652000 ps
[ASSERT/ORDER] All-±2 output persists after SDD2 (stuck in SDD?) @ 652000
UVM_ERROR uvm_tb.sv(1312) @ 660000: uvm_test_top.env.sb [SB/SYM] MISMATCH exp=032 act=1b0 ph=PH_DATA cycle=76
UVM_ERROR uvm_tb.sv(1312) @ 668000: uvm_test_top.env.sb [SB/SYM] MISMATCH exp=1f7 act=c57 ph=PH_DATA cycle=77
UVM_ERROR uvm_tb.sv(1312) @ 676000: uvm_test_top.env.sb [SB/SYM] MISMATCH exp=fc8 act=e4a ph=PH_DATA cycle=78
UVM_ERROR uvm_tb.sv(1312) @ 684000: uvm_test_top.env.sb [SB/SYM] MISMATCH exp=5b8 act=c89 ph=PH_CSR cycle=79
UVM_ERROR uvm_tb.sv(1312) @ 692000: uvm_test_top.env.sb [SB/SYM] MISMATCH exp=c56 act=fbe ph=PH_CSR cycle=80
UVM_ERROR uvm_tb.sv(1312) @ 700000: uvm_test_top.env.sb [SB/SYM] MISMATCH exp=d89 act=c97 ph=PH_ESD cycle=81
"uvm_tb.sv", 2305: pcs_tb_top.AST_ESD1_NONZERO: started at 684000ps failed at 700000ps
	Offending '((((pcs_tb_top.dut_if.Dout[3] inside {3'b010, 3'b110}) && (pcs_tb_top.dut_if.Dout[2] inside {3'b010, 3'b110})) && (pcs_tb_top.dut_if.Dout[1] inside {3'b010, 3'b110})) && (pcs_tb_top.dut_if.Dout[0] inside {3'b010, 3'b110}))'
Error: "uvm_tb.sv", 2305: pcs_tb_top.AST_ESD1_NONZERO: at time 700000 ps
[ASSERT/ESD] ESD1: lane(s) not ±2 two cycles after TX_EN fall: got c97 @ 700000
UVM_ERROR uvm_tb.sv(1312) @ 708000: uvm_test_top.env.sb [SB/SYM] MISMATCH exp=db6 act=cb2 ph=PH_ESD cycle=82
"uvm_tb.sv", 2372: pcs_tb_top.AST_ESD_EXACTLY2: started at 684000ps failed at 716000ps
	Offending '(!((((pcs_tb_top.dut_if.Dout[3] inside {3'b010, 3'b110}) && (pcs_tb_top.dut_if.Dout[2] inside {3'b010, 3'b110})) && (pcs_tb_top.dut_if.Dout[1] inside {3'b010, 3'b110})) && (pcs_tb_top.dut_if.Dout[0] inside {3'b010, 3'b110})))'
Error: "uvm_tb.sv", 2372: pcs_tb_top.AST_ESD_EXACTLY2: at time 716000 ps
[ASSERT/ORDER] All-±2 output persists after ESD2 (stuck in ESD?) @ 716000
UVM_ERROR uvm_tb.sv(1312) @ 724000: uvm_test_top.env.sb [SB/SYM] MISMATCH exp=000 act=182 ph=PH_SDD cycle=84
"uvm_tb.sv", 2275: pcs_tb_top.AST_SDD1_NONZERO: started at 724000ps failed at 724000ps
	Offending '((((pcs_tb_top.dut_if.Dout[3] inside {3'b010, 3'b110}) && (pcs_tb_top.dut_if.Dout[2] inside {3'b010, 3'b110})) && (pcs_tb_top.dut_if.Dout[1] inside {3'b010, 3'b110})) && (pcs_tb_top.dut_if.Dout[0] inside {3'b010, 3'b110}))'
Error: "uvm_tb.sv", 2275: pcs_tb_top.AST_SDD1_NONZERO: at time 724000 ps
[ASSERT/SDD] SDD1: lane(s) not ±2 at TX_EN rise: got 182 @ 724000
"uvm_tb.sv", 2355: pcs_tb_top.AST_SDD_EXACTLY2: started at 724000ps failed at 740000ps
	Offending '(!((((pcs_tb_top.dut_if.Dout[3] inside {3'b010, 3'b110}) && (pcs_tb_top.dut_if.Dout[2] inside {3'b010, 3'b110})) && (pcs_tb_top.dut_if.Dout[1] inside {3'b010, 3'b110})) && (pcs_tb_top.dut_if.Dout[0] inside {3'b010, 3'b110})))'
Error: "uvm_tb.sv", 2355: pcs_tb_top.AST_SDD_EXACTLY2: at time 740000 ps
[ASSERT/ORDER] All-±2 output persists after SDD2 (stuck in SDD?) @ 740000
UVM_ERROR uvm_tb.sv(1312) @ 748000: uvm_test_top.env.sb [SB/SYM] MISMATCH exp=c10 act=d96 ph=PH_DATA cycle=87
UVM_ERROR uvm_tb.sv(1312) @ 764000: uvm_test_top.env.sb [SB/SYM] MISMATCH exp=e7a act=fca ph=PH_DATA cycle=89
UVM_ERROR uvm_tb.sv(1312) @ 772000: uvm_test_top.env.sb [SB/SYM] MISMATCH exp=c08 act=3d7 ph=PH_CSR cycle=90
UVM_ERROR uvm_tb.sv(1312) @ 780000: uvm_test_top.env.sb [SB/SYM] MISMATCH exp=c56 act=452 ph=PH_CSR cycle=91
UVM_ERROR uvm_tb.sv(1312) @ 788000: uvm_test_top.env.sb [SB/SYM] MISMATCH exp=d89 act=db7 ph=PH_ESD cycle=92
"uvm_tb.sv", 2305: pcs_tb_top.AST_ESD1_NONZERO: started at 772000ps failed at 788000ps
	Offending '((((pcs_tb_top.dut_if.Dout[3] inside {3'b010, 3'b110}) && (pcs_tb_top.dut_if.Dout[2] inside {3'b010, 3'b110})) && (pcs_tb_top.dut_if.Dout[1] inside {3'b010, 3'b110})) && (pcs_tb_top.dut_if.Dout[0] inside {3'b010, 3'b110}))'
Error: "uvm_tb.sv", 2305: pcs_tb_top.AST_ESD1_NONZERO: at time 788000 ps
[ASSERT/ESD] ESD1: lane(s) not ±2 two cycles after TX_EN fall: got db7 @ 788000
UVM_ERROR uvm_tb.sv(1312) @ 796000: uvm_test_top.env.sb [SB/SYM] MISMATCH exp=db6 act=596 ph=PH_ESD cycle=93
"uvm_tb.sv", 2372: pcs_tb_top.AST_ESD_EXACTLY2: started at 772000ps failed at 804000ps
	Offending '(!((((pcs_tb_top.dut_if.Dout[3] inside {3'b010, 3'b110}) && (pcs_tb_top.dut_if.Dout[2] inside {3'b010, 3'b110})) && (pcs_tb_top.dut_if.Dout[1] inside {3'b010, 3'b110})) && (pcs_tb_top.dut_if.Dout[0] inside {3'b010, 3'b110})))'
Error: "uvm_tb.sv", 2372: pcs_tb_top.AST_ESD_EXACTLY2: at time 804000 ps
[ASSERT/ORDER] All-±2 output persists after ESD2 (stuck in ESD?) @ 804000
UVM_ERROR uvm_tb.sv(1312) @ 812000: uvm_test_top.env.sb [SB/SYM] MISMATCH exp=000 act=002 ph=PH_SDD cycle=95
"uvm_tb.sv", 2275: pcs_tb_top.AST_SDD1_NONZERO: started at 812000ps failed at 812000ps
	Offending '((((pcs_tb_top.dut_if.Dout[3] inside {3'b010, 3'b110}) && (pcs_tb_top.dut_if.Dout[2] inside {3'b010, 3'b110})) && (pcs_tb_top.dut_if.Dout[1] inside {3'b010, 3'b110})) && (pcs_tb_top.dut_if.Dout[0] inside {3'b010, 3'b110}))'
Error: "uvm_tb.sv", 2275: pcs_tb_top.AST_SDD1_NONZERO: at time 812000 ps
[ASSERT/SDD] SDD1: lane(s) not ±2 at TX_EN rise: got 002 @ 812000
"uvm_tb.sv", 2355: pcs_tb_top.AST_SDD_EXACTLY2: started at 812000ps failed at 828000ps
	Offending '(!((((pcs_tb_top.dut_if.Dout[3] inside {3'b010, 3'b110}) && (pcs_tb_top.dut_if.Dout[2] inside {3'b010, 3'b110})) && (pcs_tb_top.dut_if.Dout[1] inside {3'b010, 3'b110})) && (pcs_tb_top.dut_if.Dout[0] inside {3'b010, 3'b110})))'
Error: "uvm_tb.sv", 2355: pcs_tb_top.AST_SDD_EXACTLY2: at time 828000 ps
[ASSERT/ORDER] All-±2 output persists after SDD2 (stuck in SDD?) @ 828000
UVM_ERROR uvm_tb.sv(1312) @ 836000: uvm_test_top.env.sb [SB/SYM] MISMATCH exp=1b0 act=006 ph=PH_DATA cycle=98
UVM_ERROR uvm_tb.sv(1312) @ 844000: uvm_test_top.env.sb [SB/SYM] MISMATCH exp=c4e act=c7e ph=PH_DATA cycle=99
UVM_ERROR uvm_tb.sv(1312) @ 852000: uvm_test_top.env.sb [SB/SYM] MISMATCH exp=3f2 act=277 ph=PH_DATA cycle=100
UVM_ERROR uvm_tb.sv(1312) @ 860000: uvm_test_top.env.sb [SB/SYM] MISMATCH exp=489 act=0b9 ph=PH_CSR cycle=101
UVM_ERROR uvm_tb.sv(1312) @ 868000: uvm_test_top.env.sb [SB/SYM] MISMATCH exp=cb1 act=c56 ph=PH_CSR cycle=102
UVM_ERROR uvm_tb.sv(1312) @ 876000: uvm_test_top.env.sb [SB/SYM] MISMATCH exp=d89 act=591 ph=PH_ESD cycle=103
"uvm_tb.sv", 2305: pcs_tb_top.AST_ESD1_NONZERO: started at 860000ps failed at 876000ps
	Offending '((((pcs_tb_top.dut_if.Dout[3] inside {3'b010, 3'b110}) && (pcs_tb_top.dut_if.Dout[2] inside {3'b010, 3'b110})) && (pcs_tb_top.dut_if.Dout[1] inside {3'b010, 3'b110})) && (pcs_tb_top.dut_if.Dout[0] inside {3'b010, 3'b110}))'
Error: "uvm_tb.sv", 2305: pcs_tb_top.AST_ESD1_NONZERO: at time 876000 ps
[ASSERT/ESD] ESD1: lane(s) not ±2 two cycles after TX_EN fall: got 591 @ 876000
UVM_ERROR uvm_tb.sv(1312) @ 884000: uvm_test_top.env.sb [SB/SYM] MISMATCH exp=db6 act=496 ph=PH_ESD cycle=104
"uvm_tb.sv", 2372: pcs_tb_top.AST_ESD_EXACTLY2: started at 860000ps failed at 892000ps
	Offending '(!((((pcs_tb_top.dut_if.Dout[3] inside {3'b010, 3'b110}) && (pcs_tb_top.dut_if.Dout[2] inside {3'b010, 3'b110})) && (pcs_tb_top.dut_if.Dout[1] inside {3'b010, 3'b110})) && (pcs_tb_top.dut_if.Dout[0] inside {3'b010, 3'b110})))'
Error: "uvm_tb.sv", 2372: pcs_tb_top.AST_ESD_EXACTLY2: at time 892000 ps
[ASSERT/ORDER] All-±2 output persists after ESD2 (stuck in ESD?) @ 892000
UVM_ERROR uvm_tb.sv(1312) @ 900000: uvm_test_top.env.sb [SB/SYM] MISMATCH exp=d92 act=010 ph=PH_SDD cycle=106
"uvm_tb.sv", 2275: pcs_tb_top.AST_SDD1_NONZERO: started at 900000ps failed at 900000ps
	Offending '((((pcs_tb_top.dut_if.Dout[3] inside {3'b010, 3'b110}) && (pcs_tb_top.dut_if.Dout[2] inside {3'b010, 3'b110})) && (pcs_tb_top.dut_if.Dout[1] inside {3'b010, 3'b110})) && (pcs_tb_top.dut_if.Dout[0] inside {3'b010, 3'b110}))'
Error: "uvm_tb.sv", 2275: pcs_tb_top.AST_SDD1_NONZERO: at time 900000 ps
[ASSERT/SDD] SDD1: lane(s) not ±2 at TX_EN rise: got 010 @ 900000
"uvm_tb.sv", 2355: pcs_tb_top.AST_SDD_EXACTLY2: started at 900000ps failed at 916000ps
	Offending '(!((((pcs_tb_top.dut_if.Dout[3] inside {3'b010, 3'b110}) && (pcs_tb_top.dut_if.Dout[2] inside {3'b010, 3'b110})) && (pcs_tb_top.dut_if.Dout[1] inside {3'b010, 3'b110})) && (pcs_tb_top.dut_if.Dout[0] inside {3'b010, 3'b110})))'
Error: "uvm_tb.sv", 2355: pcs_tb_top.AST_SDD_EXACTLY2: at time 916000 ps
[ASSERT/ORDER] All-±2 output persists after SDD2 (stuck in SDD?) @ 916000
UVM_ERROR uvm_tb.sv(1312) @ 924000: uvm_test_top.env.sb [SB/SYM] MISMATCH exp=002 act=0b0 ph=PH_DATA cycle=109
UVM_ERROR uvm_tb.sv(1312) @ 932000: uvm_test_top.env.sb [SB/SYM] MISMATCH exp=e38 act=eb8 ph=PH_DATA cycle=110
UVM_ERROR uvm_tb.sv(1312) @ 940000: uvm_test_top.env.sb [SB/SYM] MISMATCH exp=187 act=096 ph=PH_DATA cycle=111
UVM_ERROR uvm_tb.sv(1312) @ 948000: uvm_test_top.env.sb [SB/SYM] MISMATCH exp=df9 act=3b7 ph=PH_CSR cycle=112
UVM_ERROR uvm_tb.sv(1312) @ 956000: uvm_test_top.env.sb [SB/SYM] MISMATCH exp=d89 act=5b1 ph=PH_CSR cycle=113
UVM_ERROR uvm_tb.sv(1312) @ 964000: uvm_test_top.env.sb [SB/SYM] MISMATCH exp=c96 act=d92 ph=PH_ESD cycle=114
UVM_ERROR uvm_tb.sv(1312) @ 972000: uvm_test_top.env.sb [SB/SYM] MISMATCH exp=db6 act=596 ph=PH_ESD cycle=115
"uvm_tb.sv", 2372: pcs_tb_top.AST_ESD_EXACTLY2: started at 948000ps failed at 980000ps
	Offending '(!((((pcs_tb_top.dut_if.Dout[3] inside {3'b010, 3'b110}) && (pcs_tb_top.dut_if.Dout[2] inside {3'b010, 3'b110})) && (pcs_tb_top.dut_if.Dout[1] inside {3'b010, 3'b110})) && (pcs_tb_top.dut_if.Dout[0] inside {3'b010, 3'b110})))'
Error: "uvm_tb.sv", 2372: pcs_tb_top.AST_ESD_EXACTLY2: at time 980000 ps
[ASSERT/ORDER] All-±2 output persists after ESD2 (stuck in ESD?) @ 980000
UVM_ERROR uvm_tb.sv(1312) @ 988000: uvm_test_top.env.sb [SB/SYM] MISMATCH exp=186 act=1b6 ph=PH_IDLE cycle=117
UVM_ERROR uvm_tb.sv(1312) @ 996000: uvm_test_top.env.sb [SB/SYM] MISMATCH exp=190 act=000 ph=PH_IDLE cycle=118
UVM_ERROR uvm_tb.sv(1312) @ 1004000: uvm_test_top.env.sb [SB/SYM] MISMATCH exp=c06 act=0b0 ph=PH_IDLE cycle=119
UVM_ERROR uvm_tb.sv(1312) @ 1012000: uvm_test_top.env.sb [SB/SYM] MISMATCH exp=590 act=006 ph=PH_IDLE cycle=120
UVM_ERROR uvm_tb.sv(1312) @ 1020000: uvm_test_top.env.sb [SB/SYM] MISMATCH exp=006 act=000 ph=PH_IDLE cycle=121
UVM_ERROR uvm_tb.sv(1312) @ 1028000: uvm_test_top.env.sb [SB/SYM] MISMATCH exp=002 act=092 ph=PH_IDLE cycle=122
UVM_ERROR uvm_tb.sv(1312) @ 1036000: uvm_test_top.env.sb [SB/SYM] MISMATCH exp=090 act=000 ph=PH_IDLE cycle=123
UVM_ERROR uvm_tb.sv(1312) @ 1044000: uvm_test_top.env.sb [SB/SYM] MISMATCH exp=090 act=096 ph=PH_IDLE cycle=124
UVM_ERROR uvm_tb.sv(1312) @ 1052000: uvm_test_top.env.sb [SB/SYM] MISMATCH exp=006 act=1b0 ph=PH_IDLE cycle=125
UVM_ERROR uvm_tb.sv(1312) @ 1060000: uvm_test_top.env.sb [SB/SYM] MISMATCH exp=080 act=006 ph=PH_IDLE cycle=126
UVM_ERROR uvm_tb.sv(1312) @ 1068000: uvm_test_top.env.sb [SB/SYM] MISMATCH exp=032 act=002 ph=PH_IDLE cycle=127
UVM_ERROR uvm_tb.sv(1312) @ 1076000: uvm_test_top.env.sb [SB/SYM] MISMATCH exp=032 act=1b0 ph=PH_IDLE cycle=128
UVM_ERROR uvm_tb.sv(1312) @ 1084000: uvm_test_top.env.sb [SB/SYM] MISMATCH exp=080 act=0b2 ph=PH_IDLE cycle=129
UVM_ERROR uvm_tb.sv(1312) @ 1092000: uvm_test_top.env.sb [SB/SYM] MISMATCH exp=1b2 act=000 ph=PH_IDLE cycle=130
UVM_ERROR uvm_tb.sv(1312) @ 1100000: uvm_test_top.env.sb [SB/SYM] MISMATCH exp=000 act=180 ph=PH_IDLE cycle=131
UVM_ERROR uvm_tb.sv(1312) @ 1108000: uvm_test_top.env.sb [SB/SYM] MISMATCH exp=cb2 act=032 ph=PH_IDLE cycle=132
UVM_ERROR uvm_tb.sv(1312) @ 1116000: uvm_test_top.env.sb [SB/SYM] MISMATCH exp=400 act=086 ph=PH_IDLE cycle=133
UVM_ERROR uvm_tb.sv(1312) @ 1124000: uvm_test_top.env.sb [SB/SYM] MISMATCH exp=596 act=010 ph=PH_IDLE cycle=134
UVM_ERROR uvm_tb.sv(1312) @ 1132000: uvm_test_top.env.sb [SB/SYM] MISMATCH exp=000 act=030 ph=PH_IDLE cycle=135
UVM_INFO /home/morris/uvm-1.2/src/base/uvm_objection.svh(1270) @ 1140000: reporter [TEST_DONE] 'run' phase is ready to proceed to the 'extract' phase
UVM_INFO uvm_tb.sv(1645) @ 1140000: uvm_test_top.env.cov [COV] ======= COVERAGE =======
UVM_INFO uvm_tb.sv(1647) @ 1140000: uvm_test_top.env.cov [COV]   stream_phase : 100.0%
UVM_INFO uvm_tb.sv(1649) @ 1140000: uvm_test_top.env.cov [COV]   pam5_sym     : 100.0%
UVM_INFO uvm_tb.sv(1651) @ 1140000: uvm_test_top.env.cov [COV]   sign_reversal: 100.0%
UVM_INFO uvm_tb.sv(1653) @ 1140000: uvm_test_top.env.cov [COV]   sdd_pattern  : 100.0%
UVM_INFO uvm_tb.sv(1655) @ 1140000: uvm_test_top.env.cov [COV]   esd_pattern  : 100.0%
UVM_INFO uvm_tb.sv(1657) @ 1140000: uvm_test_top.env.cov [COV]   phase_trans  : 100.0%
UVM_INFO uvm_tb.sv(1660) @ 1140000: uvm_test_top.env.cov [COV]   txen_edges   : 100.0%
UVM_INFO uvm_tb.sv(1662) @ 1140000: uvm_test_top.env.cov [COV]   din_ranges   : 100.0%
UVM_INFO uvm_tb.sv(1664) @ 1140000: uvm_test_top.env.cov [COV]   din7_data    : 100.0%
UVM_INFO uvm_tb.sv(1666) @ 1140000: uvm_test_top.env.cov [COV]   csr_patterns : 12.5%
UVM_INFO uvm_tb.sv(1668) @ 1140000: uvm_test_top.env.cov [COV]   esd_mismatch : 75.0%
UVM_INFO uvm_tb.sv(1670) @ 1140000: uvm_test_top.env.cov [COV]   pkt_length   : 100.0%
UVM_INFO uvm_tb.sv(1672) @ 1140000: uvm_test_top.env.cov [COV]   b2b_trans    : 66.7%
UVM_INFO uvm_tb.sv(1674) @ 1140000: uvm_test_top.env.cov [COV]   txen_x_din7  : 100.0%
UVM_INFO uvm_tb.sv(1676) @ 1140000: uvm_test_top.env.cov [COV] ========================
UVM_INFO uvm_tb.sv(1322) @ 1140000: uvm_test_top.env.sb [SB] ============ SCOREBOARD ============
UVM_INFO uvm_tb.sv(1323) @ 1140000: uvm_test_top.env.sb [SB]   Total   : 135
UVM_INFO uvm_tb.sv(1324) @ 1140000: uvm_test_top.env.sb [SB]   Passed  : 160
UVM_INFO uvm_tb.sv(1325) @ 1140000: uvm_test_top.env.sb [SB]   Failed  : 99
UVM_INFO uvm_tb.sv(1326) @ 1140000: uvm_test_top.env.sb [SB]   PAM5 err: 0
UVM_INFO uvm_tb.sv(1327) @ 1140000: uvm_test_top.env.sb [SB]   Seq  err: 0
UVM_INFO uvm_tb.sv(1328) @ 1140000: uvm_test_top.env.sb [SB]   Sym  err: 99
UVM_ERROR uvm_tb.sv(1332) @ 1140000: uvm_test_top.env.sb [SB]   *** 99 FAILURES ***
UVM_INFO uvm_tb.sv(1333) @ 1140000: uvm_test_top.env.sb [SB] ====================================
UVM_INFO /home/morris/uvm-1.2/src/base/uvm_report_server.svh(847) @ 1140000: reporter [UVM/REPORT/SERVER] 
--- UVM Report Summary ---

** Report counts by severity
UVM_INFO :   28
UVM_WARNING :    0
UVM_ERROR :  100
UVM_FATAL :    0
** Report counts by id
[COV]    16
[RNTST]     1
[SB]     9
[SB/SYM]    99
[TEST]     1
[TEST_DONE]     1
[UVM/RELNOTES]     1

$finish called from file "/home/morris/uvm-1.2/src/base/uvm_root.svh", line 517.
$finish at simulation time              1140000

---------------------------------------------------------------------------
VCS Coverage Metrics: during simulation line, cond, FSM, branch, tgl was monitored
---------------------------------------------------------------------------

 Coverage status: End of All Coverages ...

           V C S   S i m u l a t i o n   R e p o r t 
Time: 1140000 ps
CPU Time:      0.490 seconds;       Data structure size:   0.3Mb
Mon May 11 15:57:16 2026

========================================================
  SCOREBOARD
========================================================
UVM_INFO uvm_tb.sv(1323) @ 1140000: uvm_test_top.env.sb [SB]   Total   : 135
UVM_INFO uvm_tb.sv(1324) @ 1140000: uvm_test_top.env.sb [SB]   Passed  : 160
UVM_INFO uvm_tb.sv(1325) @ 1140000: uvm_test_top.env.sb [SB]   Failed  : 99
UVM_INFO uvm_tb.sv(1326) @ 1140000: uvm_test_top.env.sb [SB]   PAM5 err: 0
UVM_INFO uvm_tb.sv(1327) @ 1140000: uvm_test_top.env.sb [SB]   Seq  err: 0
UVM_INFO uvm_tb.sv(1328) @ 1140000: uvm_test_top.env.sb [SB]   Sym  err: 99
UVM_ERROR uvm_tb.sv(1332) @ 1140000: uvm_test_top.env.sb [SB]   *** 99 FAILURES ***

========================================================
  COVERAGE
========================================================
UVM_INFO uvm_tb.sv(1647) @ 1140000: uvm_test_top.env.cov [COV]   stream_phase : 100.0%
UVM_INFO uvm_tb.sv(1649) @ 1140000: uvm_test_top.env.cov [COV]   pam5_sym     : 100.0%
UVM_INFO uvm_tb.sv(1651) @ 1140000: uvm_test_top.env.cov [COV]   sign_reversal: 100.0%
UVM_INFO uvm_tb.sv(1653) @ 1140000: uvm_test_top.env.cov [COV]   sdd_pattern  : 100.0%
UVM_INFO uvm_tb.sv(1655) @ 1140000: uvm_test_top.env.cov [COV]   esd_pattern  : 100.0%
UVM_INFO uvm_tb.sv(1657) @ 1140000: uvm_test_top.env.cov [COV]   phase_trans  : 100.0%
UVM_INFO uvm_tb.sv(1660) @ 1140000: uvm_test_top.env.cov [COV]   txen_edges   : 100.0%
UVM_INFO uvm_tb.sv(1662) @ 1140000: uvm_test_top.env.cov [COV]   din_ranges   : 100.0%
UVM_INFO uvm_tb.sv(1664) @ 1140000: uvm_test_top.env.cov [COV]   din7_data    : 100.0%
UVM_INFO uvm_tb.sv(1666) @ 1140000: uvm_test_top.env.cov [COV]   csr_patterns : 12.5%
UVM_INFO uvm_tb.sv(1668) @ 1140000: uvm_test_top.env.cov [COV]   esd_mismatch : 75.0%
UVM_INFO uvm_tb.sv(1670) @ 1140000: uvm_test_top.env.cov [COV]   pkt_length   : 100.0%
UVM_INFO uvm_tb.sv(1672) @ 1140000: uvm_test_top.env.cov [COV]   b2b_trans    : 66.7%
UVM_INFO uvm_tb.sv(1674) @ 1140000: uvm_test_top.env.cov [COV]   txen_x_din7  : 100.0%

  Log     : sim_pcs_zeros_test.log
  Coverage: coverage.vdb/
========================================================
  STATUS: PASSED -- pcs_zeros_test

========================================================
  RUNNING: pcs_diag2b_zeros_test
========================================================

========================================================
  Test : pcs_diag2b_zeros_test
  Files: DUTS26_0.sv uvm_tb.sv
========================================================
=== Compiling ===
/apps/synopsys/vcs_2023/vcs/U-2023.03-SP2-8/bin/vcs: line 3860: lsb_release: command not found

Warning-[LNX_OS_VERUN] Unsupported Linux version
  Linux version 'Red Hat Enterprise Linux release 9.6 (Plow)' is not supported
  on 'x86_64' officially, assuming linux compatibility by default. Set 
  VCS_ARCH_OVERRIDE to linux or suse32 to override.
  Please refer to release notes for information on supported platforms.

                         Chronologic VCS (TM)
      Version U-2023.03-SP2-8_Full64 -- Mon May 11 15:57:17 2026

                    Copyright (c) 1991 - 2024 Synopsys, Inc.
   This software and the associated documentation are proprietary to Synopsys,
 Inc. This software may only be used in accordance with the terms and conditions
 of a written license agreement with Synopsys, Inc. All other use, reproduction,
   or distribution of this software is strictly prohibited.  Licensed Products
     communicate with Synopsys servers for the purpose of providing software
    updates, detecting software piracy and verifying that customers are using
    Licensed Products in conformity with the applicable License Key for such
  Licensed Products. Synopsys will use information gathered in connection with
    this process to deliver software updates and pursue software pirates and
                                   infringers.

 Inclusivity & Diversity - Visit SolvNetPlus to read the "Synopsys Statement on
            Inclusivity and Diversity" (Refer to article 000036315 at
                        https://solvnetplus.synopsys.com)

The design hasn't changed and need not be recompiled. 
If you really want to, delete file simv.daidir/.vcs.timestamp and
run VCS again.

=== Compile OK ===
=== Simulating: pcs_diag2b_zeros_test ===
Info: [VCS_SAVE_RESTORE_INFO] ASLR (Address Space Layout Randomization) is detected on the machine. To enable $save functionality, ASLR will be switched off and simv re-executed.
Please use '-no_save' simv switch to avoid re-execution or '-suppress=ASLR_DETECTED_INFO' to suppress this message.
Chronologic VCS simulator copyright 1991-2023
Contains Synopsys proprietary information.
Compiler version U-2023.03-SP2-8_Full64; Runtime version U-2023.03-SP2-8_Full64;  May 11 15:57 2026
UVM_INFO /home/morris/uvm-1.2/src/base/uvm_root.svh(392) @ 0: reporter [UVM/RELNOTES] 
----------------------------------------------------------------
UVM-1.2
(C) 2007-2014 Mentor Graphics Corporation
(C) 2007-2014 Cadence Design Systems, Inc.
(C) 2006-2014 Synopsys, Inc.
(C) 2011-2013 Cypress Semiconductor Corp.
(C) 2013-2014 NVIDIA Corporation
----------------------------------------------------------------

  ***********       IMPORTANT RELEASE NOTES         ************

  You are using a version of the UVM library that has been compiled
  with `UVM_NO_DEPRECATED undefined.
  See http://www.eda.org/svdb/view.php?id=3313 for more details.

  You are using a version of the UVM library that has been compiled
  with `UVM_OBJECT_DO_NOT_NEED_CONSTRUCTOR undefined.
  See http://www.eda.org/svdb/view.php?id=3770 for more details.

      (Specify +UVM_NO_RELNOTES to turn off this notice)


 VCS Coverage Metrics Release U-2023.03-SP2-8_Full64 Copyright (c) 1991-2023 by Synopsys Inc.
UVM_INFO @ 0: reporter [RNTST] Running test pcs_diag2b_zeros_test...
UVM_INFO uvm_tb.sv(2009) @ 0: uvm_test_top [TEST] === DIAG: 2-byte all-zeros (len=2, idle=4, pay=0x00) ===
"uvm_tb.sv", 2217: pcs_tb_top.AST_NOX_A: started at 4000ps failed at 4000ps
	Offending '(!$isunknown(pcs_tb_top.dut_if.Dout[3]))'
Error: "uvm_tb.sv", 2217: pcs_tb_top.AST_NOX_A: at time 4000 ps
[ASSERT/NOX] lane A is X/Z @ 4000
"uvm_tb.sv", 2219: pcs_tb_top.AST_NOX_B: started at 4000ps failed at 4000ps
	Offending '(!$isunknown(pcs_tb_top.dut_if.Dout[2]))'
Error: "uvm_tb.sv", 2219: pcs_tb_top.AST_NOX_B: at time 4000 ps
[ASSERT/NOX] lane B is X/Z @ 4000
"uvm_tb.sv", 2221: pcs_tb_top.AST_NOX_C: started at 4000ps failed at 4000ps
	Offending '(!$isunknown(pcs_tb_top.dut_if.Dout[1]))'
Error: "uvm_tb.sv", 2221: pcs_tb_top.AST_NOX_C: at time 4000 ps
[ASSERT/NOX] lane C is X/Z @ 4000
"uvm_tb.sv", 2223: pcs_tb_top.AST_NOX_D: started at 4000ps failed at 4000ps
	Offending '(!$isunknown(pcs_tb_top.dut_if.Dout[0]))'
Error: "uvm_tb.sv", 2223: pcs_tb_top.AST_NOX_D: at time 4000 ps
[ASSERT/NOX] lane D is X/Z @ 4000
UVM_ERROR uvm_tb.sv(1312) @ 68000: uvm_test_top.env.sb [SB/SYM] MISMATCH exp=db0 act=036 ph=PH_IDLE cycle=2
UVM_ERROR uvm_tb.sv(1312) @ 76000: uvm_test_top.env.sb [SB/SYM] MISMATCH exp=006 act=180 ph=PH_IDLE cycle=3
UVM_ERROR uvm_tb.sv(1312) @ 84000: uvm_test_top.env.sb [SB/SYM] MISMATCH exp=1b0 act=036 ph=PH_IDLE cycle=4
UVM_ERROR uvm_tb.sv(1312) @ 92000: uvm_test_top.env.sb [SB/SYM] MISMATCH exp=006 act=000 ph=PH_IDLE cycle=5
UVM_ERROR uvm_tb.sv(1312) @ 100000: uvm_test_top.env.sb [SB/SYM] MISMATCH exp=0b0 act=0b6 ph=PH_IDLE cycle=6
UVM_ERROR uvm_tb.sv(1312) @ 108000: uvm_test_top.env.sb [SB/SYM] MISMATCH exp=006 act=180 ph=PH_SDD cycle=7
"uvm_tb.sv", 2275: pcs_tb_top.AST_SDD1_NONZERO: started at 108000ps failed at 108000ps
	Offending '((((pcs_tb_top.dut_if.Dout[3] inside {3'b010, 3'b110}) && (pcs_tb_top.dut_if.Dout[2] inside {3'b010, 3'b110})) && (pcs_tb_top.dut_if.Dout[1] inside {3'b010, 3'b110})) && (pcs_tb_top.dut_if.Dout[0] inside {3'b010, 3'b110}))'
Error: "uvm_tb.sv", 2275: pcs_tb_top.AST_SDD1_NONZERO: at time 108000 ps
[ASSERT/SDD] SDD1: lane(s) not ±2 at TX_EN rise: got 180 @ 108000
"uvm_tb.sv", 2355: pcs_tb_top.AST_SDD_EXACTLY2: started at 108000ps failed at 124000ps
	Offending '(!((((pcs_tb_top.dut_if.Dout[3] inside {3'b010, 3'b110}) && (pcs_tb_top.dut_if.Dout[2] inside {3'b010, 3'b110})) && (pcs_tb_top.dut_if.Dout[1] inside {3'b010, 3'b110})) && (pcs_tb_top.dut_if.Dout[0] inside {3'b010, 3'b110})))'
Error: "uvm_tb.sv", 2355: pcs_tb_top.AST_SDD_EXACTLY2: at time 124000 ps
[ASSERT/ORDER] All-±2 output persists after SDD2 (stuck in SDD?) @ 124000
UVM_ERROR uvm_tb.sv(1312) @ 132000: uvm_test_top.env.sb [SB/SYM] MISMATCH exp=030 act=036 ph=PH_DATA cycle=10
UVM_ERROR uvm_tb.sv(1312) @ 140000: uvm_test_top.env.sb [SB/SYM] MISMATCH exp=032 act=030 ph=PH_CSR cycle=11
UVM_ERROR uvm_tb.sv(1312) @ 156000: uvm_test_top.env.sb [SB/SYM] MISMATCH exp=c96 act=592 ph=PH_ESD cycle=13
UVM_ERROR uvm_tb.sv(1312) @ 164000: uvm_test_top.env.sb [SB/SYM] MISMATCH exp=db6 act=492 ph=PH_ESD cycle=14
"uvm_tb.sv", 2372: pcs_tb_top.AST_ESD_EXACTLY2: started at 140000ps failed at 172000ps
	Offending '(!((((pcs_tb_top.dut_if.Dout[3] inside {3'b010, 3'b110}) && (pcs_tb_top.dut_if.Dout[2] inside {3'b010, 3'b110})) && (pcs_tb_top.dut_if.Dout[1] inside {3'b010, 3'b110})) && (pcs_tb_top.dut_if.Dout[0] inside {3'b010, 3'b110})))'
Error: "uvm_tb.sv", 2372: pcs_tb_top.AST_ESD_EXACTLY2: at time 172000 ps
[ASSERT/ORDER] All-±2 output persists after ESD2 (stuck in ESD?) @ 172000
UVM_ERROR uvm_tb.sv(1312) @ 180000: uvm_test_top.env.sb [SB/SYM] MISMATCH exp=096 act=016 ph=PH_SDD cycle=16
"uvm_tb.sv", 2275: pcs_tb_top.AST_SDD1_NONZERO: started at 180000ps failed at 180000ps
	Offending '((((pcs_tb_top.dut_if.Dout[3] inside {3'b010, 3'b110}) && (pcs_tb_top.dut_if.Dout[2] inside {3'b010, 3'b110})) && (pcs_tb_top.dut_if.Dout[1] inside {3'b010, 3'b110})) && (pcs_tb_top.dut_if.Dout[0] inside {3'b010, 3'b110}))'
Error: "uvm_tb.sv", 2275: pcs_tb_top.AST_SDD1_NONZERO: at time 180000 ps
[ASSERT/SDD] SDD1: lane(s) not ±2 at TX_EN rise: got 016 @ 180000
"uvm_tb.sv", 2355: pcs_tb_top.AST_SDD_EXACTLY2: started at 180000ps failed at 196000ps
	Offending '(!((((pcs_tb_top.dut_if.Dout[3] inside {3'b010, 3'b110}) && (pcs_tb_top.dut_if.Dout[2] inside {3'b010, 3'b110})) && (pcs_tb_top.dut_if.Dout[1] inside {3'b010, 3'b110})) && (pcs_tb_top.dut_if.Dout[0] inside {3'b010, 3'b110})))'
Error: "uvm_tb.sv", 2355: pcs_tb_top.AST_SDD_EXACTLY2: at time 196000 ps
[ASSERT/ORDER] All-±2 output persists after SDD2 (stuck in SDD?) @ 196000
UVM_ERROR uvm_tb.sv(1312) @ 204000: uvm_test_top.env.sb [SB/SYM] MISMATCH exp=096 act=080 ph=PH_DATA cycle=19
UVM_ERROR uvm_tb.sv(1312) @ 212000: uvm_test_top.env.sb [SB/SYM] MISMATCH exp=03f act=089 ph=PH_CSR cycle=20
UVM_ERROR uvm_tb.sv(1312) @ 228000: uvm_test_top.env.sb [SB/SYM] MISMATCH exp=d89 act=596 ph=PH_ESD cycle=22
UVM_ERROR uvm_tb.sv(1312) @ 236000: uvm_test_top.env.sb [SB/SYM] MISMATCH exp=db6 act=5b2 ph=PH_ESD cycle=23
"uvm_tb.sv", 2372: pcs_tb_top.AST_ESD_EXACTLY2: started at 212000ps failed at 244000ps
	Offending '(!((((pcs_tb_top.dut_if.Dout[3] inside {3'b010, 3'b110}) && (pcs_tb_top.dut_if.Dout[2] inside {3'b010, 3'b110})) && (pcs_tb_top.dut_if.Dout[1] inside {3'b010, 3'b110})) && (pcs_tb_top.dut_if.Dout[0] inside {3'b010, 3'b110})))'
Error: "uvm_tb.sv", 2372: pcs_tb_top.AST_ESD_EXACTLY2: at time 244000 ps
[ASSERT/ORDER] All-±2 output persists after ESD2 (stuck in ESD?) @ 244000
UVM_ERROR uvm_tb.sv(1312) @ 252000: uvm_test_top.env.sb [SB/SYM] MISMATCH exp=000 act=080 ph=PH_SDD cycle=25
"uvm_tb.sv", 2275: pcs_tb_top.AST_SDD1_NONZERO: started at 252000ps failed at 252000ps
	Offending '((((pcs_tb_top.dut_if.Dout[3] inside {3'b010, 3'b110}) && (pcs_tb_top.dut_if.Dout[2] inside {3'b010, 3'b110})) && (pcs_tb_top.dut_if.Dout[1] inside {3'b010, 3'b110})) && (pcs_tb_top.dut_if.Dout[0] inside {3'b010, 3'b110}))'
Error: "uvm_tb.sv", 2275: pcs_tb_top.AST_SDD1_NONZERO: at time 252000 ps
[ASSERT/SDD] SDD1: lane(s) not ±2 at TX_EN rise: got 080 @ 252000
"uvm_tb.sv", 2355: pcs_tb_top.AST_SDD_EXACTLY2: started at 252000ps failed at 268000ps
	Offending '(!((((pcs_tb_top.dut_if.Dout[3] inside {3'b010, 3'b110}) && (pcs_tb_top.dut_if.Dout[2] inside {3'b010, 3'b110})) && (pcs_tb_top.dut_if.Dout[1] inside {3'b010, 3'b110})) && (pcs_tb_top.dut_if.Dout[0] inside {3'b010, 3'b110})))'
Error: "uvm_tb.sv", 2355: pcs_tb_top.AST_SDD_EXACTLY2: at time 268000 ps
[ASSERT/ORDER] All-±2 output persists after SDD2 (stuck in SDD?) @ 268000
UVM_ERROR uvm_tb.sv(1312) @ 276000: uvm_test_top.env.sb [SB/SYM] MISMATCH exp=cb0 act=036 ph=PH_DATA cycle=28
UVM_ERROR uvm_tb.sv(1312) @ 284000: uvm_test_top.env.sb [SB/SYM] MISMATCH exp=0b6 act=030 ph=PH_CSR cycle=29
UVM_ERROR uvm_tb.sv(1312) @ 300000: uvm_test_top.env.sb [SB/SYM] MISMATCH exp=c96 act=5b6 ph=PH_ESD cycle=31
UVM_ERROR uvm_tb.sv(1312) @ 308000: uvm_test_top.env.sb [SB/SYM] MISMATCH exp=db6 act=5b2 ph=PH_ESD cycle=32
"uvm_tb.sv", 2372: pcs_tb_top.AST_ESD_EXACTLY2: started at 284000ps failed at 316000ps
	Offending '(!((((pcs_tb_top.dut_if.Dout[3] inside {3'b010, 3'b110}) && (pcs_tb_top.dut_if.Dout[2] inside {3'b010, 3'b110})) && (pcs_tb_top.dut_if.Dout[1] inside {3'b010, 3'b110})) && (pcs_tb_top.dut_if.Dout[0] inside {3'b010, 3'b110})))'
Error: "uvm_tb.sv", 2372: pcs_tb_top.AST_ESD_EXACTLY2: at time 316000 ps
[ASSERT/ORDER] All-±2 output persists after ESD2 (stuck in ESD?) @ 316000
UVM_ERROR uvm_tb.sv(1312) @ 324000: uvm_test_top.env.sb [SB/SYM] MISMATCH exp=086 act=016 ph=PH_SDD cycle=34
"uvm_tb.sv", 2275: pcs_tb_top.AST_SDD1_NONZERO: started at 324000ps failed at 324000ps
	Offending '((((pcs_tb_top.dut_if.Dout[3] inside {3'b010, 3'b110}) && (pcs_tb_top.dut_if.Dout[2] inside {3'b010, 3'b110})) && (pcs_tb_top.dut_if.Dout[1] inside {3'b010, 3'b110})) && (pcs_tb_top.dut_if.Dout[0] inside {3'b010, 3'b110}))'
Error: "uvm_tb.sv", 2275: pcs_tb_top.AST_SDD1_NONZERO: at time 324000 ps
[ASSERT/SDD] SDD1: lane(s) not ±2 at TX_EN rise: got 016 @ 324000
"uvm_tb.sv", 2355: pcs_tb_top.AST_SDD_EXACTLY2: started at 324000ps failed at 340000ps
	Offending '(!((((pcs_tb_top.dut_if.Dout[3] inside {3'b010, 3'b110}) && (pcs_tb_top.dut_if.Dout[2] inside {3'b010, 3'b110})) && (pcs_tb_top.dut_if.Dout[1] inside {3'b010, 3'b110})) && (pcs_tb_top.dut_if.Dout[0] inside {3'b010, 3'b110})))'
Error: "uvm_tb.sv", 2355: pcs_tb_top.AST_SDD_EXACTLY2: at time 340000 ps
[ASSERT/ORDER] All-±2 output persists after SDD2 (stuck in SDD?) @ 340000
UVM_ERROR uvm_tb.sv(1312) @ 356000: uvm_test_top.env.sb [SB/SYM] MISMATCH exp=041 act=051 ph=PH_CSR cycle=38
UVM_ERROR uvm_tb.sv(1312) @ 364000: uvm_test_top.env.sb [SB/SYM] MISMATCH exp=392 act=df2 ph=PH_CSR cycle=39
UVM_ERROR uvm_tb.sv(1312) @ 372000: uvm_test_top.env.sb [SB/SYM] MISMATCH exp=d89 act=d91 ph=PH_ESD cycle=40
"uvm_tb.sv", 2305: pcs_tb_top.AST_ESD1_NONZERO: started at 356000ps failed at 372000ps
	Offending '((((pcs_tb_top.dut_if.Dout[3] inside {3'b010, 3'b110}) && (pcs_tb_top.dut_if.Dout[2] inside {3'b010, 3'b110})) && (pcs_tb_top.dut_if.Dout[1] inside {3'b010, 3'b110})) && (pcs_tb_top.dut_if.Dout[0] inside {3'b010, 3'b110}))'
Error: "uvm_tb.sv", 2305: pcs_tb_top.AST_ESD1_NONZERO: at time 372000 ps
[ASSERT/ESD] ESD1: lane(s) not ±2 two cycles after TX_EN fall: got d91 @ 372000
UVM_ERROR uvm_tb.sv(1312) @ 380000: uvm_test_top.env.sb [SB/SYM] MISMATCH exp=db6 act=592 ph=PH_ESD cycle=41
"uvm_tb.sv", 2372: pcs_tb_top.AST_ESD_EXACTLY2: started at 356000ps failed at 388000ps
	Offending '(!((((pcs_tb_top.dut_if.Dout[3] inside {3'b010, 3'b110}) && (pcs_tb_top.dut_if.Dout[2] inside {3'b010, 3'b110})) && (pcs_tb_top.dut_if.Dout[1] inside {3'b010, 3'b110})) && (pcs_tb_top.dut_if.Dout[0] inside {3'b010, 3'b110})))'
Error: "uvm_tb.sv", 2372: pcs_tb_top.AST_ESD_EXACTLY2: at time 388000 ps
[ASSERT/ORDER] All-±2 output persists after ESD2 (stuck in ESD?) @ 388000
"uvm_tb.sv", 2275: pcs_tb_top.AST_SDD1_NONZERO: started at 396000ps failed at 396000ps
	Offending '((((pcs_tb_top.dut_if.Dout[3] inside {3'b010, 3'b110}) && (pcs_tb_top.dut_if.Dout[2] inside {3'b010, 3'b110})) && (pcs_tb_top.dut_if.Dout[1] inside {3'b010, 3'b110})) && (pcs_tb_top.dut_if.Dout[0] inside {3'b010, 3'b110}))'
Error: "uvm_tb.sv", 2275: pcs_tb_top.AST_SDD1_NONZERO: at time 396000 ps
[ASSERT/SDD] SDD1: lane(s) not ±2 at TX_EN rise: got 000 @ 396000
"uvm_tb.sv", 2355: pcs_tb_top.AST_SDD_EXACTLY2: started at 396000ps failed at 412000ps
	Offending '(!((((pcs_tb_top.dut_if.Dout[3] inside {3'b010, 3'b110}) && (pcs_tb_top.dut_if.Dout[2] inside {3'b010, 3'b110})) && (pcs_tb_top.dut_if.Dout[1] inside {3'b010, 3'b110})) && (pcs_tb_top.dut_if.Dout[0] inside {3'b010, 3'b110})))'
Error: "uvm_tb.sv", 2355: pcs_tb_top.AST_SDD_EXACTLY2: at time 412000 ps
[ASSERT/ORDER] All-±2 output persists after SDD2 (stuck in SDD?) @ 412000
UVM_ERROR uvm_tb.sv(1312) @ 420000: uvm_test_top.env.sb [SB/SYM] MISMATCH exp=190 act=016 ph=PH_DATA cycle=46
UVM_ERROR uvm_tb.sv(1312) @ 428000: uvm_test_top.env.sb [SB/SYM] MISMATCH exp=04a act=1ca ph=PH_CSR cycle=47
UVM_ERROR uvm_tb.sv(1312) @ 436000: uvm_test_top.env.sb [SB/SYM] MISMATCH exp=297 act=2ba ph=PH_CSR cycle=48
UVM_ERROR uvm_tb.sv(1312) @ 444000: uvm_test_top.env.sb [SB/SYM] MISMATCH exp=c96 act=4b1 ph=PH_ESD cycle=49
"uvm_tb.sv", 2305: pcs_tb_top.AST_ESD1_NONZERO: started at 428000ps failed at 444000ps
	Offending '((((pcs_tb_top.dut_if.Dout[3] inside {3'b010, 3'b110}) && (pcs_tb_top.dut_if.Dout[2] inside {3'b010, 3'b110})) && (pcs_tb_top.dut_if.Dout[1] inside {3'b010, 3'b110})) && (pcs_tb_top.dut_if.Dout[0] inside {3'b010, 3'b110}))'
Error: "uvm_tb.sv", 2305: pcs_tb_top.AST_ESD1_NONZERO: at time 444000 ps
[ASSERT/ESD] ESD1: lane(s) not ±2 two cycles after TX_EN fall: got 4b1 @ 444000
UVM_ERROR uvm_tb.sv(1312) @ 452000: uvm_test_top.env.sb [SB/SYM] MISMATCH exp=db6 act=596 ph=PH_ESD cycle=50
"uvm_tb.sv", 2372: pcs_tb_top.AST_ESD_EXACTLY2: started at 428000ps failed at 460000ps
	Offending '(!((((pcs_tb_top.dut_if.Dout[3] inside {3'b010, 3'b110}) && (pcs_tb_top.dut_if.Dout[2] inside {3'b010, 3'b110})) && (pcs_tb_top.dut_if.Dout[1] inside {3'b010, 3'b110})) && (pcs_tb_top.dut_if.Dout[0] inside {3'b010, 3'b110})))'
Error: "uvm_tb.sv", 2372: pcs_tb_top.AST_ESD_EXACTLY2: at time 460000 ps
[ASSERT/ORDER] All-±2 output persists after ESD2 (stuck in ESD?) @ 460000
UVM_ERROR uvm_tb.sv(1312) @ 468000: uvm_test_top.env.sb [SB/SYM] MISMATCH exp=096 act=006 ph=PH_SDD cycle=52
"uvm_tb.sv", 2275: pcs_tb_top.AST_SDD1_NONZERO: started at 468000ps failed at 468000ps
	Offending '((((pcs_tb_top.dut_if.Dout[3] inside {3'b010, 3'b110}) && (pcs_tb_top.dut_if.Dout[2] inside {3'b010, 3'b110})) && (pcs_tb_top.dut_if.Dout[1] inside {3'b010, 3'b110})) && (pcs_tb_top.dut_if.Dout[0] inside {3'b010, 3'b110}))'
Error: "uvm_tb.sv", 2275: pcs_tb_top.AST_SDD1_NONZERO: at time 468000 ps
[ASSERT/SDD] SDD1: lane(s) not ±2 at TX_EN rise: got 006 @ 468000
"uvm_tb.sv", 2355: pcs_tb_top.AST_SDD_EXACTLY2: started at 468000ps failed at 484000ps
	Offending '(!((((pcs_tb_top.dut_if.Dout[3] inside {3'b010, 3'b110}) && (pcs_tb_top.dut_if.Dout[2] inside {3'b010, 3'b110})) && (pcs_tb_top.dut_if.Dout[1] inside {3'b010, 3'b110})) && (pcs_tb_top.dut_if.Dout[0] inside {3'b010, 3'b110})))'
Error: "uvm_tb.sv", 2355: pcs_tb_top.AST_SDD_EXACTLY2: at time 484000 ps
[ASSERT/ORDER] All-±2 output persists after SDD2 (stuck in SDD?) @ 484000
UVM_ERROR uvm_tb.sv(1312) @ 492000: uvm_test_top.env.sb [SB/SYM] MISMATCH exp=000 act=186 ph=PH_DATA cycle=55
UVM_ERROR uvm_tb.sv(1312) @ 500000: uvm_test_top.env.sb [SB/SYM] MISMATCH exp=000 act=0b0 ph=PH_CSR cycle=56
UVM_ERROR uvm_tb.sv(1312) @ 516000: uvm_test_top.env.sb [SB/SYM] MISMATCH exp=c96 act=492 ph=PH_ESD cycle=58
UVM_ERROR uvm_tb.sv(1312) @ 524000: uvm_test_top.env.sb [SB/SYM] MISMATCH exp=db6 act=c96 ph=PH_ESD cycle=59
"uvm_tb.sv", 2372: pcs_tb_top.AST_ESD_EXACTLY2: started at 500000ps failed at 532000ps
	Offending '(!((((pcs_tb_top.dut_if.Dout[3] inside {3'b010, 3'b110}) && (pcs_tb_top.dut_if.Dout[2] inside {3'b010, 3'b110})) && (pcs_tb_top.dut_if.Dout[1] inside {3'b010, 3'b110})) && (pcs_tb_top.dut_if.Dout[0] inside {3'b010, 3'b110})))'
Error: "uvm_tb.sv", 2372: pcs_tb_top.AST_ESD_EXACTLY2: at time 532000 ps
[ASSERT/ORDER] All-±2 output persists after ESD2 (stuck in ESD?) @ 532000
UVM_ERROR uvm_tb.sv(1312) @ 540000: uvm_test_top.env.sb [SB/SYM] MISMATCH exp=430 act=080 ph=PH_SDD cycle=61
"uvm_tb.sv", 2275: pcs_tb_top.AST_SDD1_NONZERO: started at 540000ps failed at 540000ps
	Offending '((((pcs_tb_top.dut_if.Dout[3] inside {3'b010, 3'b110}) && (pcs_tb_top.dut_if.Dout[2] inside {3'b010, 3'b110})) && (pcs_tb_top.dut_if.Dout[1] inside {3'b010, 3'b110})) && (pcs_tb_top.dut_if.Dout[0] inside {3'b010, 3'b110}))'
Error: "uvm_tb.sv", 2275: pcs_tb_top.AST_SDD1_NONZERO: at time 540000 ps
[ASSERT/SDD] SDD1: lane(s) not ±2 at TX_EN rise: got 080 @ 540000
"uvm_tb.sv", 2355: pcs_tb_top.AST_SDD_EXACTLY2: started at 540000ps failed at 556000ps
	Offending '(!((((pcs_tb_top.dut_if.Dout[3] inside {3'b010, 3'b110}) && (pcs_tb_top.dut_if.Dout[2] inside {3'b010, 3'b110})) && (pcs_tb_top.dut_if.Dout[1] inside {3'b010, 3'b110})) && (pcs_tb_top.dut_if.Dout[0] inside {3'b010, 3'b110})))'
Error: "uvm_tb.sv", 2355: pcs_tb_top.AST_SDD_EXACTLY2: at time 556000 ps
[ASSERT/ORDER] All-±2 output persists after SDD2 (stuck in SDD?) @ 556000
UVM_ERROR uvm_tb.sv(1312) @ 572000: uvm_test_top.env.sb [SB/SYM] MISMATCH exp=e76 act=e46 ph=PH_CSR cycle=65
UVM_ERROR uvm_tb.sv(1312) @ 588000: uvm_test_top.env.sb [SB/SYM] MISMATCH exp=d89 act=4b2 ph=PH_ESD cycle=67
UVM_ERROR uvm_tb.sv(1312) @ 596000: uvm_test_top.env.sb [SB/SYM] MISMATCH exp=db6 act=cb6 ph=PH_ESD cycle=68
"uvm_tb.sv", 2372: pcs_tb_top.AST_ESD_EXACTLY2: started at 572000ps failed at 604000ps
	Offending '(!((((pcs_tb_top.dut_if.Dout[3] inside {3'b010, 3'b110}) && (pcs_tb_top.dut_if.Dout[2] inside {3'b010, 3'b110})) && (pcs_tb_top.dut_if.Dout[1] inside {3'b010, 3'b110})) && (pcs_tb_top.dut_if.Dout[0] inside {3'b010, 3'b110})))'
Error: "uvm_tb.sv", 2372: pcs_tb_top.AST_ESD_EXACTLY2: at time 604000 ps
[ASSERT/ORDER] All-±2 output persists after ESD2 (stuck in ESD?) @ 604000
UVM_ERROR uvm_tb.sv(1312) @ 612000: uvm_test_top.env.sb [SB/SYM] MISMATCH exp=006 act=196 ph=PH_SDD cycle=70
"uvm_tb.sv", 2275: pcs_tb_top.AST_SDD1_NONZERO: started at 612000ps failed at 612000ps
	Offending '((((pcs_tb_top.dut_if.Dout[3] inside {3'b010, 3'b110}) && (pcs_tb_top.dut_if.Dout[2] inside {3'b010, 3'b110})) && (pcs_tb_top.dut_if.Dout[1] inside {3'b010, 3'b110})) && (pcs_tb_top.dut_if.Dout[0] inside {3'b010, 3'b110}))'
Error: "uvm_tb.sv", 2275: pcs_tb_top.AST_SDD1_NONZERO: at time 612000 ps
[ASSERT/SDD] SDD1: lane(s) not ±2 at TX_EN rise: got 196 @ 612000
"uvm_tb.sv", 2355: pcs_tb_top.AST_SDD_EXACTLY2: started at 612000ps failed at 628000ps
	Offending '(!((((pcs_tb_top.dut_if.Dout[3] inside {3'b010, 3'b110}) && (pcs_tb_top.dut_if.Dout[2] inside {3'b010, 3'b110})) && (pcs_tb_top.dut_if.Dout[1] inside {3'b010, 3'b110})) && (pcs_tb_top.dut_if.Dout[0] inside {3'b010, 3'b110})))'
Error: "uvm_tb.sv", 2355: pcs_tb_top.AST_SDD_EXACTLY2: at time 628000 ps
[ASSERT/ORDER] All-±2 output persists after SDD2 (stuck in SDD?) @ 628000
UVM_ERROR uvm_tb.sv(1312) @ 636000: uvm_test_top.env.sb [SB/SYM] MISMATCH exp=002 act=1b2 ph=PH_DATA cycle=73
UVM_ERROR uvm_tb.sv(1312) @ 644000: uvm_test_top.env.sb [SB/SYM] MISMATCH exp=e87 act=eb1 ph=PH_CSR cycle=74
UVM_ERROR uvm_tb.sv(1312) @ 652000: uvm_test_top.env.sb [SB/SYM] MISMATCH exp=2b7 act=28a ph=PH_CSR cycle=75
UVM_ERROR uvm_tb.sv(1312) @ 660000: uvm_test_top.env.sb [SB/SYM] MISMATCH exp=c96 act=591 ph=PH_ESD cycle=76
"uvm_tb.sv", 2305: pcs_tb_top.AST_ESD1_NONZERO: started at 644000ps failed at 660000ps
	Offending '((((pcs_tb_top.dut_if.Dout[3] inside {3'b010, 3'b110}) && (pcs_tb_top.dut_if.Dout[2] inside {3'b010, 3'b110})) && (pcs_tb_top.dut_if.Dout[1] inside {3'b010, 3'b110})) && (pcs_tb_top.dut_if.Dout[0] inside {3'b010, 3'b110}))'
Error: "uvm_tb.sv", 2305: pcs_tb_top.AST_ESD1_NONZERO: at time 660000 ps
[ASSERT/ESD] ESD1: lane(s) not ±2 two cycles after TX_EN fall: got 591 @ 660000
UVM_ERROR uvm_tb.sv(1312) @ 668000: uvm_test_top.env.sb [SB/SYM] MISMATCH exp=db6 act=596 ph=PH_ESD cycle=77
"uvm_tb.sv", 2372: pcs_tb_top.AST_ESD_EXACTLY2: started at 644000ps failed at 676000ps
	Offending '(!((((pcs_tb_top.dut_if.Dout[3] inside {3'b010, 3'b110}) && (pcs_tb_top.dut_if.Dout[2] inside {3'b010, 3'b110})) && (pcs_tb_top.dut_if.Dout[1] inside {3'b010, 3'b110})) && (pcs_tb_top.dut_if.Dout[0] inside {3'b010, 3'b110})))'
Error: "uvm_tb.sv", 2372: pcs_tb_top.AST_ESD_EXACTLY2: at time 676000 ps
[ASSERT/ORDER] All-±2 output persists after ESD2 (stuck in ESD?) @ 676000
UVM_ERROR uvm_tb.sv(1312) @ 684000: uvm_test_top.env.sb [SB/SYM] MISMATCH exp=000 act=080 ph=PH_SDD cycle=79
"uvm_tb.sv", 2275: pcs_tb_top.AST_SDD1_NONZERO: started at 684000ps failed at 684000ps
	Offending '((((pcs_tb_top.dut_if.Dout[3] inside {3'b010, 3'b110}) && (pcs_tb_top.dut_if.Dout[2] inside {3'b010, 3'b110})) && (pcs_tb_top.dut_if.Dout[1] inside {3'b010, 3'b110})) && (pcs_tb_top.dut_if.Dout[0] inside {3'b010, 3'b110}))'
Error: "uvm_tb.sv", 2275: pcs_tb_top.AST_SDD1_NONZERO: at time 684000 ps
[ASSERT/SDD] SDD1: lane(s) not ±2 at TX_EN rise: got 080 @ 684000
"uvm_tb.sv", 2355: pcs_tb_top.AST_SDD_EXACTLY2: started at 684000ps failed at 700000ps
	Offending '(!((((pcs_tb_top.dut_if.Dout[3] inside {3'b010, 3'b110}) && (pcs_tb_top.dut_if.Dout[2] inside {3'b010, 3'b110})) && (pcs_tb_top.dut_if.Dout[1] inside {3'b010, 3'b110})) && (pcs_tb_top.dut_if.Dout[0] inside {3'b010, 3'b110})))'
Error: "uvm_tb.sv", 2355: pcs_tb_top.AST_SDD_EXACTLY2: at time 700000 ps
[ASSERT/ORDER] All-±2 output persists after SDD2 (stuck in SDD?) @ 700000
UVM_ERROR uvm_tb.sv(1312) @ 708000: uvm_test_top.env.sb [SB/SYM] MISMATCH exp=196 act=010 ph=PH_DATA cycle=82
UVM_ERROR uvm_tb.sv(1312) @ 724000: uvm_test_top.env.sb [SB/SYM] MISMATCH exp=396 act=df6 ph=PH_CSR cycle=84
UVM_ERROR uvm_tb.sv(1312) @ 732000: uvm_test_top.env.sb [SB/SYM] MISMATCH exp=d89 act=cb1 ph=PH_ESD cycle=85
"uvm_tb.sv", 2305: pcs_tb_top.AST_ESD1_NONZERO: started at 716000ps failed at 732000ps
	Offending '((((pcs_tb_top.dut_if.Dout[3] inside {3'b010, 3'b110}) && (pcs_tb_top.dut_if.Dout[2] inside {3'b010, 3'b110})) && (pcs_tb_top.dut_if.Dout[1] inside {3'b010, 3'b110})) && (pcs_tb_top.dut_if.Dout[0] inside {3'b010, 3'b110}))'
Error: "uvm_tb.sv", 2305: pcs_tb_top.AST_ESD1_NONZERO: at time 732000 ps
[ASSERT/ESD] ESD1: lane(s) not ±2 two cycles after TX_EN fall: got cb1 @ 732000
UVM_ERROR uvm_tb.sv(1312) @ 740000: uvm_test_top.env.sb [SB/SYM] MISMATCH exp=db6 act=c92 ph=PH_ESD cycle=86
"uvm_tb.sv", 2372: pcs_tb_top.AST_ESD_EXACTLY2: started at 716000ps failed at 748000ps
	Offending '(!((((pcs_tb_top.dut_if.Dout[3] inside {3'b010, 3'b110}) && (pcs_tb_top.dut_if.Dout[2] inside {3'b010, 3'b110})) && (pcs_tb_top.dut_if.Dout[1] inside {3'b010, 3'b110})) && (pcs_tb_top.dut_if.Dout[0] inside {3'b010, 3'b110})))'
Error: "uvm_tb.sv", 2372: pcs_tb_top.AST_ESD_EXACTLY2: at time 748000 ps
[ASSERT/ORDER] All-±2 output persists after ESD2 (stuck in ESD?) @ 748000
UVM_ERROR uvm_tb.sv(1312) @ 756000: uvm_test_top.env.sb [SB/SYM] MISMATCH exp=010 act=000 ph=PH_SDD cycle=88
"uvm_tb.sv", 2275: pcs_tb_top.AST_SDD1_NONZERO: started at 756000ps failed at 756000ps
	Offending '((((pcs_tb_top.dut_if.Dout[3] inside {3'b010, 3'b110}) && (pcs_tb_top.dut_if.Dout[2] inside {3'b010, 3'b110})) && (pcs_tb_top.dut_if.Dout[1] inside {3'b010, 3'b110})) && (pcs_tb_top.dut_if.Dout[0] inside {3'b010, 3'b110}))'
Error: "uvm_tb.sv", 2275: pcs_tb_top.AST_SDD1_NONZERO: at time 756000 ps
[ASSERT/SDD] SDD1: lane(s) not ±2 at TX_EN rise: got 000 @ 756000
"uvm_tb.sv", 2355: pcs_tb_top.AST_SDD_EXACTLY2: started at 756000ps failed at 772000ps
	Offending '(!((((pcs_tb_top.dut_if.Dout[3] inside {3'b010, 3'b110}) && (pcs_tb_top.dut_if.Dout[2] inside {3'b010, 3'b110})) && (pcs_tb_top.dut_if.Dout[1] inside {3'b010, 3'b110})) && (pcs_tb_top.dut_if.Dout[0] inside {3'b010, 3'b110})))'
Error: "uvm_tb.sv", 2355: pcs_tb_top.AST_SDD_EXACTLY2: at time 772000 ps
[ASSERT/ORDER] All-±2 output persists after SDD2 (stuck in SDD?) @ 772000
UVM_ERROR uvm_tb.sv(1312) @ 780000: uvm_test_top.env.sb [SB/SYM] MISMATCH exp=080 act=086 ph=PH_DATA cycle=91
UVM_ERROR uvm_tb.sv(1312) @ 788000: uvm_test_top.env.sb [SB/SYM] MISMATCH exp=1d7 act=5f1 ph=PH_CSR cycle=92
UVM_ERROR uvm_tb.sv(1312) @ 796000: uvm_test_top.env.sb [SB/SYM] MISMATCH exp=3b2 act=dd2 ph=PH_CSR cycle=93
UVM_ERROR uvm_tb.sv(1312) @ 804000: uvm_test_top.env.sb [SB/SYM] MISMATCH exp=d89 act=cb1 ph=PH_ESD cycle=94
"uvm_tb.sv", 2305: pcs_tb_top.AST_ESD1_NONZERO: started at 788000ps failed at 804000ps
	Offending '((((pcs_tb_top.dut_if.Dout[3] inside {3'b010, 3'b110}) && (pcs_tb_top.dut_if.Dout[2] inside {3'b010, 3'b110})) && (pcs_tb_top.dut_if.Dout[1] inside {3'b010, 3'b110})) && (pcs_tb_top.dut_if.Dout[0] inside {3'b010, 3'b110}))'
Error: "uvm_tb.sv", 2305: pcs_tb_top.AST_ESD1_NONZERO: at time 804000 ps
[ASSERT/ESD] ESD1: lane(s) not ±2 two cycles after TX_EN fall: got cb1 @ 804000
UVM_ERROR uvm_tb.sv(1312) @ 812000: uvm_test_top.env.sb [SB/SYM] MISMATCH exp=db6 act=592 ph=PH_ESD cycle=95
"uvm_tb.sv", 2372: pcs_tb_top.AST_ESD_EXACTLY2: started at 788000ps failed at 820000ps
	Offending '(!((((pcs_tb_top.dut_if.Dout[3] inside {3'b010, 3'b110}) && (pcs_tb_top.dut_if.Dout[2] inside {3'b010, 3'b110})) && (pcs_tb_top.dut_if.Dout[1] inside {3'b010, 3'b110})) && (pcs_tb_top.dut_if.Dout[0] inside {3'b010, 3'b110})))'
Error: "uvm_tb.sv", 2372: pcs_tb_top.AST_ESD_EXACTLY2: at time 820000 ps
[ASSERT/ORDER] All-±2 output persists after ESD2 (stuck in ESD?) @ 820000
UVM_ERROR uvm_tb.sv(1312) @ 836000: uvm_test_top.env.sb [SB/SYM] MISMATCH exp=1b0 act=006 ph=PH_IDLE cycle=98
UVM_ERROR uvm_tb.sv(1312) @ 844000: uvm_test_top.env.sb [SB/SYM] MISMATCH exp=002 act=1b2 ph=PH_IDLE cycle=99
UVM_ERROR uvm_tb.sv(1312) @ 852000: uvm_test_top.env.sb [SB/SYM] MISMATCH exp=096 act=000 ph=PH_IDLE cycle=100
UVM_ERROR uvm_tb.sv(1312) @ 860000: uvm_test_top.env.sb [SB/SYM] MISMATCH exp=c00 act=006 ph=PH_IDLE cycle=101
UVM_ERROR uvm_tb.sv(1312) @ 868000: uvm_test_top.env.sb [SB/SYM] MISMATCH exp=092 act=090 ph=PH_IDLE cycle=102
UVM_ERROR uvm_tb.sv(1312) @ 876000: uvm_test_top.env.sb [SB/SYM] MISMATCH exp=000 act=1b0 ph=PH_IDLE cycle=103
UVM_ERROR uvm_tb.sv(1312) @ 884000: uvm_test_top.env.sb [SB/SYM] MISMATCH exp=032 act=002 ph=PH_IDLE cycle=104
UVM_ERROR uvm_tb.sv(1312) @ 892000: uvm_test_top.env.sb [SB/SYM] MISMATCH exp=080 act=086 ph=PH_IDLE cycle=105
UVM_ERROR uvm_tb.sv(1312) @ 900000: uvm_test_top.env.sb [SB/SYM] MISMATCH exp=4b6 act=030 ph=PH_IDLE cycle=106
UVM_ERROR uvm_tb.sv(1312) @ 908000: uvm_test_top.env.sb [SB/SYM] MISMATCH exp=000 act=1b6 ph=PH_IDLE cycle=107
UVM_ERROR uvm_tb.sv(1312) @ 916000: uvm_test_top.env.sb [SB/SYM] MISMATCH exp=1b0 act=000 ph=PH_IDLE cycle=108
UVM_ERROR uvm_tb.sv(1312) @ 924000: uvm_test_top.env.sb [SB/SYM] MISMATCH exp=002 act=0b0 ph=PH_IDLE cycle=109
UVM_ERROR uvm_tb.sv(1312) @ 932000: uvm_test_top.env.sb [SB/SYM] MISMATCH exp=192 act=002 ph=PH_IDLE cycle=110
UVM_ERROR uvm_tb.sv(1312) @ 940000: uvm_test_top.env.sb [SB/SYM] MISMATCH exp=000 act=186 ph=PH_IDLE cycle=111
UVM_ERROR uvm_tb.sv(1312) @ 948000: uvm_test_top.env.sb [SB/SYM] MISMATCH exp=186 act=010 ph=PH_IDLE cycle=112
UVM_ERROR uvm_tb.sv(1312) @ 956000: uvm_test_top.env.sb [SB/SYM] MISMATCH exp=c10 act=180 ph=PH_IDLE cycle=113
UVM_ERROR uvm_tb.sv(1312) @ 964000: uvm_test_top.env.sb [SB/SYM] MISMATCH exp=010 act=016 ph=PH_IDLE cycle=114
UVM_ERROR uvm_tb.sv(1312) @ 972000: uvm_test_top.env.sb [SB/SYM] MISMATCH exp=082 act=080 ph=PH_IDLE cycle=115
UVM_INFO /home/morris/uvm-1.2/src/base/uvm_objection.svh(1270) @ 980000: reporter [TEST_DONE] 'run' phase is ready to proceed to the 'extract' phase
UVM_INFO uvm_tb.sv(1645) @ 980000: uvm_test_top.env.cov [COV] ======= COVERAGE =======
UVM_INFO uvm_tb.sv(1647) @ 980000: uvm_test_top.env.cov [COV]   stream_phase : 100.0%
UVM_INFO uvm_tb.sv(1649) @ 980000: uvm_test_top.env.cov [COV]   pam5_sym     : 100.0%
UVM_INFO uvm_tb.sv(1651) @ 980000: uvm_test_top.env.cov [COV]   sign_reversal: 100.0%
UVM_INFO uvm_tb.sv(1653) @ 980000: uvm_test_top.env.cov [COV]   sdd_pattern  : 100.0%
UVM_INFO uvm_tb.sv(1655) @ 980000: uvm_test_top.env.cov [COV]   esd_pattern  : 50.0%
UVM_INFO uvm_tb.sv(1657) @ 980000: uvm_test_top.env.cov [COV]   phase_trans  : 100.0%
UVM_INFO uvm_tb.sv(1660) @ 980000: uvm_test_top.env.cov [COV]   txen_edges   : 100.0%
UVM_INFO uvm_tb.sv(1662) @ 980000: uvm_test_top.env.cov [COV]   din_ranges   : 75.0%
UVM_INFO uvm_tb.sv(1664) @ 980000: uvm_test_top.env.cov [COV]   din7_data    : 100.0%
UVM_INFO uvm_tb.sv(1666) @ 980000: uvm_test_top.env.cov [COV]   csr_patterns : 0.0%
UVM_INFO uvm_tb.sv(1668) @ 980000: uvm_test_top.env.cov [COV]   esd_mismatch : 75.0%
UVM_INFO uvm_tb.sv(1670) @ 980000: uvm_test_top.env.cov [COV]   pkt_length   : 60.0%
UVM_INFO uvm_tb.sv(1672) @ 980000: uvm_test_top.env.cov [COV]   b2b_trans    : 66.7%
UVM_INFO uvm_tb.sv(1674) @ 980000: uvm_test_top.env.cov [COV]   txen_x_din7  : 100.0%
UVM_INFO uvm_tb.sv(1676) @ 980000: uvm_test_top.env.cov [COV] ========================
UVM_INFO uvm_tb.sv(1322) @ 980000: uvm_test_top.env.sb [SB] ============ SCOREBOARD ============
UVM_INFO uvm_tb.sv(1323) @ 980000: uvm_test_top.env.sb [SB]   Total   : 115
UVM_INFO uvm_tb.sv(1324) @ 980000: uvm_test_top.env.sb [SB]   Passed  : 145
UVM_INFO uvm_tb.sv(1325) @ 980000: uvm_test_top.env.sb [SB]   Failed  : 74
UVM_INFO uvm_tb.sv(1326) @ 980000: uvm_test_top.env.sb [SB]   PAM5 err: 0
UVM_INFO uvm_tb.sv(1327) @ 980000: uvm_test_top.env.sb [SB]   Seq  err: 0
UVM_INFO uvm_tb.sv(1328) @ 980000: uvm_test_top.env.sb [SB]   Sym  err: 74
UVM_ERROR uvm_tb.sv(1332) @ 980000: uvm_test_top.env.sb [SB]   *** 74 FAILURES ***
UVM_INFO uvm_tb.sv(1333) @ 980000: uvm_test_top.env.sb [SB] ====================================
UVM_INFO /home/morris/uvm-1.2/src/base/uvm_report_server.svh(847) @ 980000: reporter [UVM/REPORT/SERVER] 
--- UVM Report Summary ---

** Report counts by severity
UVM_INFO :   28
UVM_WARNING :    0
UVM_ERROR :   75
UVM_FATAL :    0
** Report counts by id
[COV]    16
[RNTST]     1
[SB]     9
[SB/SYM]    74
[TEST]     1
[TEST_DONE]     1
[UVM/RELNOTES]     1

$finish called from file "/home/morris/uvm-1.2/src/base/uvm_root.svh", line 517.
$finish at simulation time               980000

---------------------------------------------------------------------------
VCS Coverage Metrics: during simulation line, cond, FSM, branch, tgl was monitored
---------------------------------------------------------------------------

 Coverage status: End of All Coverages ...

           V C S   S i m u l a t i o n   R e p o r t 
Time: 980000 ps
CPU Time:      0.400 seconds;       Data structure size:   0.3Mb
Mon May 11 15:57:18 2026

========================================================
  SCOREBOARD
========================================================
UVM_INFO uvm_tb.sv(1323) @ 980000: uvm_test_top.env.sb [SB]   Total   : 115
UVM_INFO uvm_tb.sv(1324) @ 980000: uvm_test_top.env.sb [SB]   Passed  : 145
UVM_INFO uvm_tb.sv(1325) @ 980000: uvm_test_top.env.sb [SB]   Failed  : 74
UVM_INFO uvm_tb.sv(1326) @ 980000: uvm_test_top.env.sb [SB]   PAM5 err: 0
UVM_INFO uvm_tb.sv(1327) @ 980000: uvm_test_top.env.sb [SB]   Seq  err: 0
UVM_INFO uvm_tb.sv(1328) @ 980000: uvm_test_top.env.sb [SB]   Sym  err: 74
UVM_ERROR uvm_tb.sv(1332) @ 980000: uvm_test_top.env.sb [SB]   *** 74 FAILURES ***

========================================================
  COVERAGE
========================================================
UVM_INFO uvm_tb.sv(1647) @ 980000: uvm_test_top.env.cov [COV]   stream_phase : 100.0%
UVM_INFO uvm_tb.sv(1649) @ 980000: uvm_test_top.env.cov [COV]   pam5_sym     : 100.0%
UVM_INFO uvm_tb.sv(1651) @ 980000: uvm_test_top.env.cov [COV]   sign_reversal: 100.0%
UVM_INFO uvm_tb.sv(1653) @ 980000: uvm_test_top.env.cov [COV]   sdd_pattern  : 100.0%
UVM_INFO uvm_tb.sv(1655) @ 980000: uvm_test_top.env.cov [COV]   esd_pattern  : 50.0%
UVM_INFO uvm_tb.sv(1657) @ 980000: uvm_test_top.env.cov [COV]   phase_trans  : 100.0%
UVM_INFO uvm_tb.sv(1660) @ 980000: uvm_test_top.env.cov [COV]   txen_edges   : 100.0%
UVM_INFO uvm_tb.sv(1662) @ 980000: uvm_test_top.env.cov [COV]   din_ranges   : 75.0%
UVM_INFO uvm_tb.sv(1664) @ 980000: uvm_test_top.env.cov [COV]   din7_data    : 100.0%
UVM_INFO uvm_tb.sv(1666) @ 980000: uvm_test_top.env.cov [COV]   csr_patterns : 0.0%
UVM_INFO uvm_tb.sv(1668) @ 980000: uvm_test_top.env.cov [COV]   esd_mismatch : 75.0%
UVM_INFO uvm_tb.sv(1670) @ 980000: uvm_test_top.env.cov [COV]   pkt_length   : 60.0%
UVM_INFO uvm_tb.sv(1672) @ 980000: uvm_test_top.env.cov [COV]   b2b_trans    : 66.7%
UVM_INFO uvm_tb.sv(1674) @ 980000: uvm_test_top.env.cov [COV]   txen_x_din7  : 100.0%

  Log     : sim_pcs_diag2b_zeros_test.log
  Coverage: coverage.vdb/
========================================================
  STATUS: PASSED -- pcs_diag2b_zeros_test

========================================================
  RUNNING: pcs_diag2b_ones_test
========================================================

========================================================
  Test : pcs_diag2b_ones_test
  Files: DUTS26_0.sv uvm_tb.sv
========================================================
=== Compiling ===
/apps/synopsys/vcs_2023/vcs/U-2023.03-SP2-8/bin/vcs: line 3860: lsb_release: command not found

Warning-[LNX_OS_VERUN] Unsupported Linux version
  Linux version 'Red Hat Enterprise Linux release 9.6 (Plow)' is not supported
  on 'x86_64' officially, assuming linux compatibility by default. Set 
  VCS_ARCH_OVERRIDE to linux or suse32 to override.
  Please refer to release notes for information on supported platforms.

                         Chronologic VCS (TM)
      Version U-2023.03-SP2-8_Full64 -- Mon May 11 15:57:19 2026

                    Copyright (c) 1991 - 2024 Synopsys, Inc.
   This software and the associated documentation are proprietary to Synopsys,
 Inc. This software may only be used in accordance with the terms and conditions
 of a written license agreement with Synopsys, Inc. All other use, reproduction,
   or distribution of this software is strictly prohibited.  Licensed Products
     communicate with Synopsys servers for the purpose of providing software
    updates, detecting software piracy and verifying that customers are using
    Licensed Products in conformity with the applicable License Key for such
  Licensed Products. Synopsys will use information gathered in connection with
    this process to deliver software updates and pursue software pirates and
                                   infringers.

 Inclusivity & Diversity - Visit SolvNetPlus to read the "Synopsys Statement on
            Inclusivity and Diversity" (Refer to article 000036315 at
                        https://solvnetplus.synopsys.com)

The design hasn't changed and need not be recompiled. 
If you really want to, delete file simv.daidir/.vcs.timestamp and
run VCS again.

=== Compile OK ===
=== Simulating: pcs_diag2b_ones_test ===
Info: [VCS_SAVE_RESTORE_INFO] ASLR (Address Space Layout Randomization) is detected on the machine. To enable $save functionality, ASLR will be switched off and simv re-executed.
Please use '-no_save' simv switch to avoid re-execution or '-suppress=ASLR_DETECTED_INFO' to suppress this message.
Chronologic VCS simulator copyright 1991-2023
Contains Synopsys proprietary information.
Compiler version U-2023.03-SP2-8_Full64; Runtime version U-2023.03-SP2-8_Full64;  May 11 15:57 2026
UVM_INFO /home/morris/uvm-1.2/src/base/uvm_root.svh(392) @ 0: reporter [UVM/RELNOTES] 
----------------------------------------------------------------
UVM-1.2
(C) 2007-2014 Mentor Graphics Corporation
(C) 2007-2014 Cadence Design Systems, Inc.
(C) 2006-2014 Synopsys, Inc.
(C) 2011-2013 Cypress Semiconductor Corp.
(C) 2013-2014 NVIDIA Corporation
----------------------------------------------------------------

  ***********       IMPORTANT RELEASE NOTES         ************

  You are using a version of the UVM library that has been compiled
  with `UVM_NO_DEPRECATED undefined.
  See http://www.eda.org/svdb/view.php?id=3313 for more details.

  You are using a version of the UVM library that has been compiled
  with `UVM_OBJECT_DO_NOT_NEED_CONSTRUCTOR undefined.
  See http://www.eda.org/svdb/view.php?id=3770 for more details.

      (Specify +UVM_NO_RELNOTES to turn off this notice)


 VCS Coverage Metrics Release U-2023.03-SP2-8_Full64 Copyright (c) 1991-2023 by Synopsys Inc.
UVM_INFO @ 0: reporter [RNTST] Running test pcs_diag2b_ones_test...
UVM_INFO uvm_tb.sv(2039) @ 0: uvm_test_top [TEST] === DIAG: 2-byte all-ones (len=2, idle=4, pay=0xFF) ===
"uvm_tb.sv", 2217: pcs_tb_top.AST_NOX_A: started at 4000ps failed at 4000ps
	Offending '(!$isunknown(pcs_tb_top.dut_if.Dout[3]))'
Error: "uvm_tb.sv", 2217: pcs_tb_top.AST_NOX_A: at time 4000 ps
[ASSERT/NOX] lane A is X/Z @ 4000
"uvm_tb.sv", 2219: pcs_tb_top.AST_NOX_B: started at 4000ps failed at 4000ps
	Offending '(!$isunknown(pcs_tb_top.dut_if.Dout[2]))'
Error: "uvm_tb.sv", 2219: pcs_tb_top.AST_NOX_B: at time 4000 ps
[ASSERT/NOX] lane B is X/Z @ 4000
"uvm_tb.sv", 2221: pcs_tb_top.AST_NOX_C: started at 4000ps failed at 4000ps
	Offending '(!$isunknown(pcs_tb_top.dut_if.Dout[1]))'
Error: "uvm_tb.sv", 2221: pcs_tb_top.AST_NOX_C: at time 4000 ps
[ASSERT/NOX] lane C is X/Z @ 4000
"uvm_tb.sv", 2223: pcs_tb_top.AST_NOX_D: started at 4000ps failed at 4000ps
	Offending '(!$isunknown(pcs_tb_top.dut_if.Dout[0]))'
Error: "uvm_tb.sv", 2223: pcs_tb_top.AST_NOX_D: at time 4000 ps
[ASSERT/NOX] lane D is X/Z @ 4000
UVM_ERROR uvm_tb.sv(1312) @ 68000: uvm_test_top.env.sb [SB/SYM] MISMATCH exp=db0 act=036 ph=PH_IDLE cycle=2
UVM_ERROR uvm_tb.sv(1312) @ 76000: uvm_test_top.env.sb [SB/SYM] MISMATCH exp=006 act=180 ph=PH_IDLE cycle=3
UVM_ERROR uvm_tb.sv(1312) @ 84000: uvm_test_top.env.sb [SB/SYM] MISMATCH exp=1b0 act=036 ph=PH_IDLE cycle=4
UVM_ERROR uvm_tb.sv(1312) @ 92000: uvm_test_top.env.sb [SB/SYM] MISMATCH exp=006 act=000 ph=PH_IDLE cycle=5
UVM_ERROR uvm_tb.sv(1312) @ 100000: uvm_test_top.env.sb [SB/SYM] MISMATCH exp=0b0 act=0b6 ph=PH_IDLE cycle=6
UVM_ERROR uvm_tb.sv(1312) @ 108000: uvm_test_top.env.sb [SB/SYM] MISMATCH exp=006 act=180 ph=PH_SDD cycle=7
"uvm_tb.sv", 2275: pcs_tb_top.AST_SDD1_NONZERO: started at 108000ps failed at 108000ps
	Offending '((((pcs_tb_top.dut_if.Dout[3] inside {3'b010, 3'b110}) && (pcs_tb_top.dut_if.Dout[2] inside {3'b010, 3'b110})) && (pcs_tb_top.dut_if.Dout[1] inside {3'b010, 3'b110})) && (pcs_tb_top.dut_if.Dout[0] inside {3'b010, 3'b110}))'
Error: "uvm_tb.sv", 2275: pcs_tb_top.AST_SDD1_NONZERO: at time 108000 ps
[ASSERT/SDD] SDD1: lane(s) not ±2 at TX_EN rise: got 180 @ 108000
"uvm_tb.sv", 2355: pcs_tb_top.AST_SDD_EXACTLY2: started at 108000ps failed at 124000ps
	Offending '(!((((pcs_tb_top.dut_if.Dout[3] inside {3'b010, 3'b110}) && (pcs_tb_top.dut_if.Dout[2] inside {3'b010, 3'b110})) && (pcs_tb_top.dut_if.Dout[1] inside {3'b010, 3'b110})) && (pcs_tb_top.dut_if.Dout[0] inside {3'b010, 3'b110})))'
Error: "uvm_tb.sv", 2355: pcs_tb_top.AST_SDD_EXACTLY2: at time 124000 ps
[ASSERT/ORDER] All-±2 output persists after SDD2 (stuck in SDD?) @ 124000
UVM_ERROR uvm_tb.sv(1312) @ 132000: uvm_test_top.env.sb [SB/SYM] MISMATCH exp=030 act=036 ph=PH_DATA cycle=10
UVM_ERROR uvm_tb.sv(1312) @ 140000: uvm_test_top.env.sb [SB/SYM] MISMATCH exp=3b8 act=388 ph=PH_CSR cycle=11
UVM_ERROR uvm_tb.sv(1312) @ 148000: uvm_test_top.env.sb [SB/SYM] MISMATCH exp=2b2 act=38a ph=PH_CSR cycle=12
UVM_ERROR uvm_tb.sv(1312) @ 156000: uvm_test_top.env.sb [SB/SYM] MISMATCH exp=d89 act=5b7 ph=PH_ESD cycle=13
"uvm_tb.sv", 2305: pcs_tb_top.AST_ESD1_NONZERO: started at 140000ps failed at 156000ps
	Offending '((((pcs_tb_top.dut_if.Dout[3] inside {3'b010, 3'b110}) && (pcs_tb_top.dut_if.Dout[2] inside {3'b010, 3'b110})) && (pcs_tb_top.dut_if.Dout[1] inside {3'b010, 3'b110})) && (pcs_tb_top.dut_if.Dout[0] inside {3'b010, 3'b110}))'
Error: "uvm_tb.sv", 2305: pcs_tb_top.AST_ESD1_NONZERO: at time 156000 ps
[ASSERT/ESD] ESD1: lane(s) not ±2 two cycles after TX_EN fall: got 5b7 @ 156000
UVM_ERROR uvm_tb.sv(1312) @ 164000: uvm_test_top.env.sb [SB/SYM] MISMATCH exp=db6 act=492 ph=PH_ESD cycle=14
"uvm_tb.sv", 2372: pcs_tb_top.AST_ESD_EXACTLY2: started at 140000ps failed at 172000ps
	Offending '(!((((pcs_tb_top.dut_if.Dout[3] inside {3'b010, 3'b110}) && (pcs_tb_top.dut_if.Dout[2] inside {3'b010, 3'b110})) && (pcs_tb_top.dut_if.Dout[1] inside {3'b010, 3'b110})) && (pcs_tb_top.dut_if.Dout[0] inside {3'b010, 3'b110})))'
Error: "uvm_tb.sv", 2372: pcs_tb_top.AST_ESD_EXACTLY2: at time 172000 ps
[ASSERT/ORDER] All-±2 output persists after ESD2 (stuck in ESD?) @ 172000
UVM_ERROR uvm_tb.sv(1312) @ 180000: uvm_test_top.env.sb [SB/SYM] MISMATCH exp=096 act=016 ph=PH_SDD cycle=16
"uvm_tb.sv", 2275: pcs_tb_top.AST_SDD1_NONZERO: started at 180000ps failed at 180000ps
	Offending '((((pcs_tb_top.dut_if.Dout[3] inside {3'b010, 3'b110}) && (pcs_tb_top.dut_if.Dout[2] inside {3'b010, 3'b110})) && (pcs_tb_top.dut_if.Dout[1] inside {3'b010, 3'b110})) && (pcs_tb_top.dut_if.Dout[0] inside {3'b010, 3'b110}))'
Error: "uvm_tb.sv", 2275: pcs_tb_top.AST_SDD1_NONZERO: at time 180000 ps
[ASSERT/SDD] SDD1: lane(s) not ±2 at TX_EN rise: got 016 @ 180000
"uvm_tb.sv", 2355: pcs_tb_top.AST_SDD_EXACTLY2: started at 180000ps failed at 196000ps
	Offending '(!((((pcs_tb_top.dut_if.Dout[3] inside {3'b010, 3'b110}) && (pcs_tb_top.dut_if.Dout[2] inside {3'b010, 3'b110})) && (pcs_tb_top.dut_if.Dout[1] inside {3'b010, 3'b110})) && (pcs_tb_top.dut_if.Dout[0] inside {3'b010, 3'b110})))'
Error: "uvm_tb.sv", 2355: pcs_tb_top.AST_SDD_EXACTLY2: at time 196000 ps
[ASSERT/ORDER] All-±2 output persists after SDD2 (stuck in SDD?) @ 196000
UVM_ERROR uvm_tb.sv(1312) @ 204000: uvm_test_top.env.sb [SB/SYM] MISMATCH exp=096 act=080 ph=PH_DATA cycle=19
UVM_ERROR uvm_tb.sv(1312) @ 212000: uvm_test_top.env.sb [SB/SYM] MISMATCH exp=c4e act=f87 ph=PH_CSR cycle=20
UVM_ERROR uvm_tb.sv(1312) @ 220000: uvm_test_top.env.sb [SB/SYM] MISMATCH exp=3b7 act=c52 ph=PH_CSR cycle=21
UVM_ERROR uvm_tb.sv(1312) @ 228000: uvm_test_top.env.sb [SB/SYM] MISMATCH exp=c96 act=5b1 ph=PH_ESD cycle=22
"uvm_tb.sv", 2305: pcs_tb_top.AST_ESD1_NONZERO: started at 212000ps failed at 228000ps
	Offending '((((pcs_tb_top.dut_if.Dout[3] inside {3'b010, 3'b110}) && (pcs_tb_top.dut_if.Dout[2] inside {3'b010, 3'b110})) && (pcs_tb_top.dut_if.Dout[1] inside {3'b010, 3'b110})) && (pcs_tb_top.dut_if.Dout[0] inside {3'b010, 3'b110}))'
Error: "uvm_tb.sv", 2305: pcs_tb_top.AST_ESD1_NONZERO: at time 228000 ps
[ASSERT/ESD] ESD1: lane(s) not ±2 two cycles after TX_EN fall: got 5b1 @ 228000
UVM_ERROR uvm_tb.sv(1312) @ 236000: uvm_test_top.env.sb [SB/SYM] MISMATCH exp=db6 act=5b2 ph=PH_ESD cycle=23
"uvm_tb.sv", 2372: pcs_tb_top.AST_ESD_EXACTLY2: started at 212000ps failed at 244000ps
	Offending '(!((((pcs_tb_top.dut_if.Dout[3] inside {3'b010, 3'b110}) && (pcs_tb_top.dut_if.Dout[2] inside {3'b010, 3'b110})) && (pcs_tb_top.dut_if.Dout[1] inside {3'b010, 3'b110})) && (pcs_tb_top.dut_if.Dout[0] inside {3'b010, 3'b110})))'
Error: "uvm_tb.sv", 2372: pcs_tb_top.AST_ESD_EXACTLY2: at time 244000 ps
[ASSERT/ORDER] All-±2 output persists after ESD2 (stuck in ESD?) @ 244000
UVM_ERROR uvm_tb.sv(1312) @ 252000: uvm_test_top.env.sb [SB/SYM] MISMATCH exp=000 act=080 ph=PH_SDD cycle=25
"uvm_tb.sv", 2275: pcs_tb_top.AST_SDD1_NONZERO: started at 252000ps failed at 252000ps
	Offending '((((pcs_tb_top.dut_if.Dout[3] inside {3'b010, 3'b110}) && (pcs_tb_top.dut_if.Dout[2] inside {3'b010, 3'b110})) && (pcs_tb_top.dut_if.Dout[1] inside {3'b010, 3'b110})) && (pcs_tb_top.dut_if.Dout[0] inside {3'b010, 3'b110}))'
Error: "uvm_tb.sv", 2275: pcs_tb_top.AST_SDD1_NONZERO: at time 252000 ps
[ASSERT/SDD] SDD1: lane(s) not ±2 at TX_EN rise: got 080 @ 252000
"uvm_tb.sv", 2355: pcs_tb_top.AST_SDD_EXACTLY2: started at 252000ps failed at 268000ps
	Offending '(!((((pcs_tb_top.dut_if.Dout[3] inside {3'b010, 3'b110}) && (pcs_tb_top.dut_if.Dout[2] inside {3'b010, 3'b110})) && (pcs_tb_top.dut_if.Dout[1] inside {3'b010, 3'b110})) && (pcs_tb_top.dut_if.Dout[0] inside {3'b010, 3'b110})))'
Error: "uvm_tb.sv", 2355: pcs_tb_top.AST_SDD_EXACTLY2: at time 268000 ps
[ASSERT/ORDER] All-±2 output persists after SDD2 (stuck in SDD?) @ 268000
UVM_ERROR uvm_tb.sv(1312) @ 276000: uvm_test_top.env.sb [SB/SYM] MISMATCH exp=cb0 act=c36 ph=PH_DATA cycle=28
UVM_ERROR uvm_tb.sv(1312) @ 284000: uvm_test_top.env.sb [SB/SYM] MISMATCH exp=e38 act=e88 ph=PH_CSR cycle=29
UVM_ERROR uvm_tb.sv(1312) @ 292000: uvm_test_top.env.sb [SB/SYM] MISMATCH exp=2b2 act=38a ph=PH_CSR cycle=30
UVM_ERROR uvm_tb.sv(1312) @ 300000: uvm_test_top.env.sb [SB/SYM] MISMATCH exp=d89 act=591 ph=PH_ESD cycle=31
"uvm_tb.sv", 2305: pcs_tb_top.AST_ESD1_NONZERO: started at 284000ps failed at 300000ps
	Offending '((((pcs_tb_top.dut_if.Dout[3] inside {3'b010, 3'b110}) && (pcs_tb_top.dut_if.Dout[2] inside {3'b010, 3'b110})) && (pcs_tb_top.dut_if.Dout[1] inside {3'b010, 3'b110})) && (pcs_tb_top.dut_if.Dout[0] inside {3'b010, 3'b110}))'
Error: "uvm_tb.sv", 2305: pcs_tb_top.AST_ESD1_NONZERO: at time 300000 ps
[ASSERT/ESD] ESD1: lane(s) not ±2 two cycles after TX_EN fall: got 591 @ 300000
UVM_ERROR uvm_tb.sv(1312) @ 308000: uvm_test_top.env.sb [SB/SYM] MISMATCH exp=db6 act=5b2 ph=PH_ESD cycle=32
"uvm_tb.sv", 2372: pcs_tb_top.AST_ESD_EXACTLY2: started at 284000ps failed at 316000ps
	Offending '(!((((pcs_tb_top.dut_if.Dout[3] inside {3'b010, 3'b110}) && (pcs_tb_top.dut_if.Dout[2] inside {3'b010, 3'b110})) && (pcs_tb_top.dut_if.Dout[1] inside {3'b010, 3'b110})) && (pcs_tb_top.dut_if.Dout[0] inside {3'b010, 3'b110})))'
Error: "uvm_tb.sv", 2372: pcs_tb_top.AST_ESD_EXACTLY2: at time 316000 ps
[ASSERT/ORDER] All-±2 output persists after ESD2 (stuck in ESD?) @ 316000
UVM_ERROR uvm_tb.sv(1312) @ 324000: uvm_test_top.env.sb [SB/SYM] MISMATCH exp=086 act=016 ph=PH_SDD cycle=34
"uvm_tb.sv", 2275: pcs_tb_top.AST_SDD1_NONZERO: started at 324000ps failed at 324000ps
	Offending '((((pcs_tb_top.dut_if.Dout[3] inside {3'b010, 3'b110}) && (pcs_tb_top.dut_if.Dout[2] inside {3'b010, 3'b110})) && (pcs_tb_top.dut_if.Dout[1] inside {3'b010, 3'b110})) && (pcs_tb_top.dut_if.Dout[0] inside {3'b010, 3'b110}))'
Error: "uvm_tb.sv", 2275: pcs_tb_top.AST_SDD1_NONZERO: at time 324000 ps
[ASSERT/SDD] SDD1: lane(s) not ±2 at TX_EN rise: got 016 @ 324000
"uvm_tb.sv", 2355: pcs_tb_top.AST_SDD_EXACTLY2: started at 324000ps failed at 340000ps
	Offending '(!((((pcs_tb_top.dut_if.Dout[3] inside {3'b010, 3'b110}) && (pcs_tb_top.dut_if.Dout[2] inside {3'b010, 3'b110})) && (pcs_tb_top.dut_if.Dout[1] inside {3'b010, 3'b110})) && (pcs_tb_top.dut_if.Dout[0] inside {3'b010, 3'b110})))'
Error: "uvm_tb.sv", 2355: pcs_tb_top.AST_SDD_EXACTLY2: at time 340000 ps
[ASSERT/ORDER] All-±2 output persists after SDD2 (stuck in SDD?) @ 340000
UVM_ERROR uvm_tb.sv(1312) @ 356000: uvm_test_top.env.sb [SB/SYM] MISMATCH exp=412 act=402 ph=PH_CSR cycle=38
UVM_ERROR uvm_tb.sv(1312) @ 364000: uvm_test_top.env.sb [SB/SYM] MISMATCH exp=db2 act=d97 ph=PH_CSR cycle=39
UVM_ERROR uvm_tb.sv(1312) @ 372000: uvm_test_top.env.sb [SB/SYM] MISMATCH exp=c96 act=db6 ph=PH_ESD cycle=40
UVM_ERROR uvm_tb.sv(1312) @ 380000: uvm_test_top.env.sb [SB/SYM] MISMATCH exp=db6 act=592 ph=PH_ESD cycle=41
"uvm_tb.sv", 2372: pcs_tb_top.AST_ESD_EXACTLY2: started at 356000ps failed at 388000ps
	Offending '(!((((pcs_tb_top.dut_if.Dout[3] inside {3'b010, 3'b110}) && (pcs_tb_top.dut_if.Dout[2] inside {3'b010, 3'b110})) && (pcs_tb_top.dut_if.Dout[1] inside {3'b010, 3'b110})) && (pcs_tb_top.dut_if.Dout[0] inside {3'b010, 3'b110})))'
Error: "uvm_tb.sv", 2372: pcs_tb_top.AST_ESD_EXACTLY2: at time 388000 ps
[ASSERT/ORDER] All-±2 output persists after ESD2 (stuck in ESD?) @ 388000
"uvm_tb.sv", 2275: pcs_tb_top.AST_SDD1_NONZERO: started at 396000ps failed at 396000ps
	Offending '((((pcs_tb_top.dut_if.Dout[3] inside {3'b010, 3'b110}) && (pcs_tb_top.dut_if.Dout[2] inside {3'b010, 3'b110})) && (pcs_tb_top.dut_if.Dout[1] inside {3'b010, 3'b110})) && (pcs_tb_top.dut_if.Dout[0] inside {3'b010, 3'b110}))'
Error: "uvm_tb.sv", 2275: pcs_tb_top.AST_SDD1_NONZERO: at time 396000 ps
[ASSERT/SDD] SDD1: lane(s) not ±2 at TX_EN rise: got 000 @ 396000
"uvm_tb.sv", 2355: pcs_tb_top.AST_SDD_EXACTLY2: started at 396000ps failed at 412000ps
	Offending '(!((((pcs_tb_top.dut_if.Dout[3] inside {3'b010, 3'b110}) && (pcs_tb_top.dut_if.Dout[2] inside {3'b010, 3'b110})) && (pcs_tb_top.dut_if.Dout[1] inside {3'b010, 3'b110})) && (pcs_tb_top.dut_if.Dout[0] inside {3'b010, 3'b110})))'
Error: "uvm_tb.sv", 2355: pcs_tb_top.AST_SDD_EXACTLY2: at time 412000 ps
[ASSERT/ORDER] All-±2 output persists after SDD2 (stuck in SDD?) @ 412000
UVM_ERROR uvm_tb.sv(1312) @ 420000: uvm_test_top.env.sb [SB/SYM] MISMATCH exp=190 act=016 ph=PH_DATA cycle=46
UVM_ERROR uvm_tb.sv(1312) @ 428000: uvm_test_top.env.sb [SB/SYM] MISMATCH exp=439 act=4b9 ph=PH_CSR cycle=47
UVM_ERROR uvm_tb.sv(1312) @ 436000: uvm_test_top.env.sb [SB/SYM] MISMATCH exp=d97 act=db2 ph=PH_CSR cycle=48
UVM_ERROR uvm_tb.sv(1312) @ 444000: uvm_test_top.env.sb [SB/SYM] MISMATCH exp=d89 act=496 ph=PH_ESD cycle=49
UVM_ERROR uvm_tb.sv(1312) @ 452000: uvm_test_top.env.sb [SB/SYM] MISMATCH exp=db6 act=596 ph=PH_ESD cycle=50
"uvm_tb.sv", 2372: pcs_tb_top.AST_ESD_EXACTLY2: started at 428000ps failed at 460000ps
	Offending '(!((((pcs_tb_top.dut_if.Dout[3] inside {3'b010, 3'b110}) && (pcs_tb_top.dut_if.Dout[2] inside {3'b010, 3'b110})) && (pcs_tb_top.dut_if.Dout[1] inside {3'b010, 3'b110})) && (pcs_tb_top.dut_if.Dout[0] inside {3'b010, 3'b110})))'
Error: "uvm_tb.sv", 2372: pcs_tb_top.AST_ESD_EXACTLY2: at time 460000 ps
[ASSERT/ORDER] All-±2 output persists after ESD2 (stuck in ESD?) @ 460000
UVM_ERROR uvm_tb.sv(1312) @ 468000: uvm_test_top.env.sb [SB/SYM] MISMATCH exp=096 act=006 ph=PH_SDD cycle=52
"uvm_tb.sv", 2275: pcs_tb_top.AST_SDD1_NONZERO: started at 468000ps failed at 468000ps
	Offending '((((pcs_tb_top.dut_if.Dout[3] inside {3'b010, 3'b110}) && (pcs_tb_top.dut_if.Dout[2] inside {3'b010, 3'b110})) && (pcs_tb_top.dut_if.Dout[1] inside {3'b010, 3'b110})) && (pcs_tb_top.dut_if.Dout[0] inside {3'b010, 3'b110}))'
Error: "uvm_tb.sv", 2275: pcs_tb_top.AST_SDD1_NONZERO: at time 468000 ps
[ASSERT/SDD] SDD1: lane(s) not ±2 at TX_EN rise: got 006 @ 468000
"uvm_tb.sv", 2355: pcs_tb_top.AST_SDD_EXACTLY2: started at 468000ps failed at 484000ps
	Offending '(!((((pcs_tb_top.dut_if.Dout[3] inside {3'b010, 3'b110}) && (pcs_tb_top.dut_if.Dout[2] inside {3'b010, 3'b110})) && (pcs_tb_top.dut_if.Dout[1] inside {3'b010, 3'b110})) && (pcs_tb_top.dut_if.Dout[0] inside {3'b010, 3'b110})))'
Error: "uvm_tb.sv", 2355: pcs_tb_top.AST_SDD_EXACTLY2: at time 484000 ps
[ASSERT/ORDER] All-±2 output persists after SDD2 (stuck in SDD?) @ 484000
UVM_ERROR uvm_tb.sv(1312) @ 492000: uvm_test_top.env.sb [SB/SYM] MISMATCH exp=000 act=186 ph=PH_DATA cycle=55
UVM_ERROR uvm_tb.sv(1312) @ 500000: uvm_test_top.env.sb [SB/SYM] MISMATCH exp=2ba act=20a ph=PH_CSR cycle=56
UVM_ERROR uvm_tb.sv(1312) @ 508000: uvm_test_top.env.sb [SB/SYM] MISMATCH exp=2b2 act=38a ph=PH_CSR cycle=57
UVM_ERROR uvm_tb.sv(1312) @ 516000: uvm_test_top.env.sb [SB/SYM] MISMATCH exp=d89 act=4b7 ph=PH_ESD cycle=58
"uvm_tb.sv", 2305: pcs_tb_top.AST_ESD1_NONZERO: started at 500000ps failed at 516000ps
	Offending '((((pcs_tb_top.dut_if.Dout[3] inside {3'b010, 3'b110}) && (pcs_tb_top.dut_if.Dout[2] inside {3'b010, 3'b110})) && (pcs_tb_top.dut_if.Dout[1] inside {3'b010, 3'b110})) && (pcs_tb_top.dut_if.Dout[0] inside {3'b010, 3'b110}))'
Error: "uvm_tb.sv", 2305: pcs_tb_top.AST_ESD1_NONZERO: at time 516000 ps
[ASSERT/ESD] ESD1: lane(s) not ±2 two cycles after TX_EN fall: got 4b7 @ 516000
UVM_ERROR uvm_tb.sv(1312) @ 524000: uvm_test_top.env.sb [SB/SYM] MISMATCH exp=db6 act=c96 ph=PH_ESD cycle=59
"uvm_tb.sv", 2372: pcs_tb_top.AST_ESD_EXACTLY2: started at 500000ps failed at 532000ps
	Offending '(!((((pcs_tb_top.dut_if.Dout[3] inside {3'b010, 3'b110}) && (pcs_tb_top.dut_if.Dout[2] inside {3'b010, 3'b110})) && (pcs_tb_top.dut_if.Dout[1] inside {3'b010, 3'b110})) && (pcs_tb_top.dut_if.Dout[0] inside {3'b010, 3'b110})))'
Error: "uvm_tb.sv", 2372: pcs_tb_top.AST_ESD_EXACTLY2: at time 532000 ps
[ASSERT/ORDER] All-±2 output persists after ESD2 (stuck in ESD?) @ 532000
UVM_ERROR uvm_tb.sv(1312) @ 540000: uvm_test_top.env.sb [SB/SYM] MISMATCH exp=430 act=080 ph=PH_SDD cycle=61
"uvm_tb.sv", 2275: pcs_tb_top.AST_SDD1_NONZERO: started at 540000ps failed at 540000ps
	Offending '((((pcs_tb_top.dut_if.Dout[3] inside {3'b010, 3'b110}) && (pcs_tb_top.dut_if.Dout[2] inside {3'b010, 3'b110})) && (pcs_tb_top.dut_if.Dout[1] inside {3'b010, 3'b110})) && (pcs_tb_top.dut_if.Dout[0] inside {3'b010, 3'b110}))'
Error: "uvm_tb.sv", 2275: pcs_tb_top.AST_SDD1_NONZERO: at time 540000 ps
[ASSERT/SDD] SDD1: lane(s) not ±2 at TX_EN rise: got 080 @ 540000
"uvm_tb.sv", 2355: pcs_tb_top.AST_SDD_EXACTLY2: started at 540000ps failed at 556000ps
	Offending '(!((((pcs_tb_top.dut_if.Dout[3] inside {3'b010, 3'b110}) && (pcs_tb_top.dut_if.Dout[2] inside {3'b010, 3'b110})) && (pcs_tb_top.dut_if.Dout[1] inside {3'b010, 3'b110})) && (pcs_tb_top.dut_if.Dout[0] inside {3'b010, 3'b110})))'
Error: "uvm_tb.sv", 2355: pcs_tb_top.AST_SDD_EXACTLY2: at time 556000 ps
[ASSERT/ORDER] All-±2 output persists after SDD2 (stuck in SDD?) @ 556000
UVM_ERROR uvm_tb.sv(1312) @ 572000: uvm_test_top.env.sb [SB/SYM] MISMATCH exp=df8 act=dfe ph=PH_CSR cycle=65
UVM_ERROR uvm_tb.sv(1312) @ 580000: uvm_test_top.env.sb [SB/SYM] MISMATCH exp=fb7 act=452 ph=PH_CSR cycle=66
UVM_ERROR uvm_tb.sv(1312) @ 588000: uvm_test_top.env.sb [SB/SYM] MISMATCH exp=c96 act=497 ph=PH_ESD cycle=67
"uvm_tb.sv", 2305: pcs_tb_top.AST_ESD1_NONZERO: started at 572000ps failed at 588000ps
	Offending '((((pcs_tb_top.dut_if.Dout[3] inside {3'b010, 3'b110}) && (pcs_tb_top.dut_if.Dout[2] inside {3'b010, 3'b110})) && (pcs_tb_top.dut_if.Dout[1] inside {3'b010, 3'b110})) && (pcs_tb_top.dut_if.Dout[0] inside {3'b010, 3'b110}))'
Error: "uvm_tb.sv", 2305: pcs_tb_top.AST_ESD1_NONZERO: at time 588000 ps
[ASSERT/ESD] ESD1: lane(s) not ±2 two cycles after TX_EN fall: got 497 @ 588000
UVM_ERROR uvm_tb.sv(1312) @ 596000: uvm_test_top.env.sb [SB/SYM] MISMATCH exp=db6 act=cb6 ph=PH_ESD cycle=68
"uvm_tb.sv", 2372: pcs_tb_top.AST_ESD_EXACTLY2: started at 572000ps failed at 604000ps
	Offending '(!((((pcs_tb_top.dut_if.Dout[3] inside {3'b010, 3'b110}) && (pcs_tb_top.dut_if.Dout[2] inside {3'b010, 3'b110})) && (pcs_tb_top.dut_if.Dout[1] inside {3'b010, 3'b110})) && (pcs_tb_top.dut_if.Dout[0] inside {3'b010, 3'b110})))'
Error: "uvm_tb.sv", 2372: pcs_tb_top.AST_ESD_EXACTLY2: at time 604000 ps
[ASSERT/ORDER] All-±2 output persists after ESD2 (stuck in ESD?) @ 604000
UVM_ERROR uvm_tb.sv(1312) @ 612000: uvm_test_top.env.sb [SB/SYM] MISMATCH exp=006 act=196 ph=PH_SDD cycle=70
"uvm_tb.sv", 2275: pcs_tb_top.AST_SDD1_NONZERO: started at 612000ps failed at 612000ps
	Offending '((((pcs_tb_top.dut_if.Dout[3] inside {3'b010, 3'b110}) && (pcs_tb_top.dut_if.Dout[2] inside {3'b010, 3'b110})) && (pcs_tb_top.dut_if.Dout[1] inside {3'b010, 3'b110})) && (pcs_tb_top.dut_if.Dout[0] inside {3'b010, 3'b110}))'
Error: "uvm_tb.sv", 2275: pcs_tb_top.AST_SDD1_NONZERO: at time 612000 ps
[ASSERT/SDD] SDD1: lane(s) not ±2 at TX_EN rise: got 196 @ 612000
"uvm_tb.sv", 2355: pcs_tb_top.AST_SDD_EXACTLY2: started at 612000ps failed at 628000ps
	Offending '(!((((pcs_tb_top.dut_if.Dout[3] inside {3'b010, 3'b110}) && (pcs_tb_top.dut_if.Dout[2] inside {3'b010, 3'b110})) && (pcs_tb_top.dut_if.Dout[1] inside {3'b010, 3'b110})) && (pcs_tb_top.dut_if.Dout[0] inside {3'b010, 3'b110})))'
Error: "uvm_tb.sv", 2355: pcs_tb_top.AST_SDD_EXACTLY2: at time 628000 ps
[ASSERT/ORDER] All-±2 output persists after SDD2 (stuck in SDD?) @ 628000
UVM_ERROR uvm_tb.sv(1312) @ 636000: uvm_test_top.env.sb [SB/SYM] MISMATCH exp=002 act=1b2 ph=PH_DATA cycle=73
UVM_ERROR uvm_tb.sv(1312) @ 644000: uvm_test_top.env.sb [SB/SYM] MISMATCH exp=58f act=43f ph=PH_CSR cycle=74
UVM_ERROR uvm_tb.sv(1312) @ 652000: uvm_test_top.env.sb [SB/SYM] MISMATCH exp=db7 act=d92 ph=PH_CSR cycle=75
UVM_ERROR uvm_tb.sv(1312) @ 660000: uvm_test_top.env.sb [SB/SYM] MISMATCH exp=d89 act=5b6 ph=PH_ESD cycle=76
UVM_ERROR uvm_tb.sv(1312) @ 668000: uvm_test_top.env.sb [SB/SYM] MISMATCH exp=db6 act=596 ph=PH_ESD cycle=77
"uvm_tb.sv", 2372: pcs_tb_top.AST_ESD_EXACTLY2: started at 644000ps failed at 676000ps
	Offending '(!((((pcs_tb_top.dut_if.Dout[3] inside {3'b010, 3'b110}) && (pcs_tb_top.dut_if.Dout[2] inside {3'b010, 3'b110})) && (pcs_tb_top.dut_if.Dout[1] inside {3'b010, 3'b110})) && (pcs_tb_top.dut_if.Dout[0] inside {3'b010, 3'b110})))'
Error: "uvm_tb.sv", 2372: pcs_tb_top.AST_ESD_EXACTLY2: at time 676000 ps
[ASSERT/ORDER] All-±2 output persists after ESD2 (stuck in ESD?) @ 676000
UVM_ERROR uvm_tb.sv(1312) @ 684000: uvm_test_top.env.sb [SB/SYM] MISMATCH exp=000 act=080 ph=PH_SDD cycle=79
"uvm_tb.sv", 2275: pcs_tb_top.AST_SDD1_NONZERO: started at 684000ps failed at 684000ps
	Offending '((((pcs_tb_top.dut_if.Dout[3] inside {3'b010, 3'b110}) && (pcs_tb_top.dut_if.Dout[2] inside {3'b010, 3'b110})) && (pcs_tb_top.dut_if.Dout[1] inside {3'b010, 3'b110})) && (pcs_tb_top.dut_if.Dout[0] inside {3'b010, 3'b110}))'
Error: "uvm_tb.sv", 2275: pcs_tb_top.AST_SDD1_NONZERO: at time 684000 ps
[ASSERT/SDD] SDD1: lane(s) not ±2 at TX_EN rise: got 080 @ 684000
"uvm_tb.sv", 2355: pcs_tb_top.AST_SDD_EXACTLY2: started at 684000ps failed at 700000ps
	Offending '(!((((pcs_tb_top.dut_if.Dout[3] inside {3'b010, 3'b110}) && (pcs_tb_top.dut_if.Dout[2] inside {3'b010, 3'b110})) && (pcs_tb_top.dut_if.Dout[1] inside {3'b010, 3'b110})) && (pcs_tb_top.dut_if.Dout[0] inside {3'b010, 3'b110})))'
Error: "uvm_tb.sv", 2355: pcs_tb_top.AST_SDD_EXACTLY2: at time 700000 ps
[ASSERT/ORDER] All-±2 output persists after SDD2 (stuck in SDD?) @ 700000
UVM_ERROR uvm_tb.sv(1312) @ 708000: uvm_test_top.env.sb [SB/SYM] MISMATCH exp=196 act=010 ph=PH_DATA cycle=82
UVM_ERROR uvm_tb.sv(1312) @ 724000: uvm_test_top.env.sb [SB/SYM] MISMATCH exp=db6 act=d91 ph=PH_CSR cycle=84
UVM_ERROR uvm_tb.sv(1312) @ 740000: uvm_test_top.env.sb [SB/SYM] MISMATCH exp=db6 act=c92 ph=PH_ESD cycle=86
"uvm_tb.sv", 2372: pcs_tb_top.AST_ESD_EXACTLY2: started at 716000ps failed at 748000ps
	Offending '(!((((pcs_tb_top.dut_if.Dout[3] inside {3'b010, 3'b110}) && (pcs_tb_top.dut_if.Dout[2] inside {3'b010, 3'b110})) && (pcs_tb_top.dut_if.Dout[1] inside {3'b010, 3'b110})) && (pcs_tb_top.dut_if.Dout[0] inside {3'b010, 3'b110})))'
Error: "uvm_tb.sv", 2372: pcs_tb_top.AST_ESD_EXACTLY2: at time 748000 ps
[ASSERT/ORDER] All-±2 output persists after ESD2 (stuck in ESD?) @ 748000
UVM_ERROR uvm_tb.sv(1312) @ 756000: uvm_test_top.env.sb [SB/SYM] MISMATCH exp=010 act=000 ph=PH_SDD cycle=88
"uvm_tb.sv", 2275: pcs_tb_top.AST_SDD1_NONZERO: started at 756000ps failed at 756000ps
	Offending '((((pcs_tb_top.dut_if.Dout[3] inside {3'b010, 3'b110}) && (pcs_tb_top.dut_if.Dout[2] inside {3'b010, 3'b110})) && (pcs_tb_top.dut_if.Dout[1] inside {3'b010, 3'b110})) && (pcs_tb_top.dut_if.Dout[0] inside {3'b010, 3'b110}))'
Error: "uvm_tb.sv", 2275: pcs_tb_top.AST_SDD1_NONZERO: at time 756000 ps
[ASSERT/SDD] SDD1: lane(s) not ±2 at TX_EN rise: got 000 @ 756000
"uvm_tb.sv", 2355: pcs_tb_top.AST_SDD_EXACTLY2: started at 756000ps failed at 772000ps
	Offending '(!((((pcs_tb_top.dut_if.Dout[3] inside {3'b010, 3'b110}) && (pcs_tb_top.dut_if.Dout[2] inside {3'b010, 3'b110})) && (pcs_tb_top.dut_if.Dout[1] inside {3'b010, 3'b110})) && (pcs_tb_top.dut_if.Dout[0] inside {3'b010, 3'b110})))'
Error: "uvm_tb.sv", 2355: pcs_tb_top.AST_SDD_EXACTLY2: at time 772000 ps
[ASSERT/ORDER] All-±2 output persists after SDD2 (stuck in SDD?) @ 772000
UVM_ERROR uvm_tb.sv(1312) @ 780000: uvm_test_top.env.sb [SB/SYM] MISMATCH exp=080 act=086 ph=PH_DATA cycle=91
UVM_ERROR uvm_tb.sv(1312) @ 788000: uvm_test_top.env.sb [SB/SYM] MISMATCH exp=e7f act=fc9 ph=PH_CSR cycle=92
UVM_ERROR uvm_tb.sv(1312) @ 796000: uvm_test_top.env.sb [SB/SYM] MISMATCH exp=d92 act=db7 ph=PH_CSR cycle=93
UVM_ERROR uvm_tb.sv(1312) @ 812000: uvm_test_top.env.sb [SB/SYM] MISMATCH exp=db6 act=592 ph=PH_ESD cycle=95
"uvm_tb.sv", 2372: pcs_tb_top.AST_ESD_EXACTLY2: started at 788000ps failed at 820000ps
	Offending '(!((((pcs_tb_top.dut_if.Dout[3] inside {3'b010, 3'b110}) && (pcs_tb_top.dut_if.Dout[2] inside {3'b010, 3'b110})) && (pcs_tb_top.dut_if.Dout[1] inside {3'b010, 3'b110})) && (pcs_tb_top.dut_if.Dout[0] inside {3'b010, 3'b110})))'
Error: "uvm_tb.sv", 2372: pcs_tb_top.AST_ESD_EXACTLY2: at time 820000 ps
[ASSERT/ORDER] All-±2 output persists after ESD2 (stuck in ESD?) @ 820000
UVM_ERROR uvm_tb.sv(1312) @ 836000: uvm_test_top.env.sb [SB/SYM] MISMATCH exp=1b0 act=006 ph=PH_IDLE cycle=98
UVM_ERROR uvm_tb.sv(1312) @ 844000: uvm_test_top.env.sb [SB/SYM] MISMATCH exp=002 act=1b2 ph=PH_IDLE cycle=99
UVM_ERROR uvm_tb.sv(1312) @ 852000: uvm_test_top.env.sb [SB/SYM] MISMATCH exp=096 act=000 ph=PH_IDLE cycle=100
UVM_ERROR uvm_tb.sv(1312) @ 860000: uvm_test_top.env.sb [SB/SYM] MISMATCH exp=c00 act=006 ph=PH_IDLE cycle=101
UVM_ERROR uvm_tb.sv(1312) @ 868000: uvm_test_top.env.sb [SB/SYM] MISMATCH exp=092 act=090 ph=PH_IDLE cycle=102
UVM_ERROR uvm_tb.sv(1312) @ 876000: uvm_test_top.env.sb [SB/SYM] MISMATCH exp=000 act=1b0 ph=PH_IDLE cycle=103
UVM_ERROR uvm_tb.sv(1312) @ 884000: uvm_test_top.env.sb [SB/SYM] MISMATCH exp=032 act=002 ph=PH_IDLE cycle=104
UVM_ERROR uvm_tb.sv(1312) @ 892000: uvm_test_top.env.sb [SB/SYM] MISMATCH exp=080 act=086 ph=PH_IDLE cycle=105
UVM_ERROR uvm_tb.sv(1312) @ 900000: uvm_test_top.env.sb [SB/SYM] MISMATCH exp=4b6 act=030 ph=PH_IDLE cycle=106
UVM_ERROR uvm_tb.sv(1312) @ 908000: uvm_test_top.env.sb [SB/SYM] MISMATCH exp=000 act=1b6 ph=PH_IDLE cycle=107
UVM_ERROR uvm_tb.sv(1312) @ 916000: uvm_test_top.env.sb [SB/SYM] MISMATCH exp=1b0 act=000 ph=PH_IDLE cycle=108
UVM_ERROR uvm_tb.sv(1312) @ 924000: uvm_test_top.env.sb [SB/SYM] MISMATCH exp=002 act=0b0 ph=PH_IDLE cycle=109
UVM_ERROR uvm_tb.sv(1312) @ 932000: uvm_test_top.env.sb [SB/SYM] MISMATCH exp=192 act=002 ph=PH_IDLE cycle=110
UVM_ERROR uvm_tb.sv(1312) @ 940000: uvm_test_top.env.sb [SB/SYM] MISMATCH exp=000 act=186 ph=PH_IDLE cycle=111
UVM_ERROR uvm_tb.sv(1312) @ 948000: uvm_test_top.env.sb [SB/SYM] MISMATCH exp=186 act=010 ph=PH_IDLE cycle=112
UVM_ERROR uvm_tb.sv(1312) @ 956000: uvm_test_top.env.sb [SB/SYM] MISMATCH exp=c10 act=180 ph=PH_IDLE cycle=113
UVM_ERROR uvm_tb.sv(1312) @ 964000: uvm_test_top.env.sb [SB/SYM] MISMATCH exp=010 act=016 ph=PH_IDLE cycle=114
UVM_ERROR uvm_tb.sv(1312) @ 972000: uvm_test_top.env.sb [SB/SYM] MISMATCH exp=082 act=080 ph=PH_IDLE cycle=115
UVM_INFO /home/morris/uvm-1.2/src/base/uvm_objection.svh(1270) @ 980000: reporter [TEST_DONE] 'run' phase is ready to proceed to the 'extract' phase
UVM_INFO uvm_tb.sv(1645) @ 980000: uvm_test_top.env.cov [COV] ======= COVERAGE =======
UVM_INFO uvm_tb.sv(1647) @ 980000: uvm_test_top.env.cov [COV]   stream_phase : 100.0%
UVM_INFO uvm_tb.sv(1649) @ 980000: uvm_test_top.env.cov [COV]   pam5_sym     : 100.0%
UVM_INFO uvm_tb.sv(1651) @ 980000: uvm_test_top.env.cov [COV]   sign_reversal: 100.0%
UVM_INFO uvm_tb.sv(1653) @ 980000: uvm_test_top.env.cov [COV]   sdd_pattern  : 100.0%
UVM_INFO uvm_tb.sv(1655) @ 980000: uvm_test_top.env.cov [COV]   esd_pattern  : 100.0%
UVM_INFO uvm_tb.sv(1657) @ 980000: uvm_test_top.env.cov [COV]   phase_trans  : 100.0%
UVM_INFO uvm_tb.sv(1660) @ 980000: uvm_test_top.env.cov [COV]   txen_edges   : 100.0%
UVM_INFO uvm_tb.sv(1662) @ 980000: uvm_test_top.env.cov [COV]   din_ranges   : 87.5%
UVM_INFO uvm_tb.sv(1664) @ 980000: uvm_test_top.env.cov [COV]   din7_data    : 100.0%
UVM_INFO uvm_tb.sv(1666) @ 980000: uvm_test_top.env.cov [COV]   csr_patterns : 0.0%
UVM_INFO uvm_tb.sv(1668) @ 980000: uvm_test_top.env.cov [COV]   esd_mismatch : 100.0%
UVM_INFO uvm_tb.sv(1670) @ 980000: uvm_test_top.env.cov [COV]   pkt_length   : 60.0%
UVM_INFO uvm_tb.sv(1672) @ 980000: uvm_test_top.env.cov [COV]   b2b_trans    : 66.7%
UVM_INFO uvm_tb.sv(1674) @ 980000: uvm_test_top.env.cov [COV]   txen_x_din7  : 100.0%
UVM_INFO uvm_tb.sv(1676) @ 980000: uvm_test_top.env.cov [COV] ========================
UVM_INFO uvm_tb.sv(1322) @ 980000: uvm_test_top.env.sb [SB] ============ SCOREBOARD ============
UVM_INFO uvm_tb.sv(1323) @ 980000: uvm_test_top.env.sb [SB]   Total   : 115
UVM_INFO uvm_tb.sv(1324) @ 980000: uvm_test_top.env.sb [SB]   Passed  : 142
UVM_INFO uvm_tb.sv(1325) @ 980000: uvm_test_top.env.sb [SB]   Failed  : 77
UVM_INFO uvm_tb.sv(1326) @ 980000: uvm_test_top.env.sb [SB]   PAM5 err: 0
UVM_INFO uvm_tb.sv(1327) @ 980000: uvm_test_top.env.sb [SB]   Seq  err: 0
UVM_INFO uvm_tb.sv(1328) @ 980000: uvm_test_top.env.sb [SB]   Sym  err: 77
UVM_ERROR uvm_tb.sv(1332) @ 980000: uvm_test_top.env.sb [SB]   *** 77 FAILURES ***
UVM_INFO uvm_tb.sv(1333) @ 980000: uvm_test_top.env.sb [SB] ====================================
UVM_INFO /home/morris/uvm-1.2/src/base/uvm_report_server.svh(847) @ 980000: reporter [UVM/REPORT/SERVER] 
--- UVM Report Summary ---

** Report counts by severity
UVM_INFO :   28
UVM_WARNING :    0
UVM_ERROR :   78
UVM_FATAL :    0
** Report counts by id
[COV]    16
[RNTST]     1
[SB]     9
[SB/SYM]    77
[TEST]     1
[TEST_DONE]     1
[UVM/RELNOTES]     1

$finish called from file "/home/morris/uvm-1.2/src/base/uvm_root.svh", line 517.
$finish at simulation time               980000

---------------------------------------------------------------------------
VCS Coverage Metrics: during simulation line, cond, FSM, branch, tgl was monitored
---------------------------------------------------------------------------

 Coverage status: End of All Coverages ...

           V C S   S i m u l a t i o n   R e p o r t 
Time: 980000 ps
CPU Time:      0.460 seconds;       Data structure size:   0.3Mb
Mon May 11 15:57:19 2026

========================================================
  SCOREBOARD
========================================================
UVM_INFO uvm_tb.sv(1323) @ 980000: uvm_test_top.env.sb [SB]   Total   : 115
UVM_INFO uvm_tb.sv(1324) @ 980000: uvm_test_top.env.sb [SB]   Passed  : 142
UVM_INFO uvm_tb.sv(1325) @ 980000: uvm_test_top.env.sb [SB]   Failed  : 77
UVM_INFO uvm_tb.sv(1326) @ 980000: uvm_test_top.env.sb [SB]   PAM5 err: 0
UVM_INFO uvm_tb.sv(1327) @ 980000: uvm_test_top.env.sb [SB]   Seq  err: 0
UVM_INFO uvm_tb.sv(1328) @ 980000: uvm_test_top.env.sb [SB]   Sym  err: 77
UVM_ERROR uvm_tb.sv(1332) @ 980000: uvm_test_top.env.sb [SB]   *** 77 FAILURES ***

========================================================
  COVERAGE
========================================================
UVM_INFO uvm_tb.sv(1647) @ 980000: uvm_test_top.env.cov [COV]   stream_phase : 100.0%
UVM_INFO uvm_tb.sv(1649) @ 980000: uvm_test_top.env.cov [COV]   pam5_sym     : 100.0%
UVM_INFO uvm_tb.sv(1651) @ 980000: uvm_test_top.env.cov [COV]   sign_reversal: 100.0%
UVM_INFO uvm_tb.sv(1653) @ 980000: uvm_test_top.env.cov [COV]   sdd_pattern  : 100.0%
UVM_INFO uvm_tb.sv(1655) @ 980000: uvm_test_top.env.cov [COV]   esd_pattern  : 100.0%
UVM_INFO uvm_tb.sv(1657) @ 980000: uvm_test_top.env.cov [COV]   phase_trans  : 100.0%
UVM_INFO uvm_tb.sv(1660) @ 980000: uvm_test_top.env.cov [COV]   txen_edges   : 100.0%
UVM_INFO uvm_tb.sv(1662) @ 980000: uvm_test_top.env.cov [COV]   din_ranges   : 87.5%
UVM_INFO uvm_tb.sv(1664) @ 980000: uvm_test_top.env.cov [COV]   din7_data    : 100.0%
UVM_INFO uvm_tb.sv(1666) @ 980000: uvm_test_top.env.cov [COV]   csr_patterns : 0.0%
UVM_INFO uvm_tb.sv(1668) @ 980000: uvm_test_top.env.cov [COV]   esd_mismatch : 100.0%
UVM_INFO uvm_tb.sv(1670) @ 980000: uvm_test_top.env.cov [COV]   pkt_length   : 60.0%
UVM_INFO uvm_tb.sv(1672) @ 980000: uvm_test_top.env.cov [COV]   b2b_trans    : 66.7%
UVM_INFO uvm_tb.sv(1674) @ 980000: uvm_test_top.env.cov [COV]   txen_x_din7  : 100.0%

  Log     : sim_pcs_diag2b_ones_test.log
  Coverage: coverage.vdb/
========================================================
  STATUS: PASSED -- pcs_diag2b_ones_test

========================================================
  RUNNING: pcs_diag_escalate_test
========================================================

========================================================
  Test : pcs_diag_escalate_test
  Files: DUTS26_0.sv uvm_tb.sv
========================================================
=== Compiling ===
/apps/synopsys/vcs_2023/vcs/U-2023.03-SP2-8/bin/vcs: line 3860: lsb_release: command not found

Warning-[LNX_OS_VERUN] Unsupported Linux version
  Linux version 'Red Hat Enterprise Linux release 9.6 (Plow)' is not supported
  on 'x86_64' officially, assuming linux compatibility by default. Set 
  VCS_ARCH_OVERRIDE to linux or suse32 to override.
  Please refer to release notes for information on supported platforms.

                         Chronologic VCS (TM)
      Version U-2023.03-SP2-8_Full64 -- Mon May 11 15:57:20 2026

                    Copyright (c) 1991 - 2024 Synopsys, Inc.
   This software and the associated documentation are proprietary to Synopsys,
 Inc. This software may only be used in accordance with the terms and conditions
 of a written license agreement with Synopsys, Inc. All other use, reproduction,
   or distribution of this software is strictly prohibited.  Licensed Products
     communicate with Synopsys servers for the purpose of providing software
    updates, detecting software piracy and verifying that customers are using
    Licensed Products in conformity with the applicable License Key for such
  Licensed Products. Synopsys will use information gathered in connection with
    this process to deliver software updates and pursue software pirates and
                                   infringers.

 Inclusivity & Diversity - Visit SolvNetPlus to read the "Synopsys Statement on
            Inclusivity and Diversity" (Refer to article 000036315 at
                        https://solvnetplus.synopsys.com)

The design hasn't changed and need not be recompiled. 
If you really want to, delete file simv.daidir/.vcs.timestamp and
run VCS again.

=== Compile OK ===
=== Simulating: pcs_diag_escalate_test ===
Info: [VCS_SAVE_RESTORE_INFO] ASLR (Address Space Layout Randomization) is detected on the machine. To enable $save functionality, ASLR will be switched off and simv re-executed.
Please use '-no_save' simv switch to avoid re-execution or '-suppress=ASLR_DETECTED_INFO' to suppress this message.
Chronologic VCS simulator copyright 1991-2023
Contains Synopsys proprietary information.
Compiler version U-2023.03-SP2-8_Full64; Runtime version U-2023.03-SP2-8_Full64;  May 11 15:57 2026
UVM_INFO /home/morris/uvm-1.2/src/base/uvm_root.svh(392) @ 0: reporter [UVM/RELNOTES] 
----------------------------------------------------------------
UVM-1.2
(C) 2007-2014 Mentor Graphics Corporation
(C) 2007-2014 Cadence Design Systems, Inc.
(C) 2006-2014 Synopsys, Inc.
(C) 2011-2013 Cypress Semiconductor Corp.
(C) 2013-2014 NVIDIA Corporation
----------------------------------------------------------------

  ***********       IMPORTANT RELEASE NOTES         ************

  You are using a version of the UVM library that has been compiled
  with `UVM_NO_DEPRECATED undefined.
  See http://www.eda.org/svdb/view.php?id=3313 for more details.

  You are using a version of the UVM library that has been compiled
  with `UVM_OBJECT_DO_NOT_NEED_CONSTRUCTOR undefined.
  See http://www.eda.org/svdb/view.php?id=3770 for more details.

      (Specify +UVM_NO_RELNOTES to turn off this notice)


 VCS Coverage Metrics Release U-2023.03-SP2-8_Full64 Copyright (c) 1991-2023 by Synopsys Inc.
UVM_INFO @ 0: reporter [RNTST] Running test pcs_diag_escalate_test...
UVM_INFO uvm_tb.sv(2103) @ 0: uvm_test_top [TEST] === DIAG: escalating length 1..8, zeros, idle=4 ===
UVM_INFO uvm_tb.sv(2105) @ 0: uvm_test_top [TEST]   will send len=1 zero-payload packet
UVM_INFO uvm_tb.sv(2105) @ 0: uvm_test_top [TEST]   will send len=2 zero-payload packet
UVM_INFO uvm_tb.sv(2105) @ 0: uvm_test_top [TEST]   will send len=3 zero-payload packet
UVM_INFO uvm_tb.sv(2105) @ 0: uvm_test_top [TEST]   will send len=4 zero-payload packet
UVM_INFO uvm_tb.sv(2105) @ 0: uvm_test_top [TEST]   will send len=5 zero-payload packet
UVM_INFO uvm_tb.sv(2105) @ 0: uvm_test_top [TEST]   will send len=6 zero-payload packet
UVM_INFO uvm_tb.sv(2105) @ 0: uvm_test_top [TEST]   will send len=7 zero-payload packet
UVM_INFO uvm_tb.sv(2105) @ 0: uvm_test_top [TEST]   will send len=8 zero-payload packet
"uvm_tb.sv", 2217: pcs_tb_top.AST_NOX_A: started at 4000ps failed at 4000ps
	Offending '(!$isunknown(pcs_tb_top.dut_if.Dout[3]))'
Error: "uvm_tb.sv", 2217: pcs_tb_top.AST_NOX_A: at time 4000 ps
[ASSERT/NOX] lane A is X/Z @ 4000
"uvm_tb.sv", 2219: pcs_tb_top.AST_NOX_B: started at 4000ps failed at 4000ps
	Offending '(!$isunknown(pcs_tb_top.dut_if.Dout[2]))'
Error: "uvm_tb.sv", 2219: pcs_tb_top.AST_NOX_B: at time 4000 ps
[ASSERT/NOX] lane B is X/Z @ 4000
"uvm_tb.sv", 2221: pcs_tb_top.AST_NOX_C: started at 4000ps failed at 4000ps
	Offending '(!$isunknown(pcs_tb_top.dut_if.Dout[1]))'
Error: "uvm_tb.sv", 2221: pcs_tb_top.AST_NOX_C: at time 4000 ps
[ASSERT/NOX] lane C is X/Z @ 4000
"uvm_tb.sv", 2223: pcs_tb_top.AST_NOX_D: started at 4000ps failed at 4000ps
	Offending '(!$isunknown(pcs_tb_top.dut_if.Dout[0]))'
Error: "uvm_tb.sv", 2223: pcs_tb_top.AST_NOX_D: at time 4000 ps
[ASSERT/NOX] lane D is X/Z @ 4000
UVM_ERROR uvm_tb.sv(1312) @ 68000: uvm_test_top.env.sb [SB/SYM] MISMATCH exp=db0 act=036 ph=PH_IDLE cycle=2
UVM_ERROR uvm_tb.sv(1312) @ 76000: uvm_test_top.env.sb [SB/SYM] MISMATCH exp=006 act=180 ph=PH_IDLE cycle=3
UVM_ERROR uvm_tb.sv(1312) @ 84000: uvm_test_top.env.sb [SB/SYM] MISMATCH exp=1b0 act=036 ph=PH_IDLE cycle=4
UVM_ERROR uvm_tb.sv(1312) @ 92000: uvm_test_top.env.sb [SB/SYM] MISMATCH exp=006 act=000 ph=PH_IDLE cycle=5
UVM_ERROR uvm_tb.sv(1312) @ 100000: uvm_test_top.env.sb [SB/SYM] MISMATCH exp=0b0 act=0b6 ph=PH_IDLE cycle=6
UVM_ERROR uvm_tb.sv(1312) @ 108000: uvm_test_top.env.sb [SB/SYM] MISMATCH exp=006 act=180 ph=PH_SDD cycle=7
"uvm_tb.sv", 2275: pcs_tb_top.AST_SDD1_NONZERO: started at 108000ps failed at 108000ps
	Offending '((((pcs_tb_top.dut_if.Dout[3] inside {3'b010, 3'b110}) && (pcs_tb_top.dut_if.Dout[2] inside {3'b010, 3'b110})) && (pcs_tb_top.dut_if.Dout[1] inside {3'b010, 3'b110})) && (pcs_tb_top.dut_if.Dout[0] inside {3'b010, 3'b110}))'
Error: "uvm_tb.sv", 2275: pcs_tb_top.AST_SDD1_NONZERO: at time 108000 ps
[ASSERT/SDD] SDD1: lane(s) not ±2 at TX_EN rise: got 180 @ 108000
"uvm_tb.sv", 2355: pcs_tb_top.AST_SDD_EXACTLY2: started at 108000ps failed at 124000ps
	Offending '(!((((pcs_tb_top.dut_if.Dout[3] inside {3'b010, 3'b110}) && (pcs_tb_top.dut_if.Dout[2] inside {3'b010, 3'b110})) && (pcs_tb_top.dut_if.Dout[1] inside {3'b010, 3'b110})) && (pcs_tb_top.dut_if.Dout[0] inside {3'b010, 3'b110})))'
Error: "uvm_tb.sv", 2355: pcs_tb_top.AST_SDD_EXACTLY2: at time 124000 ps
[ASSERT/ORDER] All-±2 output persists after SDD2 (stuck in SDD?) @ 124000
UVM_ERROR uvm_tb.sv(1312) @ 132000: uvm_test_top.env.sb [SB/SYM] MISMATCH exp=030 act=036 ph=PH_CSR cycle=10
UVM_ERROR uvm_tb.sv(1312) @ 156000: uvm_test_top.env.sb [SB/SYM] MISMATCH exp=db6 act=4b2 ph=PH_ESD cycle=13
"uvm_tb.sv", 2372: pcs_tb_top.AST_ESD_EXACTLY2: started at 132000ps failed at 164000ps
	Offending '(!((((pcs_tb_top.dut_if.Dout[3] inside {3'b010, 3'b110}) && (pcs_tb_top.dut_if.Dout[2] inside {3'b010, 3'b110})) && (pcs_tb_top.dut_if.Dout[1] inside {3'b010, 3'b110})) && (pcs_tb_top.dut_if.Dout[0] inside {3'b010, 3'b110})))'
Error: "uvm_tb.sv", 2372: pcs_tb_top.AST_ESD_EXACTLY2: at time 164000 ps
[ASSERT/ORDER] All-±2 output persists after ESD2 (stuck in ESD?) @ 164000
UVM_ERROR uvm_tb.sv(1312) @ 172000: uvm_test_top.env.sb [SB/SYM] MISMATCH exp=402 act=180 ph=PH_SDD cycle=15
"uvm_tb.sv", 2275: pcs_tb_top.AST_SDD1_NONZERO: started at 172000ps failed at 172000ps
	Offending '((((pcs_tb_top.dut_if.Dout[3] inside {3'b010, 3'b110}) && (pcs_tb_top.dut_if.Dout[2] inside {3'b010, 3'b110})) && (pcs_tb_top.dut_if.Dout[1] inside {3'b010, 3'b110})) && (pcs_tb_top.dut_if.Dout[0] inside {3'b010, 3'b110}))'
Error: "uvm_tb.sv", 2275: pcs_tb_top.AST_SDD1_NONZERO: at time 172000 ps
[ASSERT/SDD] SDD1: lane(s) not ±2 at TX_EN rise: got 180 @ 172000
"uvm_tb.sv", 2355: pcs_tb_top.AST_SDD_EXACTLY2: started at 172000ps failed at 188000ps
	Offending '(!((((pcs_tb_top.dut_if.Dout[3] inside {3'b010, 3'b110}) && (pcs_tb_top.dut_if.Dout[2] inside {3'b010, 3'b110})) && (pcs_tb_top.dut_if.Dout[1] inside {3'b010, 3'b110})) && (pcs_tb_top.dut_if.Dout[0] inside {3'b010, 3'b110})))'
Error: "uvm_tb.sv", 2355: pcs_tb_top.AST_SDD_EXACTLY2: at time 188000 ps
[ASSERT/ORDER] All-±2 output persists after SDD2 (stuck in SDD?) @ 188000
UVM_ERROR uvm_tb.sv(1312) @ 196000: uvm_test_top.env.sb [SB/SYM] MISMATCH exp=000 act=036 ph=PH_DATA cycle=18
UVM_ERROR uvm_tb.sv(1312) @ 204000: uvm_test_top.env.sb [SB/SYM] MISMATCH exp=e49 act=e4f ph=PH_CSR cycle=19
UVM_ERROR uvm_tb.sv(1312) @ 220000: uvm_test_top.env.sb [SB/SYM] MISMATCH exp=c96 act=5b6 ph=PH_ESD cycle=21
UVM_ERROR uvm_tb.sv(1312) @ 228000: uvm_test_top.env.sb [SB/SYM] MISMATCH exp=db6 act=4b6 ph=PH_ESD cycle=22
"uvm_tb.sv", 2372: pcs_tb_top.AST_ESD_EXACTLY2: started at 204000ps failed at 236000ps
	Offending '(!((((pcs_tb_top.dut_if.Dout[3] inside {3'b010, 3'b110}) && (pcs_tb_top.dut_if.Dout[2] inside {3'b010, 3'b110})) && (pcs_tb_top.dut_if.Dout[1] inside {3'b010, 3'b110})) && (pcs_tb_top.dut_if.Dout[0] inside {3'b010, 3'b110})))'
Error: "uvm_tb.sv", 2372: pcs_tb_top.AST_ESD_EXACTLY2: at time 236000 ps
[ASSERT/ORDER] All-±2 output persists after ESD2 (stuck in ESD?) @ 236000
"uvm_tb.sv", 2275: pcs_tb_top.AST_SDD1_NONZERO: started at 244000ps failed at 244000ps
	Offending '((((pcs_tb_top.dut_if.Dout[3] inside {3'b010, 3'b110}) && (pcs_tb_top.dut_if.Dout[2] inside {3'b010, 3'b110})) && (pcs_tb_top.dut_if.Dout[1] inside {3'b010, 3'b110})) && (pcs_tb_top.dut_if.Dout[0] inside {3'b010, 3'b110}))'
Error: "uvm_tb.sv", 2275: pcs_tb_top.AST_SDD1_NONZERO: at time 244000 ps
[ASSERT/SDD] SDD1: lane(s) not ±2 at TX_EN rise: got 192 @ 244000
"uvm_tb.sv", 2355: pcs_tb_top.AST_SDD_EXACTLY2: started at 244000ps failed at 260000ps
	Offending '(!((((pcs_tb_top.dut_if.Dout[3] inside {3'b010, 3'b110}) && (pcs_tb_top.dut_if.Dout[2] inside {3'b010, 3'b110})) && (pcs_tb_top.dut_if.Dout[1] inside {3'b010, 3'b110})) && (pcs_tb_top.dut_if.Dout[0] inside {3'b010, 3'b110})))'
Error: "uvm_tb.sv", 2355: pcs_tb_top.AST_SDD_EXACTLY2: at time 260000 ps
[ASSERT/ORDER] All-±2 output persists after SDD2 (stuck in SDD?) @ 260000
UVM_ERROR uvm_tb.sv(1312) @ 268000: uvm_test_top.env.sb [SB/SYM] MISMATCH exp=000 act=180 ph=PH_DATA cycle=27
UVM_ERROR uvm_tb.sv(1312) @ 276000: uvm_test_top.env.sb [SB/SYM] MISMATCH exp=43f act=189 ph=PH_DATA cycle=28
UVM_ERROR uvm_tb.sv(1312) @ 284000: uvm_test_top.env.sb [SB/SYM] MISMATCH exp=0b7 act=031 ph=PH_CSR cycle=29
UVM_ERROR uvm_tb.sv(1312) @ 292000: uvm_test_top.env.sb [SB/SYM] MISMATCH exp=d89 act=5b6 ph=PH_CSR cycle=30
UVM_ERROR uvm_tb.sv(1312) @ 300000: uvm_test_top.env.sb [SB/SYM] MISMATCH exp=c96 act=5b6 ph=PH_ESD cycle=31
UVM_ERROR uvm_tb.sv(1312) @ 308000: uvm_test_top.env.sb [SB/SYM] MISMATCH exp=db6 act=5b2 ph=PH_ESD cycle=32
"uvm_tb.sv", 2372: pcs_tb_top.AST_ESD_EXACTLY2: started at 284000ps failed at 316000ps
	Offending '(!((((pcs_tb_top.dut_if.Dout[3] inside {3'b010, 3'b110}) && (pcs_tb_top.dut_if.Dout[2] inside {3'b010, 3'b110})) && (pcs_tb_top.dut_if.Dout[1] inside {3'b010, 3'b110})) && (pcs_tb_top.dut_if.Dout[0] inside {3'b010, 3'b110})))'
Error: "uvm_tb.sv", 2372: pcs_tb_top.AST_ESD_EXACTLY2: at time 316000 ps
[ASSERT/ORDER] All-±2 output persists after ESD2 (stuck in ESD?) @ 316000
UVM_ERROR uvm_tb.sv(1312) @ 324000: uvm_test_top.env.sb [SB/SYM] MISMATCH exp=086 act=016 ph=PH_SDD cycle=34
"uvm_tb.sv", 2275: pcs_tb_top.AST_SDD1_NONZERO: started at 324000ps failed at 324000ps
	Offending '((((pcs_tb_top.dut_if.Dout[3] inside {3'b010, 3'b110}) && (pcs_tb_top.dut_if.Dout[2] inside {3'b010, 3'b110})) && (pcs_tb_top.dut_if.Dout[1] inside {3'b010, 3'b110})) && (pcs_tb_top.dut_if.Dout[0] inside {3'b010, 3'b110}))'
Error: "uvm_tb.sv", 2275: pcs_tb_top.AST_SDD1_NONZERO: at time 324000 ps
[ASSERT/SDD] SDD1: lane(s) not ±2 at TX_EN rise: got 016 @ 324000
"uvm_tb.sv", 2355: pcs_tb_top.AST_SDD_EXACTLY2: started at 324000ps failed at 340000ps
	Offending '(!((((pcs_tb_top.dut_if.Dout[3] inside {3'b010, 3'b110}) && (pcs_tb_top.dut_if.Dout[2] inside {3'b010, 3'b110})) && (pcs_tb_top.dut_if.Dout[1] inside {3'b010, 3'b110})) && (pcs_tb_top.dut_if.Dout[0] inside {3'b010, 3'b110})))'
Error: "uvm_tb.sv", 2355: pcs_tb_top.AST_SDD_EXACTLY2: at time 340000 ps
[ASSERT/ORDER] All-±2 output persists after SDD2 (stuck in SDD?) @ 340000
UVM_ERROR uvm_tb.sv(1312) @ 356000: uvm_test_top.env.sb [SB/SYM] MISMATCH exp=041 act=051 ph=PH_DATA cycle=38
UVM_ERROR uvm_tb.sv(1312) @ 364000: uvm_test_top.env.sb [SB/SYM] MISMATCH exp=e7e act=e4e ph=PH_DATA cycle=39
UVM_ERROR uvm_tb.sv(1312) @ 372000: uvm_test_top.env.sb [SB/SYM] MISMATCH exp=dc0 act=c71 ph=PH_CSR cycle=40
UVM_ERROR uvm_tb.sv(1312) @ 380000: uvm_test_top.env.sb [SB/SYM] MISMATCH exp=c8e act=497 ph=PH_CSR cycle=41
UVM_ERROR uvm_tb.sv(1312) @ 388000: uvm_test_top.env.sb [SB/SYM] MISMATCH exp=d89 act=d96 ph=PH_ESD cycle=42
UVM_ERROR uvm_tb.sv(1312) @ 396000: uvm_test_top.env.sb [SB/SYM] MISMATCH exp=db6 act=596 ph=PH_ESD cycle=43
"uvm_tb.sv", 2372: pcs_tb_top.AST_ESD_EXACTLY2: started at 372000ps failed at 404000ps
	Offending '(!((((pcs_tb_top.dut_if.Dout[3] inside {3'b010, 3'b110}) && (pcs_tb_top.dut_if.Dout[2] inside {3'b010, 3'b110})) && (pcs_tb_top.dut_if.Dout[1] inside {3'b010, 3'b110})) && (pcs_tb_top.dut_if.Dout[0] inside {3'b010, 3'b110})))'
Error: "uvm_tb.sv", 2372: pcs_tb_top.AST_ESD_EXACTLY2: at time 404000 ps
[ASSERT/ORDER] All-±2 output persists after ESD2 (stuck in ESD?) @ 404000
UVM_ERROR uvm_tb.sv(1312) @ 412000: uvm_test_top.env.sb [SB/SYM] MISMATCH exp=1b0 act=180 ph=PH_SDD cycle=45
"uvm_tb.sv", 2275: pcs_tb_top.AST_SDD1_NONZERO: started at 412000ps failed at 412000ps
	Offending '((((pcs_tb_top.dut_if.Dout[3] inside {3'b010, 3'b110}) && (pcs_tb_top.dut_if.Dout[2] inside {3'b010, 3'b110})) && (pcs_tb_top.dut_if.Dout[1] inside {3'b010, 3'b110})) && (pcs_tb_top.dut_if.Dout[0] inside {3'b010, 3'b110}))'
Error: "uvm_tb.sv", 2275: pcs_tb_top.AST_SDD1_NONZERO: at time 412000 ps
[ASSERT/SDD] SDD1: lane(s) not ±2 at TX_EN rise: got 180 @ 412000
"uvm_tb.sv", 2355: pcs_tb_top.AST_SDD_EXACTLY2: started at 412000ps failed at 428000ps
	Offending '(!((((pcs_tb_top.dut_if.Dout[3] inside {3'b010, 3'b110}) && (pcs_tb_top.dut_if.Dout[2] inside {3'b010, 3'b110})) && (pcs_tb_top.dut_if.Dout[1] inside {3'b010, 3'b110})) && (pcs_tb_top.dut_if.Dout[0] inside {3'b010, 3'b110})))'
Error: "uvm_tb.sv", 2355: pcs_tb_top.AST_SDD_EXACTLY2: at time 428000 ps
[ASSERT/ORDER] All-±2 output persists after SDD2 (stuck in SDD?) @ 428000
UVM_ERROR uvm_tb.sv(1312) @ 436000: uvm_test_top.env.sb [SB/SYM] MISMATCH exp=090 act=000 ph=PH_DATA cycle=48
UVM_ERROR uvm_tb.sv(1312) @ 444000: uvm_test_top.env.sb [SB/SYM] MISMATCH exp=196 act=190 ph=PH_DATA cycle=49
UVM_ERROR uvm_tb.sv(1312) @ 452000: uvm_test_top.env.sb [SB/SYM] MISMATCH exp=071 act=c47 ph=PH_DATA cycle=50
UVM_ERROR uvm_tb.sv(1312) @ 460000: uvm_test_top.env.sb [SB/SYM] MISMATCH exp=050 act=070 ph=PH_DATA cycle=51
UVM_ERROR uvm_tb.sv(1312) @ 468000: uvm_test_top.env.sb [SB/SYM] MISMATCH exp=002 act=181 ph=PH_CSR cycle=52
UVM_ERROR uvm_tb.sv(1312) @ 476000: uvm_test_top.env.sb [SB/SYM] MISMATCH exp=2b6 act=5b6 ph=PH_CSR cycle=53
UVM_ERROR uvm_tb.sv(1312) @ 484000: uvm_test_top.env.sb [SB/SYM] MISMATCH exp=d89 act=4b6 ph=PH_ESD cycle=54
UVM_ERROR uvm_tb.sv(1312) @ 492000: uvm_test_top.env.sb [SB/SYM] MISMATCH exp=db6 act=c92 ph=PH_ESD cycle=55
"uvm_tb.sv", 2372: pcs_tb_top.AST_ESD_EXACTLY2: started at 468000ps failed at 500000ps
	Offending '(!((((pcs_tb_top.dut_if.Dout[3] inside {3'b010, 3'b110}) && (pcs_tb_top.dut_if.Dout[2] inside {3'b010, 3'b110})) && (pcs_tb_top.dut_if.Dout[1] inside {3'b010, 3'b110})) && (pcs_tb_top.dut_if.Dout[0] inside {3'b010, 3'b110})))'
Error: "uvm_tb.sv", 2372: pcs_tb_top.AST_ESD_EXACTLY2: at time 500000 ps
[ASSERT/ORDER] All-±2 output persists after ESD2 (stuck in ESD?) @ 500000
UVM_ERROR uvm_tb.sv(1312) @ 508000: uvm_test_top.env.sb [SB/SYM] MISMATCH exp=006 act=010 ph=PH_SDD cycle=57
"uvm_tb.sv", 2275: pcs_tb_top.AST_SDD1_NONZERO: started at 508000ps failed at 508000ps
	Offending '((((pcs_tb_top.dut_if.Dout[3] inside {3'b010, 3'b110}) && (pcs_tb_top.dut_if.Dout[2] inside {3'b010, 3'b110})) && (pcs_tb_top.dut_if.Dout[1] inside {3'b010, 3'b110})) && (pcs_tb_top.dut_if.Dout[0] inside {3'b010, 3'b110}))'
Error: "uvm_tb.sv", 2275: pcs_tb_top.AST_SDD1_NONZERO: at time 508000 ps
[ASSERT/SDD] SDD1: lane(s) not ±2 at TX_EN rise: got 010 @ 508000
"uvm_tb.sv", 2355: pcs_tb_top.AST_SDD_EXACTLY2: started at 508000ps failed at 524000ps
	Offending '(!((((pcs_tb_top.dut_if.Dout[3] inside {3'b010, 3'b110}) && (pcs_tb_top.dut_if.Dout[2] inside {3'b010, 3'b110})) && (pcs_tb_top.dut_if.Dout[1] inside {3'b010, 3'b110})) && (pcs_tb_top.dut_if.Dout[0] inside {3'b010, 3'b110})))'
Error: "uvm_tb.sv", 2355: pcs_tb_top.AST_SDD_EXACTLY2: at time 524000 ps
[ASSERT/ORDER] All-±2 output persists after SDD2 (stuck in SDD?) @ 524000
UVM_ERROR uvm_tb.sv(1312) @ 532000: uvm_test_top.env.sb [SB/SYM] MISMATCH exp=186 act=030 ph=PH_DATA cycle=60
UVM_ERROR uvm_tb.sv(1312) @ 540000: uvm_test_top.env.sb [SB/SYM] MISMATCH exp=c71 act=dc1 ph=PH_DATA cycle=61
UVM_ERROR uvm_tb.sv(1312) @ 548000: uvm_test_top.env.sb [SB/SYM] MISMATCH exp=187 act=1b1 ph=PH_DATA cycle=62
UVM_ERROR uvm_tb.sv(1312) @ 556000: uvm_test_top.env.sb [SB/SYM] MISMATCH exp=1f2 act=1d1 ph=PH_DATA cycle=63
UVM_ERROR uvm_tb.sv(1312) @ 564000: uvm_test_top.env.sb [SB/SYM] MISMATCH exp=040 act=1f0 ph=PH_DATA cycle=64
UVM_ERROR uvm_tb.sv(1312) @ 572000: uvm_test_top.env.sb [SB/SYM] MISMATCH exp=fd1 act=3c1 ph=PH_CSR cycle=65
UVM_ERROR uvm_tb.sv(1312) @ 580000: uvm_test_top.env.sb [SB/SYM] MISMATCH exp=c56 act=df6 ph=PH_CSR cycle=66
UVM_ERROR uvm_tb.sv(1312) @ 588000: uvm_test_top.env.sb [SB/SYM] MISMATCH exp=d89 act=497 ph=PH_ESD cycle=67
"uvm_tb.sv", 2305: pcs_tb_top.AST_ESD1_NONZERO: started at 572000ps failed at 588000ps
	Offending '((((pcs_tb_top.dut_if.Dout[3] inside {3'b010, 3'b110}) && (pcs_tb_top.dut_if.Dout[2] inside {3'b010, 3'b110})) && (pcs_tb_top.dut_if.Dout[1] inside {3'b010, 3'b110})) && (pcs_tb_top.dut_if.Dout[0] inside {3'b010, 3'b110}))'
Error: "uvm_tb.sv", 2305: pcs_tb_top.AST_ESD1_NONZERO: at time 588000 ps
[ASSERT/ESD] ESD1: lane(s) not ±2 two cycles after TX_EN fall: got 497 @ 588000
UVM_ERROR uvm_tb.sv(1312) @ 596000: uvm_test_top.env.sb [SB/SYM] MISMATCH exp=db6 act=cb6 ph=PH_ESD cycle=68
"uvm_tb.sv", 2372: pcs_tb_top.AST_ESD_EXACTLY2: started at 572000ps failed at 604000ps
	Offending '(!((((pcs_tb_top.dut_if.Dout[3] inside {3'b010, 3'b110}) && (pcs_tb_top.dut_if.Dout[2] inside {3'b010, 3'b110})) && (pcs_tb_top.dut_if.Dout[1] inside {3'b010, 3'b110})) && (pcs_tb_top.dut_if.Dout[0] inside {3'b010, 3'b110})))'
Error: "uvm_tb.sv", 2372: pcs_tb_top.AST_ESD_EXACTLY2: at time 604000 ps
[ASSERT/ORDER] All-±2 output persists after ESD2 (stuck in ESD?) @ 604000
UVM_ERROR uvm_tb.sv(1312) @ 612000: uvm_test_top.env.sb [SB/SYM] MISMATCH exp=006 act=196 ph=PH_SDD cycle=70
"uvm_tb.sv", 2275: pcs_tb_top.AST_SDD1_NONZERO: started at 612000ps failed at 612000ps
	Offending '((((pcs_tb_top.dut_if.Dout[3] inside {3'b010, 3'b110}) && (pcs_tb_top.dut_if.Dout[2] inside {3'b010, 3'b110})) && (pcs_tb_top.dut_if.Dout[1] inside {3'b010, 3'b110})) && (pcs_tb_top.dut_if.Dout[0] inside {3'b010, 3'b110}))'
Error: "uvm_tb.sv", 2275: pcs_tb_top.AST_SDD1_NONZERO: at time 612000 ps
[ASSERT/SDD] SDD1: lane(s) not ±2 at TX_EN rise: got 196 @ 612000
"uvm_tb.sv", 2355: pcs_tb_top.AST_SDD_EXACTLY2: started at 612000ps failed at 628000ps
	Offending '(!((((pcs_tb_top.dut_if.Dout[3] inside {3'b010, 3'b110}) && (pcs_tb_top.dut_if.Dout[2] inside {3'b010, 3'b110})) && (pcs_tb_top.dut_if.Dout[1] inside {3'b010, 3'b110})) && (pcs_tb_top.dut_if.Dout[0] inside {3'b010, 3'b110})))'
Error: "uvm_tb.sv", 2355: pcs_tb_top.AST_SDD_EXACTLY2: at time 628000 ps
[ASSERT/ORDER] All-±2 output persists after SDD2 (stuck in SDD?) @ 628000
UVM_ERROR uvm_tb.sv(1312) @ 636000: uvm_test_top.env.sb [SB/SYM] MISMATCH exp=002 act=1b2 ph=PH_DATA cycle=73
UVM_ERROR uvm_tb.sv(1312) @ 644000: uvm_test_top.env.sb [SB/SYM] MISMATCH exp=e87 act=eb1 ph=PH_DATA cycle=74
UVM_ERROR uvm_tb.sv(1312) @ 660000: uvm_test_top.env.sb [SB/SYM] MISMATCH exp=070 act=441 ph=PH_DATA cycle=76
UVM_ERROR uvm_tb.sv(1312) @ 668000: uvm_test_top.env.sb [SB/SYM] MISMATCH exp=dc2 act=1d2 ph=PH_DATA cycle=77
UVM_ERROR uvm_tb.sv(1312) @ 676000: uvm_test_top.env.sb [SB/SYM] MISMATCH exp=1fa act=1c9 ph=PH_DATA cycle=78
UVM_ERROR uvm_tb.sv(1312) @ 684000: uvm_test_top.env.sb [SB/SYM] MISMATCH exp=dca act=478 ph=PH_CSR cycle=79
UVM_ERROR uvm_tb.sv(1312) @ 692000: uvm_test_top.env.sb [SB/SYM] MISMATCH exp=3b1 act=fbe ph=PH_CSR cycle=80
UVM_ERROR uvm_tb.sv(1312) @ 700000: uvm_test_top.env.sb [SB/SYM] MISMATCH exp=c96 act=c97 ph=PH_ESD cycle=81
"uvm_tb.sv", 2305: pcs_tb_top.AST_ESD1_NONZERO: started at 684000ps failed at 700000ps
	Offending '((((pcs_tb_top.dut_if.Dout[3] inside {3'b010, 3'b110}) && (pcs_tb_top.dut_if.Dout[2] inside {3'b010, 3'b110})) && (pcs_tb_top.dut_if.Dout[1] inside {3'b010, 3'b110})) && (pcs_tb_top.dut_if.Dout[0] inside {3'b010, 3'b110}))'
Error: "uvm_tb.sv", 2305: pcs_tb_top.AST_ESD1_NONZERO: at time 700000 ps
[ASSERT/ESD] ESD1: lane(s) not ±2 two cycles after TX_EN fall: got c97 @ 700000
UVM_ERROR uvm_tb.sv(1312) @ 708000: uvm_test_top.env.sb [SB/SYM] MISMATCH exp=db6 act=cb2 ph=PH_ESD cycle=82
"uvm_tb.sv", 2372: pcs_tb_top.AST_ESD_EXACTLY2: started at 684000ps failed at 716000ps
	Offending '(!((((pcs_tb_top.dut_if.Dout[3] inside {3'b010, 3'b110}) && (pcs_tb_top.dut_if.Dout[2] inside {3'b010, 3'b110})) && (pcs_tb_top.dut_if.Dout[1] inside {3'b010, 3'b110})) && (pcs_tb_top.dut_if.Dout[0] inside {3'b010, 3'b110})))'
Error: "uvm_tb.sv", 2372: pcs_tb_top.AST_ESD_EXACTLY2: at time 716000 ps
[ASSERT/ORDER] All-±2 output persists after ESD2 (stuck in ESD?) @ 716000
UVM_ERROR uvm_tb.sv(1312) @ 724000: uvm_test_top.env.sb [SB/SYM] MISMATCH exp=000 act=182 ph=PH_SDD cycle=84
"uvm_tb.sv", 2275: pcs_tb_top.AST_SDD1_NONZERO: started at 724000ps failed at 724000ps
	Offending '((((pcs_tb_top.dut_if.Dout[3] inside {3'b010, 3'b110}) && (pcs_tb_top.dut_if.Dout[2] inside {3'b010, 3'b110})) && (pcs_tb_top.dut_if.Dout[1] inside {3'b010, 3'b110})) && (pcs_tb_top.dut_if.Dout[0] inside {3'b010, 3'b110}))'
Error: "uvm_tb.sv", 2275: pcs_tb_top.AST_SDD1_NONZERO: at time 724000 ps
[ASSERT/SDD] SDD1: lane(s) not ±2 at TX_EN rise: got 182 @ 724000
"uvm_tb.sv", 2355: pcs_tb_top.AST_SDD_EXACTLY2: started at 724000ps failed at 740000ps
	Offending '(!((((pcs_tb_top.dut_if.Dout[3] inside {3'b010, 3'b110}) && (pcs_tb_top.dut_if.Dout[2] inside {3'b010, 3'b110})) && (pcs_tb_top.dut_if.Dout[1] inside {3'b010, 3'b110})) && (pcs_tb_top.dut_if.Dout[0] inside {3'b010, 3'b110})))'
Error: "uvm_tb.sv", 2355: pcs_tb_top.AST_SDD_EXACTLY2: at time 740000 ps
[ASSERT/ORDER] All-±2 output persists after SDD2 (stuck in SDD?) @ 740000
UVM_ERROR uvm_tb.sv(1312) @ 748000: uvm_test_top.env.sb [SB/SYM] MISMATCH exp=c10 act=196 ph=PH_DATA cycle=87
UVM_ERROR uvm_tb.sv(1312) @ 764000: uvm_test_top.env.sb [SB/SYM] MISMATCH exp=1d2 act=050 ph=PH_DATA cycle=89
UVM_ERROR uvm_tb.sv(1312) @ 772000: uvm_test_top.env.sb [SB/SYM] MISMATCH exp=e70 act=40e ph=PH_DATA cycle=90
UVM_ERROR uvm_tb.sv(1312) @ 780000: uvm_test_top.env.sb [SB/SYM] MISMATCH exp=e17 act=206 ph=PH_DATA cycle=91
UVM_ERROR uvm_tb.sv(1312) @ 788000: uvm_test_top.env.sb [SB/SYM] MISMATCH exp=1f0 act=c57 ph=PH_DATA cycle=92
UVM_ERROR uvm_tb.sv(1312) @ 796000: uvm_test_top.env.sb [SB/SYM] MISMATCH exp=391 act=382 ph=PH_DATA cycle=93
UVM_ERROR uvm_tb.sv(1312) @ 804000: uvm_test_top.env.sb [SB/SYM] MISMATCH exp=03a act=0b9 ph=PH_CSR cycle=94
UVM_ERROR uvm_tb.sv(1312) @ 812000: uvm_test_top.env.sb [SB/SYM] MISMATCH exp=c8e act=472 ph=PH_CSR cycle=95
UVM_ERROR uvm_tb.sv(1312) @ 820000: uvm_test_top.env.sb [SB/SYM] MISMATCH exp=d89 act=497 ph=PH_ESD cycle=96
"uvm_tb.sv", 2305: pcs_tb_top.AST_ESD1_NONZERO: started at 804000ps failed at 820000ps
	Offending '((((pcs_tb_top.dut_if.Dout[3] inside {3'b010, 3'b110}) && (pcs_tb_top.dut_if.Dout[2] inside {3'b010, 3'b110})) && (pcs_tb_top.dut_if.Dout[1] inside {3'b010, 3'b110})) && (pcs_tb_top.dut_if.Dout[0] inside {3'b010, 3'b110}))'
Error: "uvm_tb.sv", 2305: pcs_tb_top.AST_ESD1_NONZERO: at time 820000 ps
[ASSERT/ESD] ESD1: lane(s) not ±2 two cycles after TX_EN fall: got 497 @ 820000
UVM_ERROR uvm_tb.sv(1312) @ 828000: uvm_test_top.env.sb [SB/SYM] MISMATCH exp=db6 act=5b2 ph=PH_ESD cycle=97
"uvm_tb.sv", 2372: pcs_tb_top.AST_ESD_EXACTLY2: started at 804000ps failed at 836000ps
	Offending '(!((((pcs_tb_top.dut_if.Dout[3] inside {3'b010, 3'b110}) && (pcs_tb_top.dut_if.Dout[2] inside {3'b010, 3'b110})) && (pcs_tb_top.dut_if.Dout[1] inside {3'b010, 3'b110})) && (pcs_tb_top.dut_if.Dout[0] inside {3'b010, 3'b110})))'
Error: "uvm_tb.sv", 2372: pcs_tb_top.AST_ESD_EXACTLY2: at time 836000 ps
[ASSERT/ORDER] All-±2 output persists after ESD2 (stuck in ESD?) @ 836000
UVM_ERROR uvm_tb.sv(1312) @ 844000: uvm_test_top.env.sb [SB/SYM] MISMATCH exp=006 act=096 ph=PH_IDLE cycle=99
UVM_ERROR uvm_tb.sv(1312) @ 852000: uvm_test_top.env.sb [SB/SYM] MISMATCH exp=096 act=000 ph=PH_IDLE cycle=100
UVM_ERROR uvm_tb.sv(1312) @ 860000: uvm_test_top.env.sb [SB/SYM] MISMATCH exp=c00 act=006 ph=PH_IDLE cycle=101
UVM_ERROR uvm_tb.sv(1312) @ 868000: uvm_test_top.env.sb [SB/SYM] MISMATCH exp=092 act=090 ph=PH_IDLE cycle=102
UVM_ERROR uvm_tb.sv(1312) @ 876000: uvm_test_top.env.sb [SB/SYM] MISMATCH exp=000 act=1b0 ph=PH_IDLE cycle=103
UVM_ERROR uvm_tb.sv(1312) @ 884000: uvm_test_top.env.sb [SB/SYM] MISMATCH exp=032 act=002 ph=PH_IDLE cycle=104
UVM_ERROR uvm_tb.sv(1312) @ 892000: uvm_test_top.env.sb [SB/SYM] MISMATCH exp=080 act=086 ph=PH_IDLE cycle=105
UVM_ERROR uvm_tb.sv(1312) @ 900000: uvm_test_top.env.sb [SB/SYM] MISMATCH exp=4b6 act=030 ph=PH_IDLE cycle=106
UVM_ERROR uvm_tb.sv(1312) @ 908000: uvm_test_top.env.sb [SB/SYM] MISMATCH exp=000 act=1b6 ph=PH_IDLE cycle=107
UVM_ERROR uvm_tb.sv(1312) @ 916000: uvm_test_top.env.sb [SB/SYM] MISMATCH exp=1b0 act=000 ph=PH_IDLE cycle=108
UVM_ERROR uvm_tb.sv(1312) @ 924000: uvm_test_top.env.sb [SB/SYM] MISMATCH exp=002 act=0b0 ph=PH_IDLE cycle=109
UVM_ERROR uvm_tb.sv(1312) @ 932000: uvm_test_top.env.sb [SB/SYM] MISMATCH exp=192 act=002 ph=PH_IDLE cycle=110
UVM_ERROR uvm_tb.sv(1312) @ 940000: uvm_test_top.env.sb [SB/SYM] MISMATCH exp=000 act=186 ph=PH_IDLE cycle=111
UVM_ERROR uvm_tb.sv(1312) @ 948000: uvm_test_top.env.sb [SB/SYM] MISMATCH exp=186 act=010 ph=PH_IDLE cycle=112
UVM_ERROR uvm_tb.sv(1312) @ 956000: uvm_test_top.env.sb [SB/SYM] MISMATCH exp=c10 act=180 ph=PH_IDLE cycle=113
UVM_ERROR uvm_tb.sv(1312) @ 964000: uvm_test_top.env.sb [SB/SYM] MISMATCH exp=010 act=016 ph=PH_IDLE cycle=114
UVM_ERROR uvm_tb.sv(1312) @ 972000: uvm_test_top.env.sb [SB/SYM] MISMATCH exp=082 act=080 ph=PH_IDLE cycle=115
UVM_ERROR uvm_tb.sv(1312) @ 980000: uvm_test_top.env.sb [SB/SYM] MISMATCH exp=030 act=032 ph=PH_IDLE cycle=116
UVM_ERROR uvm_tb.sv(1312) @ 988000: uvm_test_top.env.sb [SB/SYM] MISMATCH exp=082 act=092 ph=PH_IDLE cycle=117
UVM_INFO /home/morris/uvm-1.2/src/base/uvm_objection.svh(1270) @ 996000: reporter [TEST_DONE] 'run' phase is ready to proceed to the 'extract' phase
UVM_INFO uvm_tb.sv(1645) @ 996000: uvm_test_top.env.cov [COV] ======= COVERAGE =======
UVM_INFO uvm_tb.sv(1647) @ 996000: uvm_test_top.env.cov [COV]   stream_phase : 100.0%
UVM_INFO uvm_tb.sv(1649) @ 996000: uvm_test_top.env.cov [COV]   pam5_sym     : 100.0%
UVM_INFO uvm_tb.sv(1651) @ 996000: uvm_test_top.env.cov [COV]   sign_reversal: 100.0%
UVM_INFO uvm_tb.sv(1653) @ 996000: uvm_test_top.env.cov [COV]   sdd_pattern  : 100.0%
UVM_INFO uvm_tb.sv(1655) @ 996000: uvm_test_top.env.cov [COV]   esd_pattern  : 0.0%
UVM_INFO uvm_tb.sv(1657) @ 996000: uvm_test_top.env.cov [COV]   phase_trans  : 100.0%
UVM_INFO uvm_tb.sv(1660) @ 996000: uvm_test_top.env.cov [COV]   txen_edges   : 100.0%
UVM_INFO uvm_tb.sv(1662) @ 996000: uvm_test_top.env.cov [COV]   din_ranges   : 100.0%
UVM_INFO uvm_tb.sv(1664) @ 996000: uvm_test_top.env.cov [COV]   din7_data    : 100.0%
UVM_INFO uvm_tb.sv(1666) @ 996000: uvm_test_top.env.cov [COV]   csr_patterns : 0.0%
UVM_INFO uvm_tb.sv(1668) @ 996000: uvm_test_top.env.cov [COV]   esd_mismatch : 100.0%
UVM_INFO uvm_tb.sv(1670) @ 996000: uvm_test_top.env.cov [COV]   pkt_length   : 100.0%
UVM_INFO uvm_tb.sv(1672) @ 996000: uvm_test_top.env.cov [COV]   b2b_trans    : 66.7%
UVM_INFO uvm_tb.sv(1674) @ 996000: uvm_test_top.env.cov [COV]   txen_x_din7  : 100.0%
UVM_INFO uvm_tb.sv(1676) @ 996000: uvm_test_top.env.cov [COV] ========================
UVM_INFO uvm_tb.sv(1322) @ 996000: uvm_test_top.env.sb [SB] ============ SCOREBOARD ============
UVM_INFO uvm_tb.sv(1323) @ 996000: uvm_test_top.env.sb [SB]   Total   : 117
UVM_INFO uvm_tb.sv(1324) @ 996000: uvm_test_top.env.sb [SB]   Passed  : 140
UVM_INFO uvm_tb.sv(1325) @ 996000: uvm_test_top.env.sb [SB]   Failed  : 85
UVM_INFO uvm_tb.sv(1326) @ 996000: uvm_test_top.env.sb [SB]   PAM5 err: 0
UVM_INFO uvm_tb.sv(1327) @ 996000: uvm_test_top.env.sb [SB]   Seq  err: 0
UVM_INFO uvm_tb.sv(1328) @ 996000: uvm_test_top.env.sb [SB]   Sym  err: 85
UVM_ERROR uvm_tb.sv(1332) @ 996000: uvm_test_top.env.sb [SB]   *** 85 FAILURES ***
UVM_INFO uvm_tb.sv(1333) @ 996000: uvm_test_top.env.sb [SB] ====================================
UVM_INFO /home/morris/uvm-1.2/src/base/uvm_report_server.svh(847) @ 996000: reporter [UVM/REPORT/SERVER] 
--- UVM Report Summary ---

** Report counts by severity
UVM_INFO :   36
UVM_WARNING :    0
UVM_ERROR :   86
UVM_FATAL :    0
** Report counts by id
[COV]    16
[RNTST]     1
[SB]     9
[SB/SYM]    85
[TEST]     9
[TEST_DONE]     1
[UVM/RELNOTES]     1

$finish called from file "/home/morris/uvm-1.2/src/base/uvm_root.svh", line 517.
$finish at simulation time               996000

---------------------------------------------------------------------------
VCS Coverage Metrics: during simulation line, cond, FSM, branch, tgl was monitored
---------------------------------------------------------------------------

 Coverage status: End of All Coverages ...

           V C S   S i m u l a t i o n   R e p o r t 
Time: 996000 ps
CPU Time:      0.510 seconds;       Data structure size:   0.3Mb
Mon May 11 15:57:21 2026

========================================================
  SCOREBOARD
========================================================
UVM_INFO uvm_tb.sv(1323) @ 996000: uvm_test_top.env.sb [SB]   Total   : 117
UVM_INFO uvm_tb.sv(1324) @ 996000: uvm_test_top.env.sb [SB]   Passed  : 140
UVM_INFO uvm_tb.sv(1325) @ 996000: uvm_test_top.env.sb [SB]   Failed  : 85
UVM_INFO uvm_tb.sv(1326) @ 996000: uvm_test_top.env.sb [SB]   PAM5 err: 0
UVM_INFO uvm_tb.sv(1327) @ 996000: uvm_test_top.env.sb [SB]   Seq  err: 0
UVM_INFO uvm_tb.sv(1328) @ 996000: uvm_test_top.env.sb [SB]   Sym  err: 85
UVM_ERROR uvm_tb.sv(1332) @ 996000: uvm_test_top.env.sb [SB]   *** 85 FAILURES ***

========================================================
  COVERAGE
========================================================
UVM_INFO uvm_tb.sv(1647) @ 996000: uvm_test_top.env.cov [COV]   stream_phase : 100.0%
UVM_INFO uvm_tb.sv(1649) @ 996000: uvm_test_top.env.cov [COV]   pam5_sym     : 100.0%
UVM_INFO uvm_tb.sv(1651) @ 996000: uvm_test_top.env.cov [COV]   sign_reversal: 100.0%
UVM_INFO uvm_tb.sv(1653) @ 996000: uvm_test_top.env.cov [COV]   sdd_pattern  : 100.0%
UVM_INFO uvm_tb.sv(1655) @ 996000: uvm_test_top.env.cov [COV]   esd_pattern  : 0.0%
UVM_INFO uvm_tb.sv(1657) @ 996000: uvm_test_top.env.cov [COV]   phase_trans  : 100.0%
UVM_INFO uvm_tb.sv(1660) @ 996000: uvm_test_top.env.cov [COV]   txen_edges   : 100.0%
UVM_INFO uvm_tb.sv(1662) @ 996000: uvm_test_top.env.cov [COV]   din_ranges   : 100.0%
UVM_INFO uvm_tb.sv(1664) @ 996000: uvm_test_top.env.cov [COV]   din7_data    : 100.0%
UVM_INFO uvm_tb.sv(1666) @ 996000: uvm_test_top.env.cov [COV]   csr_patterns : 0.0%
UVM_INFO uvm_tb.sv(1668) @ 996000: uvm_test_top.env.cov [COV]   esd_mismatch : 100.0%
UVM_INFO uvm_tb.sv(1670) @ 996000: uvm_test_top.env.cov [COV]   pkt_length   : 100.0%
UVM_INFO uvm_tb.sv(1672) @ 996000: uvm_test_top.env.cov [COV]   b2b_trans    : 66.7%
UVM_INFO uvm_tb.sv(1674) @ 996000: uvm_test_top.env.cov [COV]   txen_x_din7  : 100.0%

  Log     : sim_pcs_diag_escalate_test.log
  Coverage: coverage.vdb/
========================================================
  STATUS: PASSED -- pcs_diag_escalate_test

========================================================
  RUNNING: pcs_altbit_test
========================================================

========================================================
  Test : pcs_altbit_test
  Files: DUTS26_0.sv uvm_tb.sv
========================================================
=== Compiling ===
/apps/synopsys/vcs_2023/vcs/U-2023.03-SP2-8/bin/vcs: line 3860: lsb_release: command not found

Warning-[LNX_OS_VERUN] Unsupported Linux version
  Linux version 'Red Hat Enterprise Linux release 9.6 (Plow)' is not supported
  on 'x86_64' officially, assuming linux compatibility by default. Set 
  VCS_ARCH_OVERRIDE to linux or suse32 to override.
  Please refer to release notes for information on supported platforms.

                         Chronologic VCS (TM)
      Version U-2023.03-SP2-8_Full64 -- Mon May 11 15:57:22 2026

                    Copyright (c) 1991 - 2024 Synopsys, Inc.
   This software and the associated documentation are proprietary to Synopsys,
 Inc. This software may only be used in accordance with the terms and conditions
 of a written license agreement with Synopsys, Inc. All other use, reproduction,
   or distribution of this software is strictly prohibited.  Licensed Products
     communicate with Synopsys servers for the purpose of providing software
    updates, detecting software piracy and verifying that customers are using
    Licensed Products in conformity with the applicable License Key for such
  Licensed Products. Synopsys will use information gathered in connection with
    this process to deliver software updates and pursue software pirates and
                                   infringers.

 Inclusivity & Diversity - Visit SolvNetPlus to read the "Synopsys Statement on
            Inclusivity and Diversity" (Refer to article 000036315 at
                        https://solvnetplus.synopsys.com)

The design hasn't changed and need not be recompiled. 
If you really want to, delete file simv.daidir/.vcs.timestamp and
run VCS again.

=== Compile OK ===
=== Simulating: pcs_altbit_test ===
Info: [VCS_SAVE_RESTORE_INFO] ASLR (Address Space Layout Randomization) is detected on the machine. To enable $save functionality, ASLR will be switched off and simv re-executed.
Please use '-no_save' simv switch to avoid re-execution or '-suppress=ASLR_DETECTED_INFO' to suppress this message.
Chronologic VCS simulator copyright 1991-2023
Contains Synopsys proprietary information.
Compiler version U-2023.03-SP2-8_Full64; Runtime version U-2023.03-SP2-8_Full64;  May 11 15:57 2026
UVM_INFO /home/morris/uvm-1.2/src/base/uvm_root.svh(392) @ 0: reporter [UVM/RELNOTES] 
----------------------------------------------------------------
UVM-1.2
(C) 2007-2014 Mentor Graphics Corporation
(C) 2007-2014 Cadence Design Systems, Inc.
(C) 2006-2014 Synopsys, Inc.
(C) 2011-2013 Cypress Semiconductor Corp.
(C) 2013-2014 NVIDIA Corporation
----------------------------------------------------------------

  ***********       IMPORTANT RELEASE NOTES         ************

  You are using a version of the UVM library that has been compiled
  with `UVM_NO_DEPRECATED undefined.
  See http://www.eda.org/svdb/view.php?id=3313 for more details.

  You are using a version of the UVM library that has been compiled
  with `UVM_OBJECT_DO_NOT_NEED_CONSTRUCTOR undefined.
  See http://www.eda.org/svdb/view.php?id=3770 for more details.

      (Specify +UVM_NO_RELNOTES to turn off this notice)


 VCS Coverage Metrics Release U-2023.03-SP2-8_Full64 Copyright (c) 1991-2023 by Synopsys Inc.
UVM_INFO @ 0: reporter [RNTST] Running test pcs_altbit_test...
UVM_INFO uvm_tb.sv(1960) @ 0: uvm_test_top [TEST] === ALTERNATING BIT TEST ===
"uvm_tb.sv", 2217: pcs_tb_top.AST_NOX_A: started at 4000ps failed at 4000ps
	Offending '(!$isunknown(pcs_tb_top.dut_if.Dout[3]))'
Error: "uvm_tb.sv", 2217: pcs_tb_top.AST_NOX_A: at time 4000 ps
[ASSERT/NOX] lane A is X/Z @ 4000
"uvm_tb.sv", 2219: pcs_tb_top.AST_NOX_B: started at 4000ps failed at 4000ps
	Offending '(!$isunknown(pcs_tb_top.dut_if.Dout[2]))'
Error: "uvm_tb.sv", 2219: pcs_tb_top.AST_NOX_B: at time 4000 ps
[ASSERT/NOX] lane B is X/Z @ 4000
"uvm_tb.sv", 2221: pcs_tb_top.AST_NOX_C: started at 4000ps failed at 4000ps
	Offending '(!$isunknown(pcs_tb_top.dut_if.Dout[1]))'
Error: "uvm_tb.sv", 2221: pcs_tb_top.AST_NOX_C: at time 4000 ps
[ASSERT/NOX] lane C is X/Z @ 4000
"uvm_tb.sv", 2223: pcs_tb_top.AST_NOX_D: started at 4000ps failed at 4000ps
	Offending '(!$isunknown(pcs_tb_top.dut_if.Dout[0]))'
Error: "uvm_tb.sv", 2223: pcs_tb_top.AST_NOX_D: at time 4000 ps
[ASSERT/NOX] lane D is X/Z @ 4000
UVM_ERROR uvm_tb.sv(1312) @ 68000: uvm_test_top.env.sb [SB/SYM] MISMATCH exp=db0 act=036 ph=PH_IDLE cycle=2
UVM_ERROR uvm_tb.sv(1312) @ 76000: uvm_test_top.env.sb [SB/SYM] MISMATCH exp=006 act=180 ph=PH_IDLE cycle=3
UVM_ERROR uvm_tb.sv(1312) @ 84000: uvm_test_top.env.sb [SB/SYM] MISMATCH exp=1b0 act=036 ph=PH_IDLE cycle=4
UVM_ERROR uvm_tb.sv(1312) @ 92000: uvm_test_top.env.sb [SB/SYM] MISMATCH exp=006 act=000 ph=PH_IDLE cycle=5
UVM_ERROR uvm_tb.sv(1312) @ 100000: uvm_test_top.env.sb [SB/SYM] MISMATCH exp=0b0 act=0b6 ph=PH_IDLE cycle=6
UVM_ERROR uvm_tb.sv(1312) @ 108000: uvm_test_top.env.sb [SB/SYM] MISMATCH exp=006 act=180 ph=PH_SDD cycle=7
"uvm_tb.sv", 2275: pcs_tb_top.AST_SDD1_NONZERO: started at 108000ps failed at 108000ps
	Offending '((((pcs_tb_top.dut_if.Dout[3] inside {3'b010, 3'b110}) && (pcs_tb_top.dut_if.Dout[2] inside {3'b010, 3'b110})) && (pcs_tb_top.dut_if.Dout[1] inside {3'b010, 3'b110})) && (pcs_tb_top.dut_if.Dout[0] inside {3'b010, 3'b110}))'
Error: "uvm_tb.sv", 2275: pcs_tb_top.AST_SDD1_NONZERO: at time 108000 ps
[ASSERT/SDD] SDD1: lane(s) not ±2 at TX_EN rise: got 180 @ 108000
"uvm_tb.sv", 2355: pcs_tb_top.AST_SDD_EXACTLY2: started at 108000ps failed at 124000ps
	Offending '(!((((pcs_tb_top.dut_if.Dout[3] inside {3'b010, 3'b110}) && (pcs_tb_top.dut_if.Dout[2] inside {3'b010, 3'b110})) && (pcs_tb_top.dut_if.Dout[1] inside {3'b010, 3'b110})) && (pcs_tb_top.dut_if.Dout[0] inside {3'b010, 3'b110})))'
Error: "uvm_tb.sv", 2355: pcs_tb_top.AST_SDD_EXACTLY2: at time 124000 ps
[ASSERT/ORDER] All-±2 output persists after SDD2 (stuck in SDD?) @ 124000
UVM_ERROR uvm_tb.sv(1312) @ 132000: uvm_test_top.env.sb [SB/SYM] MISMATCH exp=030 act=036 ph=PH_DATA cycle=10
UVM_ERROR uvm_tb.sv(1312) @ 140000: uvm_test_top.env.sb [SB/SYM] MISMATCH exp=18f act=1bf ph=PH_DATA cycle=11
UVM_ERROR uvm_tb.sv(1312) @ 148000: uvm_test_top.env.sb [SB/SYM] MISMATCH exp=3c8 act=279 ph=PH_DATA cycle=12
UVM_ERROR uvm_tb.sv(1312) @ 156000: uvm_test_top.env.sb [SB/SYM] MISMATCH exp=c39 act=3f0 ph=PH_CSR cycle=13
UVM_ERROR uvm_tb.sv(1312) @ 164000: uvm_test_top.env.sb [SB/SYM] MISMATCH exp=2b6 act=5b2 ph=PH_CSR cycle=14
UVM_ERROR uvm_tb.sv(1312) @ 172000: uvm_test_top.env.sb [SB/SYM] MISMATCH exp=d89 act=4b2 ph=PH_ESD cycle=15
UVM_ERROR uvm_tb.sv(1312) @ 180000: uvm_test_top.env.sb [SB/SYM] MISMATCH exp=db6 act=c96 ph=PH_ESD cycle=16
"uvm_tb.sv", 2372: pcs_tb_top.AST_ESD_EXACTLY2: started at 156000ps failed at 188000ps
	Offending '(!((((pcs_tb_top.dut_if.Dout[3] inside {3'b010, 3'b110}) && (pcs_tb_top.dut_if.Dout[2] inside {3'b010, 3'b110})) && (pcs_tb_top.dut_if.Dout[1] inside {3'b010, 3'b110})) && (pcs_tb_top.dut_if.Dout[0] inside {3'b010, 3'b110})))'
Error: "uvm_tb.sv", 2372: pcs_tb_top.AST_ESD_EXACTLY2: at time 188000 ps
[ASSERT/ORDER] All-±2 output persists after ESD2 (stuck in ESD?) @ 188000
UVM_ERROR uvm_tb.sv(1312) @ 196000: uvm_test_top.env.sb [SB/SYM] MISMATCH exp=000 act=012 ph=PH_IDLE cycle=18
UVM_ERROR uvm_tb.sv(1312) @ 204000: uvm_test_top.env.sb [SB/SYM] MISMATCH exp=096 act=080 ph=PH_IDLE cycle=19
UVM_ERROR uvm_tb.sv(1312) @ 212000: uvm_test_top.env.sb [SB/SYM] MISMATCH exp=1b0 act=036 ph=PH_IDLE cycle=20
UVM_ERROR uvm_tb.sv(1312) @ 220000: uvm_test_top.env.sb [SB/SYM] MISMATCH exp=002 act=1b2 ph=PH_IDLE cycle=21
UVM_ERROR uvm_tb.sv(1312) @ 228000: uvm_test_top.env.sb [SB/SYM] MISMATCH exp=190 act=000 ph=PH_IDLE cycle=22
UVM_ERROR uvm_tb.sv(1312) @ 236000: uvm_test_top.env.sb [SB/SYM] MISMATCH exp=006 act=000 ph=PH_IDLE cycle=23
UVM_ERROR uvm_tb.sv(1312) @ 252000: uvm_test_top.env.sb [SB/SYM] MISMATCH exp=000 act=180 ph=PH_IDLE cycle=25
UVM_ERROR uvm_tb.sv(1312) @ 260000: uvm_test_top.env.sb [SB/SYM] MISMATCH exp=192 act=012 ph=PH_IDLE cycle=26
UVM_ERROR uvm_tb.sv(1312) @ 268000: uvm_test_top.env.sb [SB/SYM] MISMATCH exp=000 act=180 ph=PH_IDLE cycle=27
UVM_ERROR uvm_tb.sv(1312) @ 276000: uvm_test_top.env.sb [SB/SYM] MISMATCH exp=cb0 act=036 ph=PH_IDLE cycle=28
UVM_ERROR uvm_tb.sv(1312) @ 284000: uvm_test_top.env.sb [SB/SYM] MISMATCH exp=002 act=182 ph=PH_IDLE cycle=29
UVM_ERROR uvm_tb.sv(1312) @ 292000: uvm_test_top.env.sb [SB/SYM] MISMATCH exp=1b0 act=030 ph=PH_IDLE cycle=30
UVM_ERROR uvm_tb.sv(1312) @ 300000: uvm_test_top.env.sb [SB/SYM] MISMATCH exp=002 act=030 ph=PH_IDLE cycle=31
UVM_ERROR uvm_tb.sv(1312) @ 308000: uvm_test_top.env.sb [SB/SYM] MISMATCH exp=090 act=086 ph=PH_IDLE cycle=32
UVM_ERROR uvm_tb.sv(1312) @ 316000: uvm_test_top.env.sb [SB/SYM] MISMATCH exp=006 act=180 ph=PH_IDLE cycle=33
UVM_ERROR uvm_tb.sv(1312) @ 324000: uvm_test_top.env.sb [SB/SYM] MISMATCH exp=182 act=032 ph=PH_IDLE cycle=34
UVM_ERROR uvm_tb.sv(1312) @ 332000: uvm_test_top.env.sb [SB/SYM] MISMATCH exp=c10 act=180 ph=PH_IDLE cycle=35
UVM_ERROR uvm_tb.sv(1312) @ 340000: uvm_test_top.env.sb [SB/SYM] MISMATCH exp=010 act=016 ph=PH_IDLE cycle=36
UVM_INFO /home/morris/uvm-1.2/src/base/uvm_objection.svh(1270) @ 348000: reporter [TEST_DONE] 'run' phase is ready to proceed to the 'extract' phase
UVM_INFO uvm_tb.sv(1645) @ 348000: uvm_test_top.env.cov [COV] ======= COVERAGE =======
UVM_INFO uvm_tb.sv(1647) @ 348000: uvm_test_top.env.cov [COV]   stream_phase : 100.0%
UVM_INFO uvm_tb.sv(1649) @ 348000: uvm_test_top.env.cov [COV]   pam5_sym     : 90.0%
UVM_INFO uvm_tb.sv(1651) @ 348000: uvm_test_top.env.cov [COV]   sign_reversal: 100.0%
UVM_INFO uvm_tb.sv(1653) @ 348000: uvm_test_top.env.cov [COV]   sdd_pattern  : 50.0%
UVM_INFO uvm_tb.sv(1655) @ 348000: uvm_test_top.env.cov [COV]   esd_pattern  : 0.0%
UVM_INFO uvm_tb.sv(1657) @ 348000: uvm_test_top.env.cov [COV]   phase_trans  : 100.0%
UVM_INFO uvm_tb.sv(1660) @ 348000: uvm_test_top.env.cov [COV]   txen_edges   : 100.0%
UVM_INFO uvm_tb.sv(1662) @ 348000: uvm_test_top.env.cov [COV]   din_ranges   : 75.0%
UVM_INFO uvm_tb.sv(1664) @ 348000: uvm_test_top.env.cov [COV]   din7_data    : 50.0%
UVM_INFO uvm_tb.sv(1666) @ 348000: uvm_test_top.env.cov [COV]   csr_patterns : 12.5%
UVM_INFO uvm_tb.sv(1668) @ 348000: uvm_test_top.env.cov [COV]   esd_mismatch : 75.0%
UVM_INFO uvm_tb.sv(1670) @ 348000: uvm_test_top.env.cov [COV]   pkt_length   : 60.0%
UVM_INFO uvm_tb.sv(1672) @ 348000: uvm_test_top.env.cov [COV]   b2b_trans    : 66.7%
UVM_INFO uvm_tb.sv(1674) @ 348000: uvm_test_top.env.cov [COV]   txen_x_din7  : 100.0%
UVM_INFO uvm_tb.sv(1676) @ 348000: uvm_test_top.env.cov [COV] ========================
UVM_INFO uvm_tb.sv(1322) @ 348000: uvm_test_top.env.sb [SB] ============ SCOREBOARD ============
UVM_INFO uvm_tb.sv(1323) @ 348000: uvm_test_top.env.sb [SB]   Total   : 36
UVM_INFO uvm_tb.sv(1324) @ 348000: uvm_test_top.env.sb [SB]   Passed  : 39
UVM_INFO uvm_tb.sv(1325) @ 348000: uvm_test_top.env.sb [SB]   Failed  : 31
UVM_INFO uvm_tb.sv(1326) @ 348000: uvm_test_top.env.sb [SB]   PAM5 err: 0
UVM_INFO uvm_tb.sv(1327) @ 348000: uvm_test_top.env.sb [SB]   Seq  err: 0
UVM_INFO uvm_tb.sv(1328) @ 348000: uvm_test_top.env.sb [SB]   Sym  err: 31
UVM_ERROR uvm_tb.sv(1332) @ 348000: uvm_test_top.env.sb [SB]   *** 31 FAILURES ***
UVM_INFO uvm_tb.sv(1333) @ 348000: uvm_test_top.env.sb [SB] ====================================
UVM_INFO /home/morris/uvm-1.2/src/base/uvm_report_server.svh(847) @ 348000: reporter [UVM/REPORT/SERVER] 
--- UVM Report Summary ---

** Report counts by severity
UVM_INFO :   28
UVM_WARNING :    0
UVM_ERROR :   32
UVM_FATAL :    0
** Report counts by id
[COV]    16
[RNTST]     1
[SB]     9
[SB/SYM]    31
[TEST]     1
[TEST_DONE]     1
[UVM/RELNOTES]     1

$finish called from file "/home/morris/uvm-1.2/src/base/uvm_root.svh", line 517.
$finish at simulation time               348000

---------------------------------------------------------------------------
VCS Coverage Metrics: during simulation line, cond, FSM, branch, tgl was monitored
---------------------------------------------------------------------------

 Coverage status: End of All Coverages ...

           V C S   S i m u l a t i o n   R e p o r t 
Time: 348000 ps
CPU Time:      0.450 seconds;       Data structure size:   0.3Mb
Mon May 11 15:57:23 2026

========================================================
  SCOREBOARD
========================================================
UVM_INFO uvm_tb.sv(1323) @ 348000: uvm_test_top.env.sb [SB]   Total   : 36
UVM_INFO uvm_tb.sv(1324) @ 348000: uvm_test_top.env.sb [SB]   Passed  : 39
UVM_INFO uvm_tb.sv(1325) @ 348000: uvm_test_top.env.sb [SB]   Failed  : 31
UVM_INFO uvm_tb.sv(1326) @ 348000: uvm_test_top.env.sb [SB]   PAM5 err: 0
UVM_INFO uvm_tb.sv(1327) @ 348000: uvm_test_top.env.sb [SB]   Seq  err: 0
UVM_INFO uvm_tb.sv(1328) @ 348000: uvm_test_top.env.sb [SB]   Sym  err: 31
UVM_ERROR uvm_tb.sv(1332) @ 348000: uvm_test_top.env.sb [SB]   *** 31 FAILURES ***

========================================================
  COVERAGE
========================================================
UVM_INFO uvm_tb.sv(1647) @ 348000: uvm_test_top.env.cov [COV]   stream_phase : 100.0%
UVM_INFO uvm_tb.sv(1649) @ 348000: uvm_test_top.env.cov [COV]   pam5_sym     : 90.0%
UVM_INFO uvm_tb.sv(1651) @ 348000: uvm_test_top.env.cov [COV]   sign_reversal: 100.0%
UVM_INFO uvm_tb.sv(1653) @ 348000: uvm_test_top.env.cov [COV]   sdd_pattern  : 50.0%
UVM_INFO uvm_tb.sv(1655) @ 348000: uvm_test_top.env.cov [COV]   esd_pattern  : 0.0%
UVM_INFO uvm_tb.sv(1657) @ 348000: uvm_test_top.env.cov [COV]   phase_trans  : 100.0%
UVM_INFO uvm_tb.sv(1660) @ 348000: uvm_test_top.env.cov [COV]   txen_edges   : 100.0%
UVM_INFO uvm_tb.sv(1662) @ 348000: uvm_test_top.env.cov [COV]   din_ranges   : 75.0%
UVM_INFO uvm_tb.sv(1664) @ 348000: uvm_test_top.env.cov [COV]   din7_data    : 50.0%
UVM_INFO uvm_tb.sv(1666) @ 348000: uvm_test_top.env.cov [COV]   csr_patterns : 12.5%
UVM_INFO uvm_tb.sv(1668) @ 348000: uvm_test_top.env.cov [COV]   esd_mismatch : 75.0%
UVM_INFO uvm_tb.sv(1670) @ 348000: uvm_test_top.env.cov [COV]   pkt_length   : 60.0%
UVM_INFO uvm_tb.sv(1672) @ 348000: uvm_test_top.env.cov [COV]   b2b_trans    : 66.7%
UVM_INFO uvm_tb.sv(1674) @ 348000: uvm_test_top.env.cov [COV]   txen_x_din7  : 100.0%

  Log     : sim_pcs_altbit_test.log
  Coverage: coverage.vdb/
========================================================
  STATUS: PASSED -- pcs_altbit_test

========================================================
  RUNNING: pcs_rand_test
========================================================

========================================================
  Test : pcs_rand_test
  Files: DUTS26_0.sv uvm_tb.sv
========================================================
=== Compiling ===
/apps/synopsys/vcs_2023/vcs/U-2023.03-SP2-8/bin/vcs: line 3860: lsb_release: command not found

Warning-[LNX_OS_VERUN] Unsupported Linux version
  Linux version 'Red Hat Enterprise Linux release 9.6 (Plow)' is not supported
  on 'x86_64' officially, assuming linux compatibility by default. Set 
  VCS_ARCH_OVERRIDE to linux or suse32 to override.
  Please refer to release notes for information on supported platforms.

                         Chronologic VCS (TM)
      Version U-2023.03-SP2-8_Full64 -- Mon May 11 15:57:24 2026

                    Copyright (c) 1991 - 2024 Synopsys, Inc.
   This software and the associated documentation are proprietary to Synopsys,
 Inc. This software may only be used in accordance with the terms and conditions
 of a written license agreement with Synopsys, Inc. All other use, reproduction,
   or distribution of this software is strictly prohibited.  Licensed Products
     communicate with Synopsys servers for the purpose of providing software
    updates, detecting software piracy and verifying that customers are using
    Licensed Products in conformity with the applicable License Key for such
  Licensed Products. Synopsys will use information gathered in connection with
    this process to deliver software updates and pursue software pirates and
                                   infringers.

 Inclusivity & Diversity - Visit SolvNetPlus to read the "Synopsys Statement on
            Inclusivity and Diversity" (Refer to article 000036315 at
                        https://solvnetplus.synopsys.com)

The design hasn't changed and need not be recompiled. 
If you really want to, delete file simv.daidir/.vcs.timestamp and
run VCS again.

=== Compile OK ===
=== Simulating: pcs_rand_test ===
Info: [VCS_SAVE_RESTORE_INFO] ASLR (Address Space Layout Randomization) is detected on the machine. To enable $save functionality, ASLR will be switched off and simv re-executed.
Please use '-no_save' simv switch to avoid re-execution or '-suppress=ASLR_DETECTED_INFO' to suppress this message.
Chronologic VCS simulator copyright 1991-2023
Contains Synopsys proprietary information.
Compiler version U-2023.03-SP2-8_Full64; Runtime version U-2023.03-SP2-8_Full64;  May 11 15:57 2026
UVM_INFO /home/morris/uvm-1.2/src/base/uvm_root.svh(392) @ 0: reporter [UVM/RELNOTES] 
----------------------------------------------------------------
UVM-1.2
(C) 2007-2014 Mentor Graphics Corporation
(C) 2007-2014 Cadence Design Systems, Inc.
(C) 2006-2014 Synopsys, Inc.
(C) 2011-2013 Cypress Semiconductor Corp.
(C) 2013-2014 NVIDIA Corporation
----------------------------------------------------------------

  ***********       IMPORTANT RELEASE NOTES         ************

  You are using a version of the UVM library that has been compiled
  with `UVM_NO_DEPRECATED undefined.
  See http://www.eda.org/svdb/view.php?id=3313 for more details.

  You are using a version of the UVM library that has been compiled
  with `UVM_OBJECT_DO_NOT_NEED_CONSTRUCTOR undefined.
  See http://www.eda.org/svdb/view.php?id=3770 for more details.

      (Specify +UVM_NO_RELNOTES to turn off this notice)


 VCS Coverage Metrics Release U-2023.03-SP2-8_Full64 Copyright (c) 1991-2023 by Synopsys Inc.
UVM_INFO @ 0: reporter [RNTST] Running test pcs_rand_test...
UVM_INFO uvm_tb.sv(1842) @ 0: uvm_test_top [TEST] === RANDOM TEST ===
"uvm_tb.sv", 2217: pcs_tb_top.AST_NOX_A: started at 4000ps failed at 4000ps
	Offending '(!$isunknown(pcs_tb_top.dut_if.Dout[3]))'
Error: "uvm_tb.sv", 2217: pcs_tb_top.AST_NOX_A: at time 4000 ps
[ASSERT/NOX] lane A is X/Z @ 4000
"uvm_tb.sv", 2219: pcs_tb_top.AST_NOX_B: started at 4000ps failed at 4000ps
	Offending '(!$isunknown(pcs_tb_top.dut_if.Dout[2]))'
Error: "uvm_tb.sv", 2219: pcs_tb_top.AST_NOX_B: at time 4000 ps
[ASSERT/NOX] lane B is X/Z @ 4000
"uvm_tb.sv", 2221: pcs_tb_top.AST_NOX_C: started at 4000ps failed at 4000ps
	Offending '(!$isunknown(pcs_tb_top.dut_if.Dout[1]))'
Error: "uvm_tb.sv", 2221: pcs_tb_top.AST_NOX_C: at time 4000 ps
[ASSERT/NOX] lane C is X/Z @ 4000
"uvm_tb.sv", 2223: pcs_tb_top.AST_NOX_D: started at 4000ps failed at 4000ps
	Offending '(!$isunknown(pcs_tb_top.dut_if.Dout[0]))'
Error: "uvm_tb.sv", 2223: pcs_tb_top.AST_NOX_D: at time 4000 ps
[ASSERT/NOX] lane D is X/Z @ 4000
UVM_ERROR uvm_tb.sv(1312) @ 68000: uvm_test_top.env.sb [SB/SYM] MISMATCH exp=db0 act=036 ph=PH_IDLE cycle=2
UVM_ERROR uvm_tb.sv(1312) @ 76000: uvm_test_top.env.sb [SB/SYM] MISMATCH exp=006 act=180 ph=PH_IDLE cycle=3
UVM_ERROR uvm_tb.sv(1312) @ 84000: uvm_test_top.env.sb [SB/SYM] MISMATCH exp=1b0 act=036 ph=PH_IDLE cycle=4
UVM_ERROR uvm_tb.sv(1312) @ 92000: uvm_test_top.env.sb [SB/SYM] MISMATCH exp=006 act=000 ph=PH_IDLE cycle=5
UVM_ERROR uvm_tb.sv(1312) @ 100000: uvm_test_top.env.sb [SB/SYM] MISMATCH exp=0b0 act=0b6 ph=PH_SDD cycle=6
"uvm_tb.sv", 2275: pcs_tb_top.AST_SDD1_NONZERO: started at 100000ps failed at 100000ps
	Offending '((((pcs_tb_top.dut_if.Dout[3] inside {3'b010, 3'b110}) && (pcs_tb_top.dut_if.Dout[2] inside {3'b010, 3'b110})) && (pcs_tb_top.dut_if.Dout[1] inside {3'b010, 3'b110})) && (pcs_tb_top.dut_if.Dout[0] inside {3'b010, 3'b110}))'
Error: "uvm_tb.sv", 2275: pcs_tb_top.AST_SDD1_NONZERO: at time 100000 ps
[ASSERT/SDD] SDD1: lane(s) not ±2 at TX_EN rise: got 0b6 @ 100000
"uvm_tb.sv", 2355: pcs_tb_top.AST_SDD_EXACTLY2: started at 100000ps failed at 116000ps
	Offending '(!((((pcs_tb_top.dut_if.Dout[3] inside {3'b010, 3'b110}) && (pcs_tb_top.dut_if.Dout[2] inside {3'b010, 3'b110})) && (pcs_tb_top.dut_if.Dout[1] inside {3'b010, 3'b110})) && (pcs_tb_top.dut_if.Dout[0] inside {3'b010, 3'b110})))'
Error: "uvm_tb.sv", 2355: pcs_tb_top.AST_SDD_EXACTLY2: at time 116000 ps
[ASSERT/ORDER] All-±2 output persists after SDD2 (stuck in SDD?) @ 116000
UVM_ERROR uvm_tb.sv(1312) @ 124000: uvm_test_top.env.sb [SB/SYM] MISMATCH exp=016 act=180 ph=PH_DATA cycle=9
UVM_ERROR uvm_tb.sv(1312) @ 132000: uvm_test_top.env.sb [SB/SYM] MISMATCH exp=092 act=186 ph=PH_DATA cycle=10
UVM_ERROR uvm_tb.sv(1312) @ 140000: uvm_test_top.env.sb [SB/SYM] MISMATCH exp=1c7 act=1d7 ph=PH_DATA cycle=11
UVM_ERROR uvm_tb.sv(1312) @ 148000: uvm_test_top.env.sb [SB/SYM] MISMATCH exp=48e act=e46 ph=PH_DATA cycle=12
UVM_ERROR uvm_tb.sv(1312) @ 156000: uvm_test_top.env.sb [SB/SYM] MISMATCH exp=fd0 act=3c6 ph=PH_DATA cycle=13
UVM_ERROR uvm_tb.sv(1312) @ 164000: uvm_test_top.env.sb [SB/SYM] MISMATCH exp=212 act=f81 ph=PH_CSR cycle=14
UVM_ERROR uvm_tb.sv(1312) @ 172000: uvm_test_top.env.sb [SB/SYM] MISMATCH exp=c56 act=4b2 ph=PH_CSR cycle=15
UVM_ERROR uvm_tb.sv(1312) @ 180000: uvm_test_top.env.sb [SB/SYM] MISMATCH exp=d89 act=db6 ph=PH_ESD cycle=16
UVM_ERROR uvm_tb.sv(1312) @ 188000: uvm_test_top.env.sb [SB/SYM] MISMATCH exp=db6 act=496 ph=PH_ESD cycle=17
"uvm_tb.sv", 2372: pcs_tb_top.AST_ESD_EXACTLY2: started at 164000ps failed at 196000ps
	Offending '(!((((pcs_tb_top.dut_if.Dout[3] inside {3'b010, 3'b110}) && (pcs_tb_top.dut_if.Dout[2] inside {3'b010, 3'b110})) && (pcs_tb_top.dut_if.Dout[1] inside {3'b010, 3'b110})) && (pcs_tb_top.dut_if.Dout[0] inside {3'b010, 3'b110})))'
Error: "uvm_tb.sv", 2372: pcs_tb_top.AST_ESD_EXACTLY2: at time 196000 ps
[ASSERT/ORDER] All-±2 output persists after ESD2 (stuck in ESD?) @ 196000
UVM_ERROR uvm_tb.sv(1312) @ 204000: uvm_test_top.env.sb [SB/SYM] MISMATCH exp=1b2 act=180 ph=PH_IDLE cycle=19
UVM_ERROR uvm_tb.sv(1312) @ 212000: uvm_test_top.env.sb [SB/SYM] MISMATCH exp=1b0 act=036 ph=PH_IDLE cycle=20
UVM_ERROR uvm_tb.sv(1312) @ 220000: uvm_test_top.env.sb [SB/SYM] MISMATCH exp=002 act=1b2 ph=PH_IDLE cycle=21
UVM_ERROR uvm_tb.sv(1312) @ 228000: uvm_test_top.env.sb [SB/SYM] MISMATCH exp=190 act=000 ph=PH_IDLE cycle=22
UVM_ERROR uvm_tb.sv(1312) @ 236000: uvm_test_top.env.sb [SB/SYM] MISMATCH exp=006 act=000 ph=PH_SDD cycle=23
"uvm_tb.sv", 2275: pcs_tb_top.AST_SDD1_NONZERO: started at 236000ps failed at 236000ps
	Offending '((((pcs_tb_top.dut_if.Dout[3] inside {3'b010, 3'b110}) && (pcs_tb_top.dut_if.Dout[2] inside {3'b010, 3'b110})) && (pcs_tb_top.dut_if.Dout[1] inside {3'b010, 3'b110})) && (pcs_tb_top.dut_if.Dout[0] inside {3'b010, 3'b110}))'
Error: "uvm_tb.sv", 2275: pcs_tb_top.AST_SDD1_NONZERO: at time 236000 ps
[ASSERT/SDD] SDD1: lane(s) not ±2 at TX_EN rise: got 000 @ 236000
"uvm_tb.sv", 2355: pcs_tb_top.AST_SDD_EXACTLY2: started at 236000ps failed at 252000ps
	Offending '(!((((pcs_tb_top.dut_if.Dout[3] inside {3'b010, 3'b110}) && (pcs_tb_top.dut_if.Dout[2] inside {3'b010, 3'b110})) && (pcs_tb_top.dut_if.Dout[1] inside {3'b010, 3'b110})) && (pcs_tb_top.dut_if.Dout[0] inside {3'b010, 3'b110})))'
Error: "uvm_tb.sv", 2355: pcs_tb_top.AST_SDD_EXACTLY2: at time 252000 ps
[ASSERT/ORDER] All-±2 output persists after SDD2 (stuck in SDD?) @ 252000
UVM_ERROR uvm_tb.sv(1312) @ 260000: uvm_test_top.env.sb [SB/SYM] MISMATCH exp=192 act=012 ph=PH_DATA cycle=26
UVM_ERROR uvm_tb.sv(1312) @ 268000: uvm_test_top.env.sb [SB/SYM] MISMATCH exp=c78 act=c4e ph=PH_DATA cycle=27
UVM_ERROR uvm_tb.sv(1312) @ 276000: uvm_test_top.env.sb [SB/SYM] MISMATCH exp=1bf act=00a ph=PH_DATA cycle=28
UVM_ERROR uvm_tb.sv(1312) @ 284000: uvm_test_top.env.sb [SB/SYM] MISMATCH exp=231 act=390 ph=PH_DATA cycle=29
UVM_ERROR uvm_tb.sv(1312) @ 292000: uvm_test_top.env.sb [SB/SYM] MISMATCH exp=c80 act=5b2 ph=PH_DATA cycle=30
UVM_ERROR uvm_tb.sv(1312) @ 300000: uvm_test_top.env.sb [SB/SYM] MISMATCH exp=197 act=186 ph=PH_DATA cycle=31
UVM_ERROR uvm_tb.sv(1312) @ 308000: uvm_test_top.env.sb [SB/SYM] MISMATCH exp=252 act=e50 ph=PH_CSR cycle=32
UVM_ERROR uvm_tb.sv(1312) @ 316000: uvm_test_top.env.sb [SB/SYM] MISMATCH exp=2b6 act=d97 ph=PH_CSR cycle=33
UVM_ERROR uvm_tb.sv(1312) @ 324000: uvm_test_top.env.sb [SB/SYM] MISMATCH exp=d89 act=5b6 ph=PH_ESD cycle=34
UVM_ERROR uvm_tb.sv(1312) @ 332000: uvm_test_top.env.sb [SB/SYM] MISMATCH exp=db6 act=4b6 ph=PH_ESD cycle=35
"uvm_tb.sv", 2372: pcs_tb_top.AST_ESD_EXACTLY2: started at 308000ps failed at 340000ps
	Offending '(!((((pcs_tb_top.dut_if.Dout[3] inside {3'b010, 3'b110}) && (pcs_tb_top.dut_if.Dout[2] inside {3'b010, 3'b110})) && (pcs_tb_top.dut_if.Dout[1] inside {3'b010, 3'b110})) && (pcs_tb_top.dut_if.Dout[0] inside {3'b010, 3'b110})))'
Error: "uvm_tb.sv", 2372: pcs_tb_top.AST_ESD_EXACTLY2: at time 340000 ps
[ASSERT/ORDER] All-±2 output persists after ESD2 (stuck in ESD?) @ 340000
"uvm_tb.sv", 2355: pcs_tb_top.AST_SDD_EXACTLY2: started at 340000ps failed at 356000ps
	Offending '(!((((pcs_tb_top.dut_if.Dout[3] inside {3'b010, 3'b110}) && (pcs_tb_top.dut_if.Dout[2] inside {3'b010, 3'b110})) && (pcs_tb_top.dut_if.Dout[1] inside {3'b010, 3'b110})) && (pcs_tb_top.dut_if.Dout[0] inside {3'b010, 3'b110})))'
Error: "uvm_tb.sv", 2355: pcs_tb_top.AST_SDD_EXACTLY2: at time 356000 ps
[ASSERT/ORDER] All-±2 output persists after SDD2 (stuck in SDD?) @ 356000
UVM_ERROR uvm_tb.sv(1312) @ 372000: uvm_test_top.env.sb [SB/SYM] MISMATCH exp=1f7 act=071 ph=PH_DATA cycle=40
UVM_ERROR uvm_tb.sv(1312) @ 380000: uvm_test_top.env.sb [SB/SYM] MISMATCH exp=dc0 act=1f0 ph=PH_DATA cycle=41
UVM_ERROR uvm_tb.sv(1312) @ 388000: uvm_test_top.env.sb [SB/SYM] MISMATCH exp=1ce act=f96 ph=PH_CSR cycle=42
UVM_ERROR uvm_tb.sv(1312) @ 396000: uvm_test_top.env.sb [SB/SYM] MISMATCH exp=cb1 act=fbe ph=PH_CSR cycle=43
UVM_ERROR uvm_tb.sv(1312) @ 404000: uvm_test_top.env.sb [SB/SYM] MISMATCH exp=d89 act=491 ph=PH_ESD cycle=44
"uvm_tb.sv", 2305: pcs_tb_top.AST_ESD1_NONZERO: started at 388000ps failed at 404000ps
	Offending '((((pcs_tb_top.dut_if.Dout[3] inside {3'b010, 3'b110}) && (pcs_tb_top.dut_if.Dout[2] inside {3'b010, 3'b110})) && (pcs_tb_top.dut_if.Dout[1] inside {3'b010, 3'b110})) && (pcs_tb_top.dut_if.Dout[0] inside {3'b010, 3'b110}))'
Error: "uvm_tb.sv", 2305: pcs_tb_top.AST_ESD1_NONZERO: at time 404000 ps
[ASSERT/ESD] ESD1: lane(s) not ±2 two cycles after TX_EN fall: got 491 @ 404000
UVM_ERROR uvm_tb.sv(1312) @ 412000: uvm_test_top.env.sb [SB/SYM] MISMATCH exp=db6 act=5b6 ph=PH_ESD cycle=45
"uvm_tb.sv", 2372: pcs_tb_top.AST_ESD_EXACTLY2: started at 388000ps failed at 420000ps
	Offending '(!((((pcs_tb_top.dut_if.Dout[3] inside {3'b010, 3'b110}) && (pcs_tb_top.dut_if.Dout[2] inside {3'b010, 3'b110})) && (pcs_tb_top.dut_if.Dout[1] inside {3'b010, 3'b110})) && (pcs_tb_top.dut_if.Dout[0] inside {3'b010, 3'b110})))'
Error: "uvm_tb.sv", 2372: pcs_tb_top.AST_ESD_EXACTLY2: at time 420000 ps
[ASSERT/ORDER] All-±2 output persists after ESD2 (stuck in ESD?) @ 420000
UVM_ERROR uvm_tb.sv(1312) @ 428000: uvm_test_top.env.sb [SB/SYM] MISMATCH exp=006 act=096 ph=PH_IDLE cycle=47
UVM_ERROR uvm_tb.sv(1312) @ 436000: uvm_test_top.env.sb [SB/SYM] MISMATCH exp=090 act=000 ph=PH_SDD cycle=48
"uvm_tb.sv", 2275: pcs_tb_top.AST_SDD1_NONZERO: started at 436000ps failed at 436000ps
	Offending '((((pcs_tb_top.dut_if.Dout[3] inside {3'b010, 3'b110}) && (pcs_tb_top.dut_if.Dout[2] inside {3'b010, 3'b110})) && (pcs_tb_top.dut_if.Dout[1] inside {3'b010, 3'b110})) && (pcs_tb_top.dut_if.Dout[0] inside {3'b010, 3'b110}))'
Error: "uvm_tb.sv", 2275: pcs_tb_top.AST_SDD1_NONZERO: at time 436000 ps
[ASSERT/SDD] SDD1: lane(s) not ±2 at TX_EN rise: got 000 @ 436000
"uvm_tb.sv", 2355: pcs_tb_top.AST_SDD_EXACTLY2: started at 436000ps failed at 452000ps
	Offending '(!((((pcs_tb_top.dut_if.Dout[3] inside {3'b010, 3'b110}) && (pcs_tb_top.dut_if.Dout[2] inside {3'b010, 3'b110})) && (pcs_tb_top.dut_if.Dout[1] inside {3'b010, 3'b110})) && (pcs_tb_top.dut_if.Dout[0] inside {3'b010, 3'b110})))'
Error: "uvm_tb.sv", 2355: pcs_tb_top.AST_SDD_EXACTLY2: at time 452000 ps
[ASSERT/ORDER] All-±2 output persists after SDD2 (stuck in SDD?) @ 452000
UVM_ERROR uvm_tb.sv(1312) @ 460000: uvm_test_top.env.sb [SB/SYM] MISMATCH exp=000 act=1b0 ph=PH_DATA cycle=51
UVM_ERROR uvm_tb.sv(1312) @ 468000: uvm_test_top.env.sb [SB/SYM] MISMATCH exp=406 act=486 ph=PH_DATA cycle=52
UVM_ERROR uvm_tb.sv(1312) @ 476000: uvm_test_top.env.sb [SB/SYM] MISMATCH exp=287 act=217 ph=PH_DATA cycle=53
UVM_ERROR uvm_tb.sv(1312) @ 484000: uvm_test_top.env.sb [SB/SYM] MISMATCH exp=08f act=00f ph=PH_DATA cycle=54
UVM_ERROR uvm_tb.sv(1312) @ 492000: uvm_test_top.env.sb [SB/SYM] MISMATCH exp=e38 act=fbf ph=PH_DATA cycle=55
UVM_ERROR uvm_tb.sv(1312) @ 500000: uvm_test_top.env.sb [SB/SYM] MISMATCH exp=1ff act=1cf ph=PH_CSR cycle=56
UVM_ERROR uvm_tb.sv(1312) @ 508000: uvm_test_top.env.sb [SB/SYM] MISMATCH exp=c56 act=ebe ph=PH_CSR cycle=57
UVM_ERROR uvm_tb.sv(1312) @ 516000: uvm_test_top.env.sb [SB/SYM] MISMATCH exp=d89 act=4b7 ph=PH_ESD cycle=58
"uvm_tb.sv", 2305: pcs_tb_top.AST_ESD1_NONZERO: started at 500000ps failed at 516000ps
	Offending '((((pcs_tb_top.dut_if.Dout[3] inside {3'b010, 3'b110}) && (pcs_tb_top.dut_if.Dout[2] inside {3'b010, 3'b110})) && (pcs_tb_top.dut_if.Dout[1] inside {3'b010, 3'b110})) && (pcs_tb_top.dut_if.Dout[0] inside {3'b010, 3'b110}))'
Error: "uvm_tb.sv", 2305: pcs_tb_top.AST_ESD1_NONZERO: at time 516000 ps
[ASSERT/ESD] ESD1: lane(s) not ±2 two cycles after TX_EN fall: got 4b7 @ 516000
UVM_ERROR uvm_tb.sv(1312) @ 524000: uvm_test_top.env.sb [SB/SYM] MISMATCH exp=db6 act=c96 ph=PH_ESD cycle=59
"uvm_tb.sv", 2372: pcs_tb_top.AST_ESD_EXACTLY2: started at 500000ps failed at 532000ps
	Offending '(!((((pcs_tb_top.dut_if.Dout[3] inside {3'b010, 3'b110}) && (pcs_tb_top.dut_if.Dout[2] inside {3'b010, 3'b110})) && (pcs_tb_top.dut_if.Dout[1] inside {3'b010, 3'b110})) && (pcs_tb_top.dut_if.Dout[0] inside {3'b010, 3'b110})))'
Error: "uvm_tb.sv", 2372: pcs_tb_top.AST_ESD_EXACTLY2: at time 532000 ps
[ASSERT/ORDER] All-±2 output persists after ESD2 (stuck in ESD?) @ 532000
UVM_ERROR uvm_tb.sv(1312) @ 540000: uvm_test_top.env.sb [SB/SYM] MISMATCH exp=430 act=080 ph=PH_IDLE cycle=61
UVM_ERROR uvm_tb.sv(1312) @ 548000: uvm_test_top.env.sb [SB/SYM] MISMATCH exp=010 act=016 ph=PH_SDD cycle=62
"uvm_tb.sv", 2275: pcs_tb_top.AST_SDD1_NONZERO: started at 548000ps failed at 548000ps
	Offending '((((pcs_tb_top.dut_if.Dout[3] inside {3'b010, 3'b110}) && (pcs_tb_top.dut_if.Dout[2] inside {3'b010, 3'b110})) && (pcs_tb_top.dut_if.Dout[1] inside {3'b010, 3'b110})) && (pcs_tb_top.dut_if.Dout[0] inside {3'b010, 3'b110}))'
Error: "uvm_tb.sv", 2275: pcs_tb_top.AST_SDD1_NONZERO: at time 548000 ps
[ASSERT/SDD] SDD1: lane(s) not ±2 at TX_EN rise: got 016 @ 548000
"uvm_tb.sv", 2355: pcs_tb_top.AST_SDD_EXACTLY2: started at 548000ps failed at 564000ps
	Offending '(!((((pcs_tb_top.dut_if.Dout[3] inside {3'b010, 3'b110}) && (pcs_tb_top.dut_if.Dout[2] inside {3'b010, 3'b110})) && (pcs_tb_top.dut_if.Dout[1] inside {3'b010, 3'b110})) && (pcs_tb_top.dut_if.Dout[0] inside {3'b010, 3'b110})))'
Error: "uvm_tb.sv", 2355: pcs_tb_top.AST_SDD_EXACTLY2: at time 564000 ps
[ASSERT/ORDER] All-±2 output persists after SDD2 (stuck in SDD?) @ 564000
UVM_ERROR uvm_tb.sv(1312) @ 580000: uvm_test_top.env.sb [SB/SYM] MISMATCH exp=3d2 act=242 ph=PH_DATA cycle=66
UVM_ERROR uvm_tb.sv(1312) @ 588000: uvm_test_top.env.sb [SB/SYM] MISMATCH exp=5d0 act=052 ph=PH_DATA cycle=67
UVM_ERROR uvm_tb.sv(1312) @ 596000: uvm_test_top.env.sb [SB/SYM] MISMATCH exp=43e act=1be ph=PH_DATA cycle=68
UVM_ERROR uvm_tb.sv(1312) @ 612000: uvm_test_top.env.sb [SB/SYM] MISMATCH exp=408 act=cbf ph=PH_CSR cycle=70
UVM_ERROR uvm_tb.sv(1312) @ 620000: uvm_test_top.env.sb [SB/SYM] MISMATCH exp=d89 act=f8e ph=PH_CSR cycle=71
UVM_ERROR uvm_tb.sv(1312) @ 628000: uvm_test_top.env.sb [SB/SYM] MISMATCH exp=c96 act=cb7 ph=PH_ESD cycle=72
"uvm_tb.sv", 2305: pcs_tb_top.AST_ESD1_NONZERO: started at 612000ps failed at 628000ps
	Offending '((((pcs_tb_top.dut_if.Dout[3] inside {3'b010, 3'b110}) && (pcs_tb_top.dut_if.Dout[2] inside {3'b010, 3'b110})) && (pcs_tb_top.dut_if.Dout[1] inside {3'b010, 3'b110})) && (pcs_tb_top.dut_if.Dout[0] inside {3'b010, 3'b110}))'
Error: "uvm_tb.sv", 2305: pcs_tb_top.AST_ESD1_NONZERO: at time 628000 ps
[ASSERT/ESD] ESD1: lane(s) not ±2 two cycles after TX_EN fall: got cb7 @ 628000
UVM_ERROR uvm_tb.sv(1312) @ 636000: uvm_test_top.env.sb [SB/SYM] MISMATCH exp=db6 act=c96 ph=PH_ESD cycle=73
"uvm_tb.sv", 2372: pcs_tb_top.AST_ESD_EXACTLY2: started at 612000ps failed at 644000ps
	Offending '(!((((pcs_tb_top.dut_if.Dout[3] inside {3'b010, 3'b110}) && (pcs_tb_top.dut_if.Dout[2] inside {3'b010, 3'b110})) && (pcs_tb_top.dut_if.Dout[1] inside {3'b010, 3'b110})) && (pcs_tb_top.dut_if.Dout[0] inside {3'b010, 3'b110})))'
Error: "uvm_tb.sv", 2372: pcs_tb_top.AST_ESD_EXACTLY2: at time 644000 ps
[ASSERT/ORDER] All-±2 output persists after ESD2 (stuck in ESD?) @ 644000
UVM_ERROR uvm_tb.sv(1312) @ 652000: uvm_test_top.env.sb [SB/SYM] MISMATCH exp=016 act=006 ph=PH_IDLE cycle=75
UVM_ERROR uvm_tb.sv(1312) @ 660000: uvm_test_top.env.sb [SB/SYM] MISMATCH exp=032 act=1b0 ph=PH_IDLE cycle=76
UVM_ERROR uvm_tb.sv(1312) @ 668000: uvm_test_top.env.sb [SB/SYM] MISMATCH exp=080 act=0b2 ph=PH_SDD cycle=77
"uvm_tb.sv", 2275: pcs_tb_top.AST_SDD1_NONZERO: started at 668000ps failed at 668000ps
	Offending '((((pcs_tb_top.dut_if.Dout[3] inside {3'b010, 3'b110}) && (pcs_tb_top.dut_if.Dout[2] inside {3'b010, 3'b110})) && (pcs_tb_top.dut_if.Dout[1] inside {3'b010, 3'b110})) && (pcs_tb_top.dut_if.Dout[0] inside {3'b010, 3'b110}))'
Error: "uvm_tb.sv", 2275: pcs_tb_top.AST_SDD1_NONZERO: at time 668000 ps
[ASSERT/SDD] SDD1: lane(s) not ±2 at TX_EN rise: got 0b2 @ 668000
"uvm_tb.sv", 2355: pcs_tb_top.AST_SDD_EXACTLY2: started at 668000ps failed at 684000ps
	Offending '(!((((pcs_tb_top.dut_if.Dout[3] inside {3'b010, 3'b110}) && (pcs_tb_top.dut_if.Dout[2] inside {3'b010, 3'b110})) && (pcs_tb_top.dut_if.Dout[1] inside {3'b010, 3'b110})) && (pcs_tb_top.dut_if.Dout[0] inside {3'b010, 3'b110})))'
Error: "uvm_tb.sv", 2355: pcs_tb_top.AST_SDD_EXACTLY2: at time 684000 ps
[ASSERT/ORDER] All-±2 output persists after SDD2 (stuck in SDD?) @ 684000
UVM_ERROR uvm_tb.sv(1312) @ 692000: uvm_test_top.env.sb [SB/SYM] MISMATCH exp=cb2 act=c32 ph=PH_CSR cycle=80
UVM_ERROR uvm_tb.sv(1312) @ 716000: uvm_test_top.env.sb [SB/SYM] MISMATCH exp=db6 act=492 ph=PH_ESD cycle=83
"uvm_tb.sv", 2372: pcs_tb_top.AST_ESD_EXACTLY2: started at 692000ps failed at 724000ps
	Offending '(!((((pcs_tb_top.dut_if.Dout[3] inside {3'b010, 3'b110}) && (pcs_tb_top.dut_if.Dout[2] inside {3'b010, 3'b110})) && (pcs_tb_top.dut_if.Dout[1] inside {3'b010, 3'b110})) && (pcs_tb_top.dut_if.Dout[0] inside {3'b010, 3'b110})))'
Error: "uvm_tb.sv", 2372: pcs_tb_top.AST_ESD_EXACTLY2: at time 724000 ps
[ASSERT/ORDER] All-±2 output persists after ESD2 (stuck in ESD?) @ 724000
"uvm_tb.sv", 2355: pcs_tb_top.AST_SDD_EXACTLY2: started at 716000ps failed at 732000ps
	Offending '(!((((pcs_tb_top.dut_if.Dout[3] inside {3'b010, 3'b110}) && (pcs_tb_top.dut_if.Dout[2] inside {3'b010, 3'b110})) && (pcs_tb_top.dut_if.Dout[1] inside {3'b010, 3'b110})) && (pcs_tb_top.dut_if.Dout[0] inside {3'b010, 3'b110})))'
Error: "uvm_tb.sv", 2355: pcs_tb_top.AST_SDD_EXACTLY2: at time 732000 ps
[ASSERT/ORDER] All-±2 output persists after SDD2 (stuck in SDD?) @ 732000
UVM_ERROR uvm_tb.sv(1312) @ 748000: uvm_test_top.env.sb [SB/SYM] MISMATCH exp=20e act=fba ph=PH_IDLE cycle=87
UVM_ERROR uvm_tb.sv(1312) @ 764000: uvm_test_top.env.sb [SB/SYM] MISMATCH exp=486 act=e4a ph=PH_IDLE cycle=89
UVM_ERROR uvm_tb.sv(1312) @ 772000: uvm_test_top.env.sb [SB/SYM] MISMATCH exp=3b1 act=472 ph=PH_IDLE cycle=90
UVM_ERROR uvm_tb.sv(1312) @ 780000: uvm_test_top.env.sb [SB/SYM] MISMATCH exp=c96 act=4b7 ph=PH_IDLE cycle=91
"uvm_tb.sv", 2305: pcs_tb_top.AST_ESD1_NONZERO: started at 764000ps failed at 780000ps
	Offending '((((pcs_tb_top.dut_if.Dout[3] inside {3'b010, 3'b110}) && (pcs_tb_top.dut_if.Dout[2] inside {3'b010, 3'b110})) && (pcs_tb_top.dut_if.Dout[1] inside {3'b010, 3'b110})) && (pcs_tb_top.dut_if.Dout[0] inside {3'b010, 3'b110}))'
Error: "uvm_tb.sv", 2305: pcs_tb_top.AST_ESD1_NONZERO: at time 780000 ps
[ASSERT/ESD] ESD1: lane(s) not ±2 two cycles after TX_EN fall: got 4b7 @ 780000
UVM_ERROR uvm_tb.sv(1312) @ 788000: uvm_test_top.env.sb [SB/SYM] MISMATCH exp=db6 act=cb2 ph=PH_IDLE cycle=92
"uvm_tb.sv", 2372: pcs_tb_top.AST_ESD_EXACTLY2: started at 764000ps failed at 796000ps
	Offending '(!((((pcs_tb_top.dut_if.Dout[3] inside {3'b010, 3'b110}) && (pcs_tb_top.dut_if.Dout[2] inside {3'b010, 3'b110})) && (pcs_tb_top.dut_if.Dout[1] inside {3'b010, 3'b110})) && (pcs_tb_top.dut_if.Dout[0] inside {3'b010, 3'b110})))'
Error: "uvm_tb.sv", 2372: pcs_tb_top.AST_ESD_EXACTLY2: at time 796000 ps
[ASSERT/ORDER] All-±2 output persists after ESD2 (stuck in ESD?) @ 796000
UVM_ERROR uvm_tb.sv(1312) @ 804000: uvm_test_top.env.sb [SB/SYM] MISMATCH exp=1b6 act=006 ph=PH_IDLE cycle=94
UVM_ERROR uvm_tb.sv(1312) @ 812000: uvm_test_top.env.sb [SB/SYM] MISMATCH exp=000 act=006 ph=PH_SDD cycle=95
"uvm_tb.sv", 2275: pcs_tb_top.AST_SDD1_NONZERO: started at 812000ps failed at 812000ps
	Offending '((((pcs_tb_top.dut_if.Dout[3] inside {3'b010, 3'b110}) && (pcs_tb_top.dut_if.Dout[2] inside {3'b010, 3'b110})) && (pcs_tb_top.dut_if.Dout[1] inside {3'b010, 3'b110})) && (pcs_tb_top.dut_if.Dout[0] inside {3'b010, 3'b110}))'
Error: "uvm_tb.sv", 2275: pcs_tb_top.AST_SDD1_NONZERO: at time 812000 ps
[ASSERT/SDD] SDD1: lane(s) not ±2 at TX_EN rise: got 006 @ 812000
"uvm_tb.sv", 2355: pcs_tb_top.AST_SDD_EXACTLY2: started at 812000ps failed at 828000ps
	Offending '(!((((pcs_tb_top.dut_if.Dout[3] inside {3'b010, 3'b110}) && (pcs_tb_top.dut_if.Dout[2] inside {3'b010, 3'b110})) && (pcs_tb_top.dut_if.Dout[1] inside {3'b010, 3'b110})) && (pcs_tb_top.dut_if.Dout[0] inside {3'b010, 3'b110})))'
Error: "uvm_tb.sv", 2355: pcs_tb_top.AST_SDD_EXACTLY2: at time 828000 ps
[ASSERT/ORDER] All-±2 output persists after SDD2 (stuck in SDD?) @ 828000
UVM_ERROR uvm_tb.sv(1312) @ 836000: uvm_test_top.env.sb [SB/SYM] MISMATCH exp=1b0 act=006 ph=PH_CSR cycle=98
UVM_ERROR uvm_tb.sv(1312) @ 860000: uvm_test_top.env.sb [SB/SYM] MISMATCH exp=db6 act=5b2 ph=PH_ESD cycle=101
"uvm_tb.sv", 2372: pcs_tb_top.AST_ESD_EXACTLY2: started at 836000ps failed at 868000ps
	Offending '(!((((pcs_tb_top.dut_if.Dout[3] inside {3'b010, 3'b110}) && (pcs_tb_top.dut_if.Dout[2] inside {3'b010, 3'b110})) && (pcs_tb_top.dut_if.Dout[1] inside {3'b010, 3'b110})) && (pcs_tb_top.dut_if.Dout[0] inside {3'b010, 3'b110})))'
Error: "uvm_tb.sv", 2372: pcs_tb_top.AST_ESD_EXACTLY2: at time 868000 ps
[ASSERT/ORDER] All-±2 output persists after ESD2 (stuck in ESD?) @ 868000
UVM_ERROR uvm_tb.sv(1312) @ 876000: uvm_test_top.env.sb [SB/SYM] MISMATCH exp=000 act=090 ph=PH_IDLE cycle=103
UVM_ERROR uvm_tb.sv(1312) @ 884000: uvm_test_top.env.sb [SB/SYM] MISMATCH exp=032 act=002 ph=PH_SDD cycle=104
"uvm_tb.sv", 2275: pcs_tb_top.AST_SDD1_NONZERO: started at 884000ps failed at 884000ps
	Offending '((((pcs_tb_top.dut_if.Dout[3] inside {3'b010, 3'b110}) && (pcs_tb_top.dut_if.Dout[2] inside {3'b010, 3'b110})) && (pcs_tb_top.dut_if.Dout[1] inside {3'b010, 3'b110})) && (pcs_tb_top.dut_if.Dout[0] inside {3'b010, 3'b110}))'
Error: "uvm_tb.sv", 2275: pcs_tb_top.AST_SDD1_NONZERO: at time 884000 ps
[ASSERT/SDD] SDD1: lane(s) not ±2 at TX_EN rise: got 002 @ 884000
"uvm_tb.sv", 2355: pcs_tb_top.AST_SDD_EXACTLY2: started at 884000ps failed at 900000ps
	Offending '(!((((pcs_tb_top.dut_if.Dout[3] inside {3'b010, 3'b110}) && (pcs_tb_top.dut_if.Dout[2] inside {3'b010, 3'b110})) && (pcs_tb_top.dut_if.Dout[1] inside {3'b010, 3'b110})) && (pcs_tb_top.dut_if.Dout[0] inside {3'b010, 3'b110})))'
Error: "uvm_tb.sv", 2355: pcs_tb_top.AST_SDD_EXACTLY2: at time 900000 ps
[ASSERT/ORDER] All-±2 output persists after SDD2 (stuck in SDD?) @ 900000
UVM_ERROR uvm_tb.sv(1312) @ 908000: uvm_test_top.env.sb [SB/SYM] MISMATCH exp=000 act=1b6 ph=PH_DATA cycle=107
UVM_ERROR uvm_tb.sv(1312) @ 916000: uvm_test_top.env.sb [SB/SYM] MISMATCH exp=3c2 act=242 ph=PH_DATA cycle=108
UVM_ERROR uvm_tb.sv(1312) @ 924000: uvm_test_top.env.sb [SB/SYM] MISMATCH exp=27a act=490 ph=PH_DATA cycle=109
UVM_ERROR uvm_tb.sv(1312) @ 932000: uvm_test_top.env.sb [SB/SYM] MISMATCH exp=e07 act=380 ph=PH_DATA cycle=110
UVM_ERROR uvm_tb.sv(1312) @ 940000: uvm_test_top.env.sb [SB/SYM] MISMATCH exp=e72 act=c09 ph=PH_DATA cycle=111
UVM_ERROR uvm_tb.sv(1312) @ 948000: uvm_test_top.env.sb [SB/SYM] MISMATCH exp=5c9 act=dc8 ph=PH_DATA cycle=112
UVM_ERROR uvm_tb.sv(1312) @ 956000: uvm_test_top.env.sb [SB/SYM] MISMATCH exp=3c6 act=1be ph=PH_DATA cycle=113
UVM_ERROR uvm_tb.sv(1312) @ 964000: uvm_test_top.env.sb [SB/SYM] MISMATCH exp=28e act=289 ph=PH_CSR cycle=114
UVM_ERROR uvm_tb.sv(1312) @ 972000: uvm_test_top.env.sb [SB/SYM] MISMATCH exp=3b1 act=476 ph=PH_CSR cycle=115
UVM_ERROR uvm_tb.sv(1312) @ 980000: uvm_test_top.env.sb [SB/SYM] MISMATCH exp=c96 act=591 ph=PH_ESD cycle=116
"uvm_tb.sv", 2305: pcs_tb_top.AST_ESD1_NONZERO: started at 964000ps failed at 980000ps
	Offending '((((pcs_tb_top.dut_if.Dout[3] inside {3'b010, 3'b110}) && (pcs_tb_top.dut_if.Dout[2] inside {3'b010, 3'b110})) && (pcs_tb_top.dut_if.Dout[1] inside {3'b010, 3'b110})) && (pcs_tb_top.dut_if.Dout[0] inside {3'b010, 3'b110}))'
Error: "uvm_tb.sv", 2305: pcs_tb_top.AST_ESD1_NONZERO: at time 980000 ps
[ASSERT/ESD] ESD1: lane(s) not ±2 two cycles after TX_EN fall: got 591 @ 980000
UVM_ERROR uvm_tb.sv(1312) @ 988000: uvm_test_top.env.sb [SB/SYM] MISMATCH exp=db6 act=5b6 ph=PH_ESD cycle=117
"uvm_tb.sv", 2372: pcs_tb_top.AST_ESD_EXACTLY2: started at 964000ps failed at 996000ps
	Offending '(!((((pcs_tb_top.dut_if.Dout[3] inside {3'b010, 3'b110}) && (pcs_tb_top.dut_if.Dout[2] inside {3'b010, 3'b110})) && (pcs_tb_top.dut_if.Dout[1] inside {3'b010, 3'b110})) && (pcs_tb_top.dut_if.Dout[0] inside {3'b010, 3'b110})))'
Error: "uvm_tb.sv", 2372: pcs_tb_top.AST_ESD_EXACTLY2: at time 996000 ps
[ASSERT/ORDER] All-±2 output persists after ESD2 (stuck in ESD?) @ 996000
UVM_ERROR uvm_tb.sv(1312) @ 1004000: uvm_test_top.env.sb [SB/SYM] MISMATCH exp=402 act=190 ph=PH_IDLE cycle=119
UVM_ERROR uvm_tb.sv(1312) @ 1012000: uvm_test_top.env.sb [SB/SYM] MISMATCH exp=590 act=006 ph=PH_IDLE cycle=120
UVM_ERROR uvm_tb.sv(1312) @ 1020000: uvm_test_top.env.sb [SB/SYM] MISMATCH exp=006 act=000 ph=PH_SDD cycle=121
"uvm_tb.sv", 2275: pcs_tb_top.AST_SDD1_NONZERO: started at 1020000ps failed at 1020000ps
	Offending '((((pcs_tb_top.dut_if.Dout[3] inside {3'b010, 3'b110}) && (pcs_tb_top.dut_if.Dout[2] inside {3'b010, 3'b110})) && (pcs_tb_top.dut_if.Dout[1] inside {3'b010, 3'b110})) && (pcs_tb_top.dut_if.Dout[0] inside {3'b010, 3'b110}))'
Error: "uvm_tb.sv", 2275: pcs_tb_top.AST_SDD1_NONZERO: at time 1020000 ps
[ASSERT/SDD] SDD1: lane(s) not ±2 at TX_EN rise: got 000 @ 1020000
"uvm_tb.sv", 2355: pcs_tb_top.AST_SDD_EXACTLY2: started at 1020000ps failed at 1036000ps
	Offending '(!((((pcs_tb_top.dut_if.Dout[3] inside {3'b010, 3'b110}) && (pcs_tb_top.dut_if.Dout[2] inside {3'b010, 3'b110})) && (pcs_tb_top.dut_if.Dout[1] inside {3'b010, 3'b110})) && (pcs_tb_top.dut_if.Dout[0] inside {3'b010, 3'b110})))'
Error: "uvm_tb.sv", 2355: pcs_tb_top.AST_SDD_EXACTLY2: at time 1036000 ps
[ASSERT/ORDER] All-±2 output persists after SDD2 (stuck in SDD?) @ 1036000
UVM_ERROR uvm_tb.sv(1312) @ 1044000: uvm_test_top.env.sb [SB/SYM] MISMATCH exp=090 act=096 ph=PH_DATA cycle=124
UVM_ERROR uvm_tb.sv(1312) @ 1052000: uvm_test_top.env.sb [SB/SYM] MISMATCH exp=240 act=3c2 ph=PH_DATA cycle=125
UVM_ERROR uvm_tb.sv(1312) @ 1060000: uvm_test_top.env.sb [SB/SYM] MISMATCH exp=188 act=039 ph=PH_CSR cycle=126
UVM_ERROR uvm_tb.sv(1312) @ 1068000: uvm_test_top.env.sb [SB/SYM] MISMATCH exp=c8e act=491 ph=PH_CSR cycle=127
UVM_ERROR uvm_tb.sv(1312) @ 1076000: uvm_test_top.env.sb [SB/SYM] MISMATCH exp=d89 act=5b6 ph=PH_ESD cycle=128
UVM_ERROR uvm_tb.sv(1312) @ 1084000: uvm_test_top.env.sb [SB/SYM] MISMATCH exp=db6 act=596 ph=PH_ESD cycle=129
"uvm_tb.sv", 2372: pcs_tb_top.AST_ESD_EXACTLY2: started at 1060000ps failed at 1092000ps
	Offending '(!((((pcs_tb_top.dut_if.Dout[3] inside {3'b010, 3'b110}) && (pcs_tb_top.dut_if.Dout[2] inside {3'b010, 3'b110})) && (pcs_tb_top.dut_if.Dout[1] inside {3'b010, 3'b110})) && (pcs_tb_top.dut_if.Dout[0] inside {3'b010, 3'b110})))'
Error: "uvm_tb.sv", 2372: pcs_tb_top.AST_ESD_EXACTLY2: at time 1092000 ps
[ASSERT/ORDER] All-±2 output persists after ESD2 (stuck in ESD?) @ 1092000
"uvm_tb.sv", 2355: pcs_tb_top.AST_SDD_EXACTLY2: started at 1084000ps failed at 1100000ps
	Offending '(!((((pcs_tb_top.dut_if.Dout[3] inside {3'b010, 3'b110}) && (pcs_tb_top.dut_if.Dout[2] inside {3'b010, 3'b110})) && (pcs_tb_top.dut_if.Dout[1] inside {3'b010, 3'b110})) && (pcs_tb_top.dut_if.Dout[0] inside {3'b010, 3'b110})))'
Error: "uvm_tb.sv", 2355: pcs_tb_top.AST_SDD_EXACTLY2: at time 1100000 ps
[ASSERT/ORDER] All-±2 output persists after SDD2 (stuck in SDD?) @ 1100000
UVM_ERROR uvm_tb.sv(1312) @ 1116000: uvm_test_top.env.sb [SB/SYM] MISMATCH exp=1d7 act=041 ph=PH_IDLE cycle=133
UVM_ERROR uvm_tb.sv(1312) @ 1124000: uvm_test_top.env.sb [SB/SYM] MISMATCH exp=046 act=38a ph=PH_IDLE cycle=134
UVM_ERROR uvm_tb.sv(1312) @ 1132000: uvm_test_top.env.sb [SB/SYM] MISMATCH exp=1f8 act=048 ph=PH_IDLE cycle=135
UVM_ERROR uvm_tb.sv(1312) @ 1140000: uvm_test_top.env.sb [SB/SYM] MISMATCH exp=452 act=dc0 ph=PH_IDLE cycle=136
UVM_ERROR uvm_tb.sv(1312) @ 1148000: uvm_test_top.env.sb [SB/SYM] MISMATCH exp=c56 act=c96 ph=PH_IDLE cycle=137
UVM_ERROR uvm_tb.sv(1312) @ 1156000: uvm_test_top.env.sb [SB/SYM] MISMATCH exp=d89 act=cb2 ph=PH_IDLE cycle=138
UVM_ERROR uvm_tb.sv(1312) @ 1164000: uvm_test_top.env.sb [SB/SYM] MISMATCH exp=db6 act=cb2 ph=PH_IDLE cycle=139
"uvm_tb.sv", 2372: pcs_tb_top.AST_ESD_EXACTLY2: started at 1140000ps failed at 1172000ps
	Offending '(!((((pcs_tb_top.dut_if.Dout[3] inside {3'b010, 3'b110}) && (pcs_tb_top.dut_if.Dout[2] inside {3'b010, 3'b110})) && (pcs_tb_top.dut_if.Dout[1] inside {3'b010, 3'b110})) && (pcs_tb_top.dut_if.Dout[0] inside {3'b010, 3'b110})))'
Error: "uvm_tb.sv", 2372: pcs_tb_top.AST_ESD_EXACTLY2: at time 1172000 ps
[ASSERT/ORDER] All-±2 output persists after ESD2 (stuck in ESD?) @ 1172000
UVM_ERROR uvm_tb.sv(1312) @ 1180000: uvm_test_top.env.sb [SB/SYM] MISMATCH exp=092 act=002 ph=PH_IDLE cycle=141
UVM_ERROR uvm_tb.sv(1312) @ 1188000: uvm_test_top.env.sb [SB/SYM] MISMATCH exp=1b6 act=1b0 ph=PH_IDLE cycle=142
UVM_ERROR uvm_tb.sv(1312) @ 1196000: uvm_test_top.env.sb [SB/SYM] MISMATCH exp=000 act=180 ph=PH_IDLE cycle=143
UVM_ERROR uvm_tb.sv(1312) @ 1204000: uvm_test_top.env.sb [SB/SYM] MISMATCH exp=192 act=012 ph=PH_SDD cycle=144
"uvm_tb.sv", 2275: pcs_tb_top.AST_SDD1_NONZERO: started at 1204000ps failed at 1204000ps
	Offending '((((pcs_tb_top.dut_if.Dout[3] inside {3'b010, 3'b110}) && (pcs_tb_top.dut_if.Dout[2] inside {3'b010, 3'b110})) && (pcs_tb_top.dut_if.Dout[1] inside {3'b010, 3'b110})) && (pcs_tb_top.dut_if.Dout[0] inside {3'b010, 3'b110}))'
Error: "uvm_tb.sv", 2275: pcs_tb_top.AST_SDD1_NONZERO: at time 1204000 ps
[ASSERT/SDD] SDD1: lane(s) not ±2 at TX_EN rise: got 012 @ 1204000
"uvm_tb.sv", 2355: pcs_tb_top.AST_SDD_EXACTLY2: started at 1204000ps failed at 1220000ps
	Offending '(!((((pcs_tb_top.dut_if.Dout[3] inside {3'b010, 3'b110}) && (pcs_tb_top.dut_if.Dout[2] inside {3'b010, 3'b110})) && (pcs_tb_top.dut_if.Dout[1] inside {3'b010, 3'b110})) && (pcs_tb_top.dut_if.Dout[0] inside {3'b010, 3'b110})))'
Error: "uvm_tb.sv", 2355: pcs_tb_top.AST_SDD_EXACTLY2: at time 1220000 ps
[ASSERT/ORDER] All-±2 output persists after SDD2 (stuck in SDD?) @ 1220000
UVM_ERROR uvm_tb.sv(1312) @ 1228000: uvm_test_top.env.sb [SB/SYM] MISMATCH exp=c00 act=c06 ph=PH_DATA cycle=147
UVM_ERROR uvm_tb.sv(1312) @ 1236000: uvm_test_top.env.sb [SB/SYM] MISMATCH exp=246 act=3c6 ph=PH_DATA cycle=148
UVM_ERROR uvm_tb.sv(1312) @ 1244000: uvm_test_top.env.sb [SB/SYM] MISMATCH exp=5b8 act=58f ph=PH_DATA cycle=149
UVM_ERROR uvm_tb.sv(1312) @ 1252000: uvm_test_top.env.sb [SB/SYM] MISMATCH exp=03a act=039 ph=PH_DATA cycle=150
UVM_ERROR uvm_tb.sv(1312) @ 1260000: uvm_test_top.env.sb [SB/SYM] MISMATCH exp=5d0 act=dc7 ph=PH_DATA cycle=151
UVM_ERROR uvm_tb.sv(1312) @ 1268000: uvm_test_top.env.sb [SB/SYM] MISMATCH exp=e81 act=e00 ph=PH_DATA cycle=152
UVM_ERROR uvm_tb.sv(1312) @ 1276000: uvm_test_top.env.sb [SB/SYM] MISMATCH exp=e56 act=08e ph=PH_DATA cycle=153
UVM_ERROR uvm_tb.sv(1312) @ 1284000: uvm_test_top.env.sb [SB/SYM] MISMATCH exp=1cf act=1f9 ph=PH_CSR cycle=154
UVM_ERROR uvm_tb.sv(1312) @ 1292000: uvm_test_top.env.sb [SB/SYM] MISMATCH exp=38e act=f8e ph=PH_CSR cycle=155
UVM_ERROR uvm_tb.sv(1312) @ 1300000: uvm_test_top.env.sb [SB/SYM] MISMATCH exp=c96 act=491 ph=PH_ESD cycle=156
"uvm_tb.sv", 2305: pcs_tb_top.AST_ESD1_NONZERO: started at 1284000ps failed at 1300000ps
	Offending '((((pcs_tb_top.dut_if.Dout[3] inside {3'b010, 3'b110}) && (pcs_tb_top.dut_if.Dout[2] inside {3'b010, 3'b110})) && (pcs_tb_top.dut_if.Dout[1] inside {3'b010, 3'b110})) && (pcs_tb_top.dut_if.Dout[0] inside {3'b010, 3'b110}))'
Error: "uvm_tb.sv", 2305: pcs_tb_top.AST_ESD1_NONZERO: at time 1300000 ps
[ASSERT/ESD] ESD1: lane(s) not ±2 two cycles after TX_EN fall: got 491 @ 1300000
UVM_ERROR uvm_tb.sv(1312) @ 1308000: uvm_test_top.env.sb [SB/SYM] MISMATCH exp=db6 act=596 ph=PH_ESD cycle=157
"uvm_tb.sv", 2372: pcs_tb_top.AST_ESD_EXACTLY2: started at 1284000ps failed at 1316000ps
	Offending '(!((((pcs_tb_top.dut_if.Dout[3] inside {3'b010, 3'b110}) && (pcs_tb_top.dut_if.Dout[2] inside {3'b010, 3'b110})) && (pcs_tb_top.dut_if.Dout[1] inside {3'b010, 3'b110})) && (pcs_tb_top.dut_if.Dout[0] inside {3'b010, 3'b110})))'
Error: "uvm_tb.sv", 2372: pcs_tb_top.AST_ESD_EXACTLY2: at time 1316000 ps
[ASSERT/ORDER] All-±2 output persists after ESD2 (stuck in ESD?) @ 1316000
UVM_ERROR uvm_tb.sv(1312) @ 1324000: uvm_test_top.env.sb [SB/SYM] MISMATCH exp=006 act=096 ph=PH_IDLE cycle=159
UVM_ERROR uvm_tb.sv(1312) @ 1332000: uvm_test_top.env.sb [SB/SYM] MISMATCH exp=cb0 act=000 ph=PH_IDLE cycle=160
UVM_ERROR uvm_tb.sv(1312) @ 1340000: uvm_test_top.env.sb [SB/SYM] MISMATCH exp=006 act=0b6 ph=PH_IDLE cycle=161
UVM_ERROR uvm_tb.sv(1312) @ 1348000: uvm_test_top.env.sb [SB/SYM] MISMATCH exp=196 act=000 ph=PH_IDLE cycle=162
UVM_ERROR uvm_tb.sv(1312) @ 1356000: uvm_test_top.env.sb [SB/SYM] MISMATCH exp=000 act=032 ph=PH_SDD cycle=163
"uvm_tb.sv", 2275: pcs_tb_top.AST_SDD1_NONZERO: started at 1356000ps failed at 1356000ps
	Offending '((((pcs_tb_top.dut_if.Dout[3] inside {3'b010, 3'b110}) && (pcs_tb_top.dut_if.Dout[2] inside {3'b010, 3'b110})) && (pcs_tb_top.dut_if.Dout[1] inside {3'b010, 3'b110})) && (pcs_tb_top.dut_if.Dout[0] inside {3'b010, 3'b110}))'
Error: "uvm_tb.sv", 2275: pcs_tb_top.AST_SDD1_NONZERO: at time 1356000 ps
[ASSERT/SDD] SDD1: lane(s) not ±2 at TX_EN rise: got 032 @ 1356000
"uvm_tb.sv", 2355: pcs_tb_top.AST_SDD_EXACTLY2: started at 1356000ps failed at 1372000ps
	Offending '(!((((pcs_tb_top.dut_if.Dout[3] inside {3'b010, 3'b110}) && (pcs_tb_top.dut_if.Dout[2] inside {3'b010, 3'b110})) && (pcs_tb_top.dut_if.Dout[1] inside {3'b010, 3'b110})) && (pcs_tb_top.dut_if.Dout[0] inside {3'b010, 3'b110})))'
Error: "uvm_tb.sv", 2355: pcs_tb_top.AST_SDD_EXACTLY2: at time 1372000 ps
[ASSERT/ORDER] All-±2 output persists after SDD2 (stuck in SDD?) @ 1372000
UVM_ERROR uvm_tb.sv(1312) @ 1380000: uvm_test_top.env.sb [SB/SYM] MISMATCH exp=002 act=012 ph=PH_DATA cycle=166
UVM_ERROR uvm_tb.sv(1312) @ 1396000: uvm_test_top.env.sb [SB/SYM] MISMATCH exp=471 act=057 ph=PH_DATA cycle=168
UVM_ERROR uvm_tb.sv(1312) @ 1404000: uvm_test_top.env.sb [SB/SYM] MISMATCH exp=48e act=cb9 ph=PH_CSR cycle=169
UVM_ERROR uvm_tb.sv(1312) @ 1412000: uvm_test_top.env.sb [SB/SYM] MISMATCH exp=d89 act=dd2 ph=PH_CSR cycle=170
UVM_ERROR uvm_tb.sv(1312) @ 1420000: uvm_test_top.env.sb [SB/SYM] MISMATCH exp=c96 act=5b1 ph=PH_ESD cycle=171
"uvm_tb.sv", 2305: pcs_tb_top.AST_ESD1_NONZERO: started at 1404000ps failed at 1420000ps
	Offending '((((pcs_tb_top.dut_if.Dout[3] inside {3'b010, 3'b110}) && (pcs_tb_top.dut_if.Dout[2] inside {3'b010, 3'b110})) && (pcs_tb_top.dut_if.Dout[1] inside {3'b010, 3'b110})) && (pcs_tb_top.dut_if.Dout[0] inside {3'b010, 3'b110}))'
Error: "uvm_tb.sv", 2305: pcs_tb_top.AST_ESD1_NONZERO: at time 1420000 ps
[ASSERT/ESD] ESD1: lane(s) not ±2 two cycles after TX_EN fall: got 5b1 @ 1420000
UVM_ERROR uvm_tb.sv(1312) @ 1428000: uvm_test_top.env.sb [SB/SYM] MISMATCH exp=db6 act=4b6 ph=PH_ESD cycle=172
"uvm_tb.sv", 2372: pcs_tb_top.AST_ESD_EXACTLY2: started at 1404000ps failed at 1436000ps
	Offending '(!((((pcs_tb_top.dut_if.Dout[3] inside {3'b010, 3'b110}) && (pcs_tb_top.dut_if.Dout[2] inside {3'b010, 3'b110})) && (pcs_tb_top.dut_if.Dout[1] inside {3'b010, 3'b110})) && (pcs_tb_top.dut_if.Dout[0] inside {3'b010, 3'b110})))'
Error: "uvm_tb.sv", 2372: pcs_tb_top.AST_ESD_EXACTLY2: at time 1436000 ps
[ASSERT/ORDER] All-±2 output persists after ESD2 (stuck in ESD?) @ 1436000
UVM_ERROR uvm_tb.sv(1312) @ 1444000: uvm_test_top.env.sb [SB/SYM] MISMATCH exp=000 act=182 ph=PH_SDD cycle=174
"uvm_tb.sv", 2275: pcs_tb_top.AST_SDD1_NONZERO: started at 1444000ps failed at 1444000ps
	Offending '((((pcs_tb_top.dut_if.Dout[3] inside {3'b010, 3'b110}) && (pcs_tb_top.dut_if.Dout[2] inside {3'b010, 3'b110})) && (pcs_tb_top.dut_if.Dout[1] inside {3'b010, 3'b110})) && (pcs_tb_top.dut_if.Dout[0] inside {3'b010, 3'b110}))'
Error: "uvm_tb.sv", 2275: pcs_tb_top.AST_SDD1_NONZERO: at time 1444000 ps
[ASSERT/SDD] SDD1: lane(s) not ±2 at TX_EN rise: got 182 @ 1444000
"uvm_tb.sv", 2355: pcs_tb_top.AST_SDD_EXACTLY2: started at 1444000ps failed at 1460000ps
	Offending '(!((((pcs_tb_top.dut_if.Dout[3] inside {3'b010, 3'b110}) && (pcs_tb_top.dut_if.Dout[2] inside {3'b010, 3'b110})) && (pcs_tb_top.dut_if.Dout[1] inside {3'b010, 3'b110})) && (pcs_tb_top.dut_if.Dout[0] inside {3'b010, 3'b110})))'
Error: "uvm_tb.sv", 2355: pcs_tb_top.AST_SDD_EXACTLY2: at time 1460000 ps
[ASSERT/ORDER] All-±2 output persists after SDD2 (stuck in SDD?) @ 1460000
UVM_ERROR uvm_tb.sv(1312) @ 1476000: uvm_test_top.env.sb [SB/SYM] MISMATCH exp=250 act=3c2 ph=PH_DATA cycle=178
UVM_ERROR uvm_tb.sv(1312) @ 1484000: uvm_test_top.env.sb [SB/SYM] MISMATCH exp=08a act=fc6 ph=PH_DATA cycle=179
UVM_ERROR uvm_tb.sv(1312) @ 1492000: uvm_test_top.env.sb [SB/SYM] MISMATCH exp=e89 act=20e ph=PH_DATA cycle=180
UVM_ERROR uvm_tb.sv(1312) @ 1500000: uvm_test_top.env.sb [SB/SYM] MISMATCH exp=3f1 act=ff7 ph=PH_CSR cycle=181
UVM_ERROR uvm_tb.sv(1312) @ 1508000: uvm_test_top.env.sb [SB/SYM] MISMATCH exp=c56 act=fba ph=PH_CSR cycle=182
UVM_ERROR uvm_tb.sv(1312) @ 1516000: uvm_test_top.env.sb [SB/SYM] MISMATCH exp=d89 act=5b7 ph=PH_ESD cycle=183
"uvm_tb.sv", 2305: pcs_tb_top.AST_ESD1_NONZERO: started at 1500000ps failed at 1516000ps
	Offending '((((pcs_tb_top.dut_if.Dout[3] inside {3'b010, 3'b110}) && (pcs_tb_top.dut_if.Dout[2] inside {3'b010, 3'b110})) && (pcs_tb_top.dut_if.Dout[1] inside {3'b010, 3'b110})) && (pcs_tb_top.dut_if.Dout[0] inside {3'b010, 3'b110}))'
Error: "uvm_tb.sv", 2305: pcs_tb_top.AST_ESD1_NONZERO: at time 1516000 ps
[ASSERT/ESD] ESD1: lane(s) not ±2 two cycles after TX_EN fall: got 5b7 @ 1516000
UVM_ERROR uvm_tb.sv(1312) @ 1524000: uvm_test_top.env.sb [SB/SYM] MISMATCH exp=db6 act=592 ph=PH_ESD cycle=184
"uvm_tb.sv", 2372: pcs_tb_top.AST_ESD_EXACTLY2: started at 1500000ps failed at 1532000ps
	Offending '(!((((pcs_tb_top.dut_if.Dout[3] inside {3'b010, 3'b110}) && (pcs_tb_top.dut_if.Dout[2] inside {3'b010, 3'b110})) && (pcs_tb_top.dut_if.Dout[1] inside {3'b010, 3'b110})) && (pcs_tb_top.dut_if.Dout[0] inside {3'b010, 3'b110})))'
Error: "uvm_tb.sv", 2372: pcs_tb_top.AST_ESD_EXACTLY2: at time 1532000 ps
[ASSERT/ORDER] All-±2 output persists after ESD2 (stuck in ESD?) @ 1532000
UVM_ERROR uvm_tb.sv(1312) @ 1540000: uvm_test_top.env.sb [SB/SYM] MISMATCH exp=1b0 act=030 ph=PH_IDLE cycle=186
UVM_ERROR uvm_tb.sv(1312) @ 1548000: uvm_test_top.env.sb [SB/SYM] MISMATCH exp=006 act=036 ph=PH_SDD cycle=187
"uvm_tb.sv", 2275: pcs_tb_top.AST_SDD1_NONZERO: started at 1548000ps failed at 1548000ps
	Offending '((((pcs_tb_top.dut_if.Dout[3] inside {3'b010, 3'b110}) && (pcs_tb_top.dut_if.Dout[2] inside {3'b010, 3'b110})) && (pcs_tb_top.dut_if.Dout[1] inside {3'b010, 3'b110})) && (pcs_tb_top.dut_if.Dout[0] inside {3'b010, 3'b110}))'
Error: "uvm_tb.sv", 2275: pcs_tb_top.AST_SDD1_NONZERO: at time 1548000 ps
[ASSERT/SDD] SDD1: lane(s) not ±2 at TX_EN rise: got 036 @ 1548000
"uvm_tb.sv", 2355: pcs_tb_top.AST_SDD_EXACTLY2: started at 1548000ps failed at 1564000ps
	Offending '(!((((pcs_tb_top.dut_if.Dout[3] inside {3'b010, 3'b110}) && (pcs_tb_top.dut_if.Dout[2] inside {3'b010, 3'b110})) && (pcs_tb_top.dut_if.Dout[1] inside {3'b010, 3'b110})) && (pcs_tb_top.dut_if.Dout[0] inside {3'b010, 3'b110})))'
Error: "uvm_tb.sv", 2355: pcs_tb_top.AST_SDD_EXACTLY2: at time 1564000 ps
[ASSERT/ORDER] All-±2 output persists after SDD2 (stuck in SDD?) @ 1564000
UVM_ERROR uvm_tb.sv(1312) @ 1572000: uvm_test_top.env.sb [SB/SYM] MISMATCH exp=186 act=000 ph=PH_DATA cycle=190
UVM_ERROR uvm_tb.sv(1312) @ 1580000: uvm_test_top.env.sb [SB/SYM] MISMATCH exp=1f7 act=047 ph=PH_DATA cycle=191
UVM_ERROR uvm_tb.sv(1312) @ 1588000: uvm_test_top.env.sb [SB/SYM] MISMATCH exp=3f1 act=3f0 ph=PH_DATA cycle=192
UVM_ERROR uvm_tb.sv(1312) @ 1596000: uvm_test_top.env.sb [SB/SYM] MISMATCH exp=e40 act=252 ph=PH_DATA cycle=193
UVM_ERROR uvm_tb.sv(1312) @ 1604000: uvm_test_top.env.sb [SB/SYM] MISMATCH exp=008 act=0bf ph=PH_DATA cycle=194
UVM_ERROR uvm_tb.sv(1312) @ 1612000: uvm_test_top.env.sb [SB/SYM] MISMATCH exp=fcf act=3fe ph=PH_DATA cycle=195
UVM_ERROR uvm_tb.sv(1312) @ 1620000: uvm_test_top.env.sb [SB/SYM] MISMATCH exp=030 act=c01 ph=PH_DATA cycle=196
UVM_ERROR uvm_tb.sv(1312) @ 1628000: uvm_test_top.env.sb [SB/SYM] MISMATCH exp=03e act=089 ph=PH_CSR cycle=197
UVM_ERROR uvm_tb.sv(1312) @ 1636000: uvm_test_top.env.sb [SB/SYM] MISMATCH exp=c8e act=452 ph=PH_CSR cycle=198
UVM_ERROR uvm_tb.sv(1312) @ 1644000: uvm_test_top.env.sb [SB/SYM] MISMATCH exp=d89 act=497 ph=PH_ESD cycle=199
"uvm_tb.sv", 2305: pcs_tb_top.AST_ESD1_NONZERO: started at 1628000ps failed at 1644000ps
	Offending '((((pcs_tb_top.dut_if.Dout[3] inside {3'b010, 3'b110}) && (pcs_tb_top.dut_if.Dout[2] inside {3'b010, 3'b110})) && (pcs_tb_top.dut_if.Dout[1] inside {3'b010, 3'b110})) && (pcs_tb_top.dut_if.Dout[0] inside {3'b010, 3'b110}))'
Error: "uvm_tb.sv", 2305: pcs_tb_top.AST_ESD1_NONZERO: at time 1644000 ps
[ASSERT/ESD] ESD1: lane(s) not ±2 two cycles after TX_EN fall: got 497 @ 1644000
UVM_ERROR uvm_tb.sv(1312) @ 1652000: uvm_test_top.env.sb [SB/SYM] MISMATCH exp=db6 act=5b2 ph=PH_ESD cycle=200
"uvm_tb.sv", 2372: pcs_tb_top.AST_ESD_EXACTLY2: started at 1628000ps failed at 1660000ps
	Offending '(!((((pcs_tb_top.dut_if.Dout[3] inside {3'b010, 3'b110}) && (pcs_tb_top.dut_if.Dout[2] inside {3'b010, 3'b110})) && (pcs_tb_top.dut_if.Dout[1] inside {3'b010, 3'b110})) && (pcs_tb_top.dut_if.Dout[0] inside {3'b010, 3'b110})))'
Error: "uvm_tb.sv", 2372: pcs_tb_top.AST_ESD_EXACTLY2: at time 1660000 ps
[ASSERT/ORDER] All-±2 output persists after ESD2 (stuck in ESD?) @ 1660000
UVM_ERROR uvm_tb.sv(1312) @ 1668000: uvm_test_top.env.sb [SB/SYM] MISMATCH exp=196 act=186 ph=PH_IDLE cycle=202
UVM_ERROR uvm_tb.sv(1312) @ 1676000: uvm_test_top.env.sb [SB/SYM] MISMATCH exp=000 act=036 ph=PH_IDLE cycle=203
UVM_ERROR uvm_tb.sv(1312) @ 1684000: uvm_test_top.env.sb [SB/SYM] MISMATCH exp=1b6 act=180 ph=PH_IDLE cycle=204
UVM_ERROR uvm_tb.sv(1312) @ 1692000: uvm_test_top.env.sb [SB/SYM] MISMATCH exp=400 act=006 ph=PH_IDLE cycle=205
UVM_ERROR uvm_tb.sv(1312) @ 1700000: uvm_test_top.env.sb [SB/SYM] MISMATCH exp=182 act=190 ph=PH_SDD cycle=206
"uvm_tb.sv", 2275: pcs_tb_top.AST_SDD1_NONZERO: started at 1700000ps failed at 1700000ps
	Offending '((((pcs_tb_top.dut_if.Dout[3] inside {3'b010, 3'b110}) && (pcs_tb_top.dut_if.Dout[2] inside {3'b010, 3'b110})) && (pcs_tb_top.dut_if.Dout[1] inside {3'b010, 3'b110})) && (pcs_tb_top.dut_if.Dout[0] inside {3'b010, 3'b110}))'
Error: "uvm_tb.sv", 2275: pcs_tb_top.AST_SDD1_NONZERO: at time 1700000 ps
[ASSERT/SDD] SDD1: lane(s) not ±2 at TX_EN rise: got 190 @ 1700000
"uvm_tb.sv", 2355: pcs_tb_top.AST_SDD_EXACTLY2: started at 1700000ps failed at 1716000ps
	Offending '(!((((pcs_tb_top.dut_if.Dout[3] inside {3'b010, 3'b110}) && (pcs_tb_top.dut_if.Dout[2] inside {3'b010, 3'b110})) && (pcs_tb_top.dut_if.Dout[1] inside {3'b010, 3'b110})) && (pcs_tb_top.dut_if.Dout[0] inside {3'b010, 3'b110})))'
Error: "uvm_tb.sv", 2355: pcs_tb_top.AST_SDD_EXACTLY2: at time 1716000 ps
[ASSERT/ORDER] All-±2 output persists after SDD2 (stuck in SDD?) @ 1716000
UVM_ERROR uvm_tb.sv(1312) @ 1724000: uvm_test_top.env.sb [SB/SYM] MISMATCH exp=000 act=1b0 ph=PH_DATA cycle=209
UVM_ERROR uvm_tb.sv(1312) @ 1732000: uvm_test_top.env.sb [SB/SYM] MISMATCH exp=1ca act=04a ph=PH_DATA cycle=210
UVM_ERROR uvm_tb.sv(1312) @ 1740000: uvm_test_top.env.sb [SB/SYM] MISMATCH exp=2b8 act=23a ph=PH_DATA cycle=211
UVM_ERROR uvm_tb.sv(1312) @ 1748000: uvm_test_top.env.sb [SB/SYM] MISMATCH exp=e40 act=246 ph=PH_DATA cycle=212
UVM_ERROR uvm_tb.sv(1312) @ 1756000: uvm_test_top.env.sb [SB/SYM] MISMATCH exp=1d1 act=1f7 ph=PH_CSR cycle=213
UVM_ERROR uvm_tb.sv(1312) @ 1764000: uvm_test_top.env.sb [SB/SYM] MISMATCH exp=2b6 act=df2 ph=PH_CSR cycle=214
UVM_ERROR uvm_tb.sv(1312) @ 1772000: uvm_test_top.env.sb [SB/SYM] MISMATCH exp=d89 act=d91 ph=PH_ESD cycle=215
"uvm_tb.sv", 2305: pcs_tb_top.AST_ESD1_NONZERO: started at 1756000ps failed at 1772000ps
	Offending '((((pcs_tb_top.dut_if.Dout[3] inside {3'b010, 3'b110}) && (pcs_tb_top.dut_if.Dout[2] inside {3'b010, 3'b110})) && (pcs_tb_top.dut_if.Dout[1] inside {3'b010, 3'b110})) && (pcs_tb_top.dut_if.Dout[0] inside {3'b010, 3'b110}))'
Error: "uvm_tb.sv", 2305: pcs_tb_top.AST_ESD1_NONZERO: at time 1772000 ps
[ASSERT/ESD] ESD1: lane(s) not ±2 two cycles after TX_EN fall: got d91 @ 1772000
UVM_ERROR uvm_tb.sv(1312) @ 1780000: uvm_test_top.env.sb [SB/SYM] MISMATCH exp=db6 act=4b2 ph=PH_ESD cycle=216
"uvm_tb.sv", 2372: pcs_tb_top.AST_ESD_EXACTLY2: started at 1756000ps failed at 1788000ps
	Offending '(!((((pcs_tb_top.dut_if.Dout[3] inside {3'b010, 3'b110}) && (pcs_tb_top.dut_if.Dout[2] inside {3'b010, 3'b110})) && (pcs_tb_top.dut_if.Dout[1] inside {3'b010, 3'b110})) && (pcs_tb_top.dut_if.Dout[0] inside {3'b010, 3'b110})))'
Error: "uvm_tb.sv", 2372: pcs_tb_top.AST_ESD_EXACTLY2: at time 1788000 ps
[ASSERT/ORDER] All-±2 output persists after ESD2 (stuck in ESD?) @ 1788000
"uvm_tb.sv", 2275: pcs_tb_top.AST_SDD1_NONZERO: started at 1796000ps failed at 1796000ps
	Offending '((((pcs_tb_top.dut_if.Dout[3] inside {3'b010, 3'b110}) && (pcs_tb_top.dut_if.Dout[2] inside {3'b010, 3'b110})) && (pcs_tb_top.dut_if.Dout[1] inside {3'b010, 3'b110})) && (pcs_tb_top.dut_if.Dout[0] inside {3'b010, 3'b110}))'
Error: "uvm_tb.sv", 2275: pcs_tb_top.AST_SDD1_NONZERO: at time 1796000 ps
[ASSERT/SDD] SDD1: lane(s) not ±2 at TX_EN rise: got 030 @ 1796000
"uvm_tb.sv", 2355: pcs_tb_top.AST_SDD_EXACTLY2: started at 1796000ps failed at 1812000ps
	Offending '(!((((pcs_tb_top.dut_if.Dout[3] inside {3'b010, 3'b110}) && (pcs_tb_top.dut_if.Dout[2] inside {3'b010, 3'b110})) && (pcs_tb_top.dut_if.Dout[1] inside {3'b010, 3'b110})) && (pcs_tb_top.dut_if.Dout[0] inside {3'b010, 3'b110})))'
Error: "uvm_tb.sv", 2355: pcs_tb_top.AST_SDD_EXACTLY2: at time 1812000 ps
[ASSERT/ORDER] All-±2 output persists after SDD2 (stuck in SDD?) @ 1812000
UVM_ERROR uvm_tb.sv(1312) @ 1820000: uvm_test_top.env.sb [SB/SYM] MISMATCH exp=182 act=032 ph=PH_DATA cycle=221
UVM_ERROR uvm_tb.sv(1312) @ 1828000: uvm_test_top.env.sb [SB/SYM] MISMATCH exp=fb7 act=fb1 ph=PH_DATA cycle=222
UVM_ERROR uvm_tb.sv(1312) @ 1836000: uvm_test_top.env.sb [SB/SYM] MISMATCH exp=186 act=007 ph=PH_DATA cycle=223
UVM_ERROR uvm_tb.sv(1312) @ 1844000: uvm_test_top.env.sb [SB/SYM] MISMATCH exp=437 act=190 ph=PH_CSR cycle=224
UVM_ERROR uvm_tb.sv(1312) @ 1852000: uvm_test_top.env.sb [SB/SYM] MISMATCH exp=d89 act=3be ph=PH_CSR cycle=225
UVM_ERROR uvm_tb.sv(1312) @ 1860000: uvm_test_top.env.sb [SB/SYM] MISMATCH exp=c96 act=5b1 ph=PH_ESD cycle=226
"uvm_tb.sv", 2305: pcs_tb_top.AST_ESD1_NONZERO: started at 1844000ps failed at 1860000ps
	Offending '((((pcs_tb_top.dut_if.Dout[3] inside {3'b010, 3'b110}) && (pcs_tb_top.dut_if.Dout[2] inside {3'b010, 3'b110})) && (pcs_tb_top.dut_if.Dout[1] inside {3'b010, 3'b110})) && (pcs_tb_top.dut_if.Dout[0] inside {3'b010, 3'b110}))'
Error: "uvm_tb.sv", 2305: pcs_tb_top.AST_ESD1_NONZERO: at time 1860000 ps
[ASSERT/ESD] ESD1: lane(s) not ±2 two cycles after TX_EN fall: got 5b1 @ 1860000
UVM_ERROR uvm_tb.sv(1312) @ 1868000: uvm_test_top.env.sb [SB/SYM] MISMATCH exp=db6 act=5b2 ph=PH_ESD cycle=227
"uvm_tb.sv", 2372: pcs_tb_top.AST_ESD_EXACTLY2: started at 1844000ps failed at 1876000ps
	Offending '(!((((pcs_tb_top.dut_if.Dout[3] inside {3'b010, 3'b110}) && (pcs_tb_top.dut_if.Dout[2] inside {3'b010, 3'b110})) && (pcs_tb_top.dut_if.Dout[1] inside {3'b010, 3'b110})) && (pcs_tb_top.dut_if.Dout[0] inside {3'b010, 3'b110})))'
Error: "uvm_tb.sv", 2372: pcs_tb_top.AST_ESD_EXACTLY2: at time 1876000 ps
[ASSERT/ORDER] All-±2 output persists after ESD2 (stuck in ESD?) @ 1876000
"uvm_tb.sv", 2355: pcs_tb_top.AST_SDD_EXACTLY2: started at 1868000ps failed at 1884000ps
	Offending '(!((((pcs_tb_top.dut_if.Dout[3] inside {3'b010, 3'b110}) && (pcs_tb_top.dut_if.Dout[2] inside {3'b010, 3'b110})) && (pcs_tb_top.dut_if.Dout[1] inside {3'b010, 3'b110})) && (pcs_tb_top.dut_if.Dout[0] inside {3'b010, 3'b110})))'
Error: "uvm_tb.sv", 2355: pcs_tb_top.AST_SDD_EXACTLY2: at time 1884000 ps
[ASSERT/ORDER] All-±2 output persists after SDD2 (stuck in SDD?) @ 1884000
UVM_ERROR uvm_tb.sv(1312) @ 1908000: uvm_test_top.env.sb [SB/SYM] MISMATCH exp=087 act=017 ph=PH_IDLE cycle=232
UVM_ERROR uvm_tb.sv(1312) @ 1916000: uvm_test_top.env.sb [SB/SYM] MISMATCH exp=3f7 act=3d1 ph=PH_IDLE cycle=233
UVM_ERROR uvm_tb.sv(1312) @ 1924000: uvm_test_top.env.sb [SB/SYM] MISMATCH exp=3bf act=5c6 ph=PH_IDLE cycle=234
UVM_ERROR uvm_tb.sv(1312) @ 1932000: uvm_test_top.env.sb [SB/SYM] MISMATCH exp=051 act=041 ph=PH_IDLE cycle=235
UVM_ERROR uvm_tb.sv(1312) @ 1940000: uvm_test_top.env.sb [SB/SYM] MISMATCH exp=e00 act=230 ph=PH_IDLE cycle=236
UVM_ERROR uvm_tb.sv(1312) @ 1948000: uvm_test_top.env.sb [SB/SYM] MISMATCH exp=38e act=db6 ph=PH_IDLE cycle=237
UVM_ERROR uvm_tb.sv(1312) @ 1956000: uvm_test_top.env.sb [SB/SYM] MISMATCH exp=c96 act=596 ph=PH_IDLE cycle=238
UVM_ERROR uvm_tb.sv(1312) @ 1964000: uvm_test_top.env.sb [SB/SYM] MISMATCH exp=db6 act=c92 ph=PH_IDLE cycle=239
"uvm_tb.sv", 2372: pcs_tb_top.AST_ESD_EXACTLY2: started at 1940000ps failed at 1972000ps
	Offending '(!((((pcs_tb_top.dut_if.Dout[3] inside {3'b010, 3'b110}) && (pcs_tb_top.dut_if.Dout[2] inside {3'b010, 3'b110})) && (pcs_tb_top.dut_if.Dout[1] inside {3'b010, 3'b110})) && (pcs_tb_top.dut_if.Dout[0] inside {3'b010, 3'b110})))'
Error: "uvm_tb.sv", 2372: pcs_tb_top.AST_ESD_EXACTLY2: at time 1972000 ps
[ASSERT/ORDER] All-±2 output persists after ESD2 (stuck in ESD?) @ 1972000
UVM_ERROR uvm_tb.sv(1312) @ 1980000: uvm_test_top.env.sb [SB/SYM] MISMATCH exp=0b6 act=086 ph=PH_IDLE cycle=241
UVM_ERROR uvm_tb.sv(1312) @ 1988000: uvm_test_top.env.sb [SB/SYM] MISMATCH exp=180 act=030 ph=PH_SDD cycle=242
"uvm_tb.sv", 2275: pcs_tb_top.AST_SDD1_NONZERO: started at 1988000ps failed at 1988000ps
	Offending '((((pcs_tb_top.dut_if.Dout[3] inside {3'b010, 3'b110}) && (pcs_tb_top.dut_if.Dout[2] inside {3'b010, 3'b110})) && (pcs_tb_top.dut_if.Dout[1] inside {3'b010, 3'b110})) && (pcs_tb_top.dut_if.Dout[0] inside {3'b010, 3'b110}))'
Error: "uvm_tb.sv", 2275: pcs_tb_top.AST_SDD1_NONZERO: at time 1988000 ps
[ASSERT/SDD] SDD1: lane(s) not ±2 at TX_EN rise: got 030 @ 1988000
"uvm_tb.sv", 2355: pcs_tb_top.AST_SDD_EXACTLY2: started at 1988000ps failed at 2004000ps
	Offending '(!((((pcs_tb_top.dut_if.Dout[3] inside {3'b010, 3'b110}) && (pcs_tb_top.dut_if.Dout[2] inside {3'b010, 3'b110})) && (pcs_tb_top.dut_if.Dout[1] inside {3'b010, 3'b110})) && (pcs_tb_top.dut_if.Dout[0] inside {3'b010, 3'b110})))'
Error: "uvm_tb.sv", 2355: pcs_tb_top.AST_SDD_EXACTLY2: at time 2004000 ps
[ASSERT/ORDER] All-±2 output persists after SDD2 (stuck in SDD?) @ 2004000
UVM_ERROR uvm_tb.sv(1312) @ 2012000: uvm_test_top.env.sb [SB/SYM] MISMATCH exp=1b6 act=006 ph=PH_DATA cycle=245
UVM_ERROR uvm_tb.sv(1312) @ 2020000: uvm_test_top.env.sb [SB/SYM] MISMATCH exp=c7a act=e37 ph=PH_DATA cycle=246
UVM_ERROR uvm_tb.sv(1312) @ 2028000: uvm_test_top.env.sb [SB/SYM] MISMATCH exp=297 act=c48 ph=PH_DATA cycle=247
UVM_ERROR uvm_tb.sv(1312) @ 2036000: uvm_test_top.env.sb [SB/SYM] MISMATCH exp=206 act=297 ph=PH_DATA cycle=248
UVM_ERROR uvm_tb.sv(1312) @ 2044000: uvm_test_top.env.sb [SB/SYM] MISMATCH exp=fc1 act=252 ph=PH_DATA cycle=249
UVM_ERROR uvm_tb.sv(1312) @ 2052000: uvm_test_top.env.sb [SB/SYM] MISMATCH exp=44a act=5ca ph=PH_CSR cycle=250
UVM_ERROR uvm_tb.sv(1312) @ 2060000: uvm_test_top.env.sb [SB/SYM] MISMATCH exp=cb1 act=597 ph=PH_CSR cycle=251
UVM_ERROR uvm_tb.sv(1312) @ 2068000: uvm_test_top.env.sb [SB/SYM] MISMATCH exp=d89 act=cb2 ph=PH_ESD cycle=252
UVM_ERROR uvm_tb.sv(1312) @ 2076000: uvm_test_top.env.sb [SB/SYM] MISMATCH exp=db6 act=5b2 ph=PH_ESD cycle=253
"uvm_tb.sv", 2372: pcs_tb_top.AST_ESD_EXACTLY2: started at 2052000ps failed at 2084000ps
	Offending '(!((((pcs_tb_top.dut_if.Dout[3] inside {3'b010, 3'b110}) && (pcs_tb_top.dut_if.Dout[2] inside {3'b010, 3'b110})) && (pcs_tb_top.dut_if.Dout[1] inside {3'b010, 3'b110})) && (pcs_tb_top.dut_if.Dout[0] inside {3'b010, 3'b110})))'
Error: "uvm_tb.sv", 2372: pcs_tb_top.AST_ESD_EXACTLY2: at time 2084000 ps
[ASSERT/ORDER] All-±2 output persists after ESD2 (stuck in ESD?) @ 2084000
UVM_ERROR uvm_tb.sv(1312) @ 2100000: uvm_test_top.env.sb [SB/SYM] MISMATCH exp=096 act=000 ph=PH_IDLE cycle=256
UVM_ERROR uvm_tb.sv(1312) @ 2108000: uvm_test_top.env.sb [SB/SYM] MISMATCH exp=c00 act=016 ph=PH_IDLE cycle=257
UVM_ERROR uvm_tb.sv(1312) @ 2116000: uvm_test_top.env.sb [SB/SYM] MISMATCH exp=0b2 act=080 ph=PH_SDD cycle=258
"uvm_tb.sv", 2275: pcs_tb_top.AST_SDD1_NONZERO: started at 2116000ps failed at 2116000ps
	Offending '((((pcs_tb_top.dut_if.Dout[3] inside {3'b010, 3'b110}) && (pcs_tb_top.dut_if.Dout[2] inside {3'b010, 3'b110})) && (pcs_tb_top.dut_if.Dout[1] inside {3'b010, 3'b110})) && (pcs_tb_top.dut_if.Dout[0] inside {3'b010, 3'b110}))'
Error: "uvm_tb.sv", 2275: pcs_tb_top.AST_SDD1_NONZERO: at time 2116000 ps
[ASSERT/SDD] SDD1: lane(s) not ±2 at TX_EN rise: got 080 @ 2116000
"uvm_tb.sv", 2355: pcs_tb_top.AST_SDD_EXACTLY2: started at 2116000ps failed at 2132000ps
	Offending '(!((((pcs_tb_top.dut_if.Dout[3] inside {3'b010, 3'b110}) && (pcs_tb_top.dut_if.Dout[2] inside {3'b010, 3'b110})) && (pcs_tb_top.dut_if.Dout[1] inside {3'b010, 3'b110})) && (pcs_tb_top.dut_if.Dout[0] inside {3'b010, 3'b110})))'
Error: "uvm_tb.sv", 2355: pcs_tb_top.AST_SDD_EXACTLY2: at time 2132000 ps
[ASSERT/ORDER] All-±2 output persists after SDD2 (stuck in SDD?) @ 2132000
UVM_ERROR uvm_tb.sv(1312) @ 2148000: uvm_test_top.env.sb [SB/SYM] MISMATCH exp=030 act=180 ph=PH_DATA cycle=262
UVM_ERROR uvm_tb.sv(1312) @ 2156000: uvm_test_top.env.sb [SB/SYM] MISMATCH exp=3f6 act=276 ph=PH_DATA cycle=263
UVM_ERROR uvm_tb.sv(1312) @ 2164000: uvm_test_top.env.sb [SB/SYM] MISMATCH exp=e10 act=2b0 ph=PH_DATA cycle=264
UVM_ERROR uvm_tb.sv(1312) @ 2172000: uvm_test_top.env.sb [SB/SYM] MISMATCH exp=c10 act=c01 ph=PH_DATA cycle=265
UVM_ERROR uvm_tb.sv(1312) @ 2180000: uvm_test_top.env.sb [SB/SYM] MISMATCH exp=03e act=088 ph=PH_DATA cycle=266
UVM_ERROR uvm_tb.sv(1312) @ 2188000: uvm_test_top.env.sb [SB/SYM] MISMATCH exp=192 act=1b6 ph=PH_CSR cycle=267
UVM_ERROR uvm_tb.sv(1312) @ 2196000: uvm_test_top.env.sb [SB/SYM] MISMATCH exp=3b1 act=fba ph=PH_CSR cycle=268
UVM_ERROR uvm_tb.sv(1312) @ 2204000: uvm_test_top.env.sb [SB/SYM] MISMATCH exp=c96 act=db1 ph=PH_ESD cycle=269
"uvm_tb.sv", 2305: pcs_tb_top.AST_ESD1_NONZERO: started at 2188000ps failed at 2204000ps
	Offending '((((pcs_tb_top.dut_if.Dout[3] inside {3'b010, 3'b110}) && (pcs_tb_top.dut_if.Dout[2] inside {3'b010, 3'b110})) && (pcs_tb_top.dut_if.Dout[1] inside {3'b010, 3'b110})) && (pcs_tb_top.dut_if.Dout[0] inside {3'b010, 3'b110}))'
Error: "uvm_tb.sv", 2305: pcs_tb_top.AST_ESD1_NONZERO: at time 2204000 ps
[ASSERT/ESD] ESD1: lane(s) not ±2 two cycles after TX_EN fall: got db1 @ 2204000
"uvm_tb.sv", 2372: pcs_tb_top.AST_ESD_EXACTLY2: started at 2188000ps failed at 2220000ps
	Offending '(!((((pcs_tb_top.dut_if.Dout[3] inside {3'b010, 3'b110}) && (pcs_tb_top.dut_if.Dout[2] inside {3'b010, 3'b110})) && (pcs_tb_top.dut_if.Dout[1] inside {3'b010, 3'b110})) && (pcs_tb_top.dut_if.Dout[0] inside {3'b010, 3'b110})))'
Error: "uvm_tb.sv", 2372: pcs_tb_top.AST_ESD_EXACTLY2: at time 2220000 ps
[ASSERT/ORDER] All-±2 output persists after ESD2 (stuck in ESD?) @ 2220000
UVM_ERROR uvm_tb.sv(1312) @ 2228000: uvm_test_top.env.sb [SB/SYM] MISMATCH exp=180 act=036 ph=PH_IDLE cycle=272
UVM_ERROR uvm_tb.sv(1312) @ 2236000: uvm_test_top.env.sb [SB/SYM] MISMATCH exp=032 act=1b0 ph=PH_IDLE cycle=273
UVM_ERROR uvm_tb.sv(1312) @ 2244000: uvm_test_top.env.sb [SB/SYM] MISMATCH exp=090 act=006 ph=PH_IDLE cycle=274
UVM_ERROR uvm_tb.sv(1312) @ 2252000: uvm_test_top.env.sb [SB/SYM] MISMATCH exp=c02 act=090 ph=PH_SDD cycle=275
"uvm_tb.sv", 2275: pcs_tb_top.AST_SDD1_NONZERO: started at 2252000ps failed at 2252000ps
	Offending '((((pcs_tb_top.dut_if.Dout[3] inside {3'b010, 3'b110}) && (pcs_tb_top.dut_if.Dout[2] inside {3'b010, 3'b110})) && (pcs_tb_top.dut_if.Dout[1] inside {3'b010, 3'b110})) && (pcs_tb_top.dut_if.Dout[0] inside {3'b010, 3'b110}))'
Error: "uvm_tb.sv", 2275: pcs_tb_top.AST_SDD1_NONZERO: at time 2252000 ps
[ASSERT/SDD] SDD1: lane(s) not ±2 at TX_EN rise: got 090 @ 2252000
"uvm_tb.sv", 2355: pcs_tb_top.AST_SDD_EXACTLY2: started at 2252000ps failed at 2268000ps
	Offending '(!((((pcs_tb_top.dut_if.Dout[3] inside {3'b010, 3'b110}) && (pcs_tb_top.dut_if.Dout[2] inside {3'b010, 3'b110})) && (pcs_tb_top.dut_if.Dout[1] inside {3'b010, 3'b110})) && (pcs_tb_top.dut_if.Dout[0] inside {3'b010, 3'b110})))'
Error: "uvm_tb.sv", 2355: pcs_tb_top.AST_SDD_EXACTLY2: at time 2268000 ps
[ASSERT/ORDER] All-±2 output persists after SDD2 (stuck in SDD?) @ 2268000
UVM_ERROR uvm_tb.sv(1312) @ 2276000: uvm_test_top.env.sb [SB/SYM] MISMATCH exp=000 act=086 ph=PH_DATA cycle=278
UVM_ERROR uvm_tb.sv(1312) @ 2284000: uvm_test_top.env.sb [SB/SYM] MISMATCH exp=5fe act=eb1 ph=PH_DATA cycle=279
UVM_ERROR uvm_tb.sv(1312) @ 2292000: uvm_test_top.env.sb [SB/SYM] MISMATCH exp=3d0 act=c8f ph=PH_DATA cycle=280
UVM_ERROR uvm_tb.sv(1312) @ 2300000: uvm_test_top.env.sb [SB/SYM] MISMATCH exp=089 act=0b9 ph=PH_DATA cycle=281
UVM_ERROR uvm_tb.sv(1312) @ 2308000: uvm_test_top.env.sb [SB/SYM] MISMATCH exp=042 act=041 ph=PH_DATA cycle=282
UVM_ERROR uvm_tb.sv(1312) @ 2316000: uvm_test_top.env.sb [SB/SYM] MISMATCH exp=5d6 act=e8e ph=PH_DATA cycle=283
UVM_ERROR uvm_tb.sv(1312) @ 2324000: uvm_test_top.env.sb [SB/SYM] MISMATCH exp=24f act=3c9 ph=PH_CSR cycle=284
UVM_ERROR uvm_tb.sv(1312) @ 2332000: uvm_test_top.env.sb [SB/SYM] MISMATCH exp=3b1 act=e8e ph=PH_CSR cycle=285
UVM_ERROR uvm_tb.sv(1312) @ 2340000: uvm_test_top.env.sb [SB/SYM] MISMATCH exp=c96 act=4b1 ph=PH_ESD cycle=286
"uvm_tb.sv", 2305: pcs_tb_top.AST_ESD1_NONZERO: started at 2324000ps failed at 2340000ps
	Offending '((((pcs_tb_top.dut_if.Dout[3] inside {3'b010, 3'b110}) && (pcs_tb_top.dut_if.Dout[2] inside {3'b010, 3'b110})) && (pcs_tb_top.dut_if.Dout[1] inside {3'b010, 3'b110})) && (pcs_tb_top.dut_if.Dout[0] inside {3'b010, 3'b110}))'
Error: "uvm_tb.sv", 2305: pcs_tb_top.AST_ESD1_NONZERO: at time 2340000 ps
[ASSERT/ESD] ESD1: lane(s) not ±2 two cycles after TX_EN fall: got 4b1 @ 2340000
UVM_ERROR uvm_tb.sv(1312) @ 2348000: uvm_test_top.env.sb [SB/SYM] MISMATCH exp=db6 act=592 ph=PH_ESD cycle=287
"uvm_tb.sv", 2372: pcs_tb_top.AST_ESD_EXACTLY2: started at 2324000ps failed at 2356000ps
	Offending '(!((((pcs_tb_top.dut_if.Dout[3] inside {3'b010, 3'b110}) && (pcs_tb_top.dut_if.Dout[2] inside {3'b010, 3'b110})) && (pcs_tb_top.dut_if.Dout[1] inside {3'b010, 3'b110})) && (pcs_tb_top.dut_if.Dout[0] inside {3'b010, 3'b110})))'
Error: "uvm_tb.sv", 2372: pcs_tb_top.AST_ESD_EXACTLY2: at time 2356000 ps
[ASSERT/ORDER] All-±2 output persists after ESD2 (stuck in ESD?) @ 2356000
UVM_ERROR uvm_tb.sv(1312) @ 2364000: uvm_test_top.env.sb [SB/SYM] MISMATCH exp=c00 act=182 ph=PH_SDD cycle=289
"uvm_tb.sv", 2275: pcs_tb_top.AST_SDD1_NONZERO: started at 2364000ps failed at 2364000ps
	Offending '((((pcs_tb_top.dut_if.Dout[3] inside {3'b010, 3'b110}) && (pcs_tb_top.dut_if.Dout[2] inside {3'b010, 3'b110})) && (pcs_tb_top.dut_if.Dout[1] inside {3'b010, 3'b110})) && (pcs_tb_top.dut_if.Dout[0] inside {3'b010, 3'b110}))'
Error: "uvm_tb.sv", 2275: pcs_tb_top.AST_SDD1_NONZERO: at time 2364000 ps
[ASSERT/SDD] SDD1: lane(s) not ±2 at TX_EN rise: got 182 @ 2364000
"uvm_tb.sv", 2355: pcs_tb_top.AST_SDD_EXACTLY2: started at 2364000ps failed at 2380000ps
	Offending '(!((((pcs_tb_top.dut_if.Dout[3] inside {3'b010, 3'b110}) && (pcs_tb_top.dut_if.Dout[2] inside {3'b010, 3'b110})) && (pcs_tb_top.dut_if.Dout[1] inside {3'b010, 3'b110})) && (pcs_tb_top.dut_if.Dout[0] inside {3'b010, 3'b110})))'
Error: "uvm_tb.sv", 2355: pcs_tb_top.AST_SDD_EXACTLY2: at time 2380000 ps
[ASSERT/ORDER] All-±2 output persists after SDD2 (stuck in SDD?) @ 2380000
UVM_ERROR uvm_tb.sv(1312) @ 2388000: uvm_test_top.env.sb [SB/SYM] MISMATCH exp=c00 act=d80 ph=PH_DATA cycle=292
UVM_ERROR uvm_tb.sv(1312) @ 2396000: uvm_test_top.env.sb [SB/SYM] MISMATCH exp=c48 act=e17 ph=PH_DATA cycle=293
UVM_ERROR uvm_tb.sv(1312) @ 2404000: uvm_test_top.env.sb [SB/SYM] MISMATCH exp=c7e act=dcf ph=PH_CSR cycle=294
UVM_ERROR uvm_tb.sv(1312) @ 2412000: uvm_test_top.env.sb [SB/SYM] MISMATCH exp=2b6 act=592 ph=PH_CSR cycle=295
UVM_ERROR uvm_tb.sv(1312) @ 2420000: uvm_test_top.env.sb [SB/SYM] MISMATCH exp=d89 act=d96 ph=PH_ESD cycle=296
UVM_ERROR uvm_tb.sv(1312) @ 2428000: uvm_test_top.env.sb [SB/SYM] MISMATCH exp=db6 act=cb6 ph=PH_ESD cycle=297
"uvm_tb.sv", 2372: pcs_tb_top.AST_ESD_EXACTLY2: started at 2404000ps failed at 2436000ps
	Offending '(!((((pcs_tb_top.dut_if.Dout[3] inside {3'b010, 3'b110}) && (pcs_tb_top.dut_if.Dout[2] inside {3'b010, 3'b110})) && (pcs_tb_top.dut_if.Dout[1] inside {3'b010, 3'b110})) && (pcs_tb_top.dut_if.Dout[0] inside {3'b010, 3'b110})))'
Error: "uvm_tb.sv", 2372: pcs_tb_top.AST_ESD_EXACTLY2: at time 2436000 ps
[ASSERT/ORDER] All-±2 output persists after ESD2 (stuck in ESD?) @ 2436000
UVM_ERROR uvm_tb.sv(1312) @ 2444000: uvm_test_top.env.sb [SB/SYM] MISMATCH exp=596 act=186 ph=PH_IDLE cycle=299
UVM_ERROR uvm_tb.sv(1312) @ 2452000: uvm_test_top.env.sb [SB/SYM] MISMATCH exp=0b2 act=030 ph=PH_SDD cycle=300
"uvm_tb.sv", 2275: pcs_tb_top.AST_SDD1_NONZERO: started at 2452000ps failed at 2452000ps
	Offending '((((pcs_tb_top.dut_if.Dout[3] inside {3'b010, 3'b110}) && (pcs_tb_top.dut_if.Dout[2] inside {3'b010, 3'b110})) && (pcs_tb_top.dut_if.Dout[1] inside {3'b010, 3'b110})) && (pcs_tb_top.dut_if.Dout[0] inside {3'b010, 3'b110}))'
Error: "uvm_tb.sv", 2275: pcs_tb_top.AST_SDD1_NONZERO: at time 2452000 ps
[ASSERT/SDD] SDD1: lane(s) not ±2 at TX_EN rise: got 030 @ 2452000
"uvm_tb.sv", 2355: pcs_tb_top.AST_SDD_EXACTLY2: started at 2452000ps failed at 2468000ps
	Offending '(!((((pcs_tb_top.dut_if.Dout[3] inside {3'b010, 3'b110}) && (pcs_tb_top.dut_if.Dout[2] inside {3'b010, 3'b110})) && (pcs_tb_top.dut_if.Dout[1] inside {3'b010, 3'b110})) && (pcs_tb_top.dut_if.Dout[0] inside {3'b010, 3'b110})))'
Error: "uvm_tb.sv", 2355: pcs_tb_top.AST_SDD_EXACTLY2: at time 2468000 ps
[ASSERT/ORDER] All-±2 output persists after SDD2 (stuck in SDD?) @ 2468000
UVM_ERROR uvm_tb.sv(1312) @ 2476000: uvm_test_top.env.sb [SB/SYM] MISMATCH exp=180 act=010 ph=PH_DATA cycle=303
UVM_ERROR uvm_tb.sv(1312) @ 2484000: uvm_test_top.env.sb [SB/SYM] MISMATCH exp=f8e act=23e ph=PH_DATA cycle=304
UVM_ERROR uvm_tb.sv(1312) @ 2492000: uvm_test_top.env.sb [SB/SYM] MISMATCH exp=3bf act=23f ph=PH_DATA cycle=305
UVM_ERROR uvm_tb.sv(1312) @ 2500000: uvm_test_top.env.sb [SB/SYM] MISMATCH exp=387 act=e12 ph=PH_CSR cycle=306
UVM_ERROR uvm_tb.sv(1312) @ 2508000: uvm_test_top.env.sb [SB/SYM] MISMATCH exp=cb1 act=fbe ph=PH_CSR cycle=307
UVM_ERROR uvm_tb.sv(1312) @ 2516000: uvm_test_top.env.sb [SB/SYM] MISMATCH exp=d89 act=491 ph=PH_ESD cycle=308
"uvm_tb.sv", 2305: pcs_tb_top.AST_ESD1_NONZERO: started at 2500000ps failed at 2516000ps
	Offending '((((pcs_tb_top.dut_if.Dout[3] inside {3'b010, 3'b110}) && (pcs_tb_top.dut_if.Dout[2] inside {3'b010, 3'b110})) && (pcs_tb_top.dut_if.Dout[1] inside {3'b010, 3'b110})) && (pcs_tb_top.dut_if.Dout[0] inside {3'b010, 3'b110}))'
Error: "uvm_tb.sv", 2305: pcs_tb_top.AST_ESD1_NONZERO: at time 2516000 ps
[ASSERT/ESD] ESD1: lane(s) not ±2 two cycles after TX_EN fall: got 491 @ 2516000
UVM_ERROR uvm_tb.sv(1312) @ 2524000: uvm_test_top.env.sb [SB/SYM] MISMATCH exp=db6 act=c96 ph=PH_ESD cycle=309
"uvm_tb.sv", 2372: pcs_tb_top.AST_ESD_EXACTLY2: started at 2500000ps failed at 2532000ps
	Offending '(!((((pcs_tb_top.dut_if.Dout[3] inside {3'b010, 3'b110}) && (pcs_tb_top.dut_if.Dout[2] inside {3'b010, 3'b110})) && (pcs_tb_top.dut_if.Dout[1] inside {3'b010, 3'b110})) && (pcs_tb_top.dut_if.Dout[0] inside {3'b010, 3'b110})))'
Error: "uvm_tb.sv", 2372: pcs_tb_top.AST_ESD_EXACTLY2: at time 2532000 ps
[ASSERT/ORDER] All-±2 output persists after ESD2 (stuck in ESD?) @ 2532000
UVM_ERROR uvm_tb.sv(1312) @ 2540000: uvm_test_top.env.sb [SB/SYM] MISMATCH exp=030 act=080 ph=PH_SDD cycle=311
"uvm_tb.sv", 2275: pcs_tb_top.AST_SDD1_NONZERO: started at 2540000ps failed at 2540000ps
	Offending '((((pcs_tb_top.dut_if.Dout[3] inside {3'b010, 3'b110}) && (pcs_tb_top.dut_if.Dout[2] inside {3'b010, 3'b110})) && (pcs_tb_top.dut_if.Dout[1] inside {3'b010, 3'b110})) && (pcs_tb_top.dut_if.Dout[0] inside {3'b010, 3'b110}))'
Error: "uvm_tb.sv", 2275: pcs_tb_top.AST_SDD1_NONZERO: at time 2540000 ps
[ASSERT/SDD] SDD1: lane(s) not ±2 at TX_EN rise: got 080 @ 2540000
"uvm_tb.sv", 2355: pcs_tb_top.AST_SDD_EXACTLY2: started at 2540000ps failed at 2556000ps
	Offending '(!((((pcs_tb_top.dut_if.Dout[3] inside {3'b010, 3'b110}) && (pcs_tb_top.dut_if.Dout[2] inside {3'b010, 3'b110})) && (pcs_tb_top.dut_if.Dout[1] inside {3'b010, 3'b110})) && (pcs_tb_top.dut_if.Dout[0] inside {3'b010, 3'b110})))'
Error: "uvm_tb.sv", 2355: pcs_tb_top.AST_SDD_EXACTLY2: at time 2556000 ps
[ASSERT/ORDER] All-±2 output persists after SDD2 (stuck in SDD?) @ 2556000
UVM_ERROR uvm_tb.sv(1312) @ 2564000: uvm_test_top.env.sb [SB/SYM] MISMATCH exp=590 act=580 ph=PH_CSR cycle=314
UVM_ERROR uvm_tb.sv(1312) @ 2588000: uvm_test_top.env.sb [SB/SYM] MISMATCH exp=db6 act=496 ph=PH_ESD cycle=317
"uvm_tb.sv", 2372: pcs_tb_top.AST_ESD_EXACTLY2: started at 2564000ps failed at 2596000ps
	Offending '(!((((pcs_tb_top.dut_if.Dout[3] inside {3'b010, 3'b110}) && (pcs_tb_top.dut_if.Dout[2] inside {3'b010, 3'b110})) && (pcs_tb_top.dut_if.Dout[1] inside {3'b010, 3'b110})) && (pcs_tb_top.dut_if.Dout[0] inside {3'b010, 3'b110})))'
Error: "uvm_tb.sv", 2372: pcs_tb_top.AST_ESD_EXACTLY2: at time 2596000 ps
[ASSERT/ORDER] All-±2 output persists after ESD2 (stuck in ESD?) @ 2596000
"uvm_tb.sv", 2355: pcs_tb_top.AST_SDD_EXACTLY2: started at 2588000ps failed at 2604000ps
	Offending '(!((((pcs_tb_top.dut_if.Dout[3] inside {3'b010, 3'b110}) && (pcs_tb_top.dut_if.Dout[2] inside {3'b010, 3'b110})) && (pcs_tb_top.dut_if.Dout[1] inside {3'b010, 3'b110})) && (pcs_tb_top.dut_if.Dout[0] inside {3'b010, 3'b110})))'
Error: "uvm_tb.sv", 2355: pcs_tb_top.AST_SDD_EXACTLY2: at time 2604000 ps
[ASSERT/ORDER] All-±2 output persists after SDD2 (stuck in SDD?) @ 2604000
UVM_ERROR uvm_tb.sv(1312) @ 2636000: uvm_test_top.env.sb [SB/SYM] MISMATCH exp=db6 act=d96 ph=PH_IDLE cycle=323
"uvm_tb.sv", 2372: pcs_tb_top.AST_ESD_EXACTLY2: started at 2612000ps failed at 2644000ps
	Offending '(!((((pcs_tb_top.dut_if.Dout[3] inside {3'b010, 3'b110}) && (pcs_tb_top.dut_if.Dout[2] inside {3'b010, 3'b110})) && (pcs_tb_top.dut_if.Dout[1] inside {3'b010, 3'b110})) && (pcs_tb_top.dut_if.Dout[0] inside {3'b010, 3'b110})))'
Error: "uvm_tb.sv", 2372: pcs_tb_top.AST_ESD_EXACTLY2: at time 2644000 ps
[ASSERT/ORDER] All-±2 output persists after ESD2 (stuck in ESD?) @ 2644000
UVM_ERROR uvm_tb.sv(1312) @ 2652000: uvm_test_top.env.sb [SB/SYM] MISMATCH exp=4b0 act=032 ph=PH_IDLE cycle=325
UVM_ERROR uvm_tb.sv(1312) @ 2660000: uvm_test_top.env.sb [SB/SYM] MISMATCH exp=036 act=180 ph=PH_IDLE cycle=326
UVM_ERROR uvm_tb.sv(1312) @ 2668000: uvm_test_top.env.sb [SB/SYM] MISMATCH exp=d80 act=1b2 ph=PH_IDLE cycle=327
UVM_ERROR uvm_tb.sv(1312) @ 2676000: uvm_test_top.env.sb [SB/SYM] MISMATCH exp=432 act=000 ph=PH_IDLE cycle=328
UVM_ERROR uvm_tb.sv(1312) @ 2684000: uvm_test_top.env.sb [SB/SYM] MISMATCH exp=180 act=006 ph=PH_SDD cycle=329
"uvm_tb.sv", 2275: pcs_tb_top.AST_SDD1_NONZERO: started at 2684000ps failed at 2684000ps
	Offending '((((pcs_tb_top.dut_if.Dout[3] inside {3'b010, 3'b110}) && (pcs_tb_top.dut_if.Dout[2] inside {3'b010, 3'b110})) && (pcs_tb_top.dut_if.Dout[1] inside {3'b010, 3'b110})) && (pcs_tb_top.dut_if.Dout[0] inside {3'b010, 3'b110}))'
Error: "uvm_tb.sv", 2275: pcs_tb_top.AST_SDD1_NONZERO: at time 2684000 ps
[ASSERT/SDD] SDD1: lane(s) not ±2 at TX_EN rise: got 006 @ 2684000
"uvm_tb.sv", 2355: pcs_tb_top.AST_SDD_EXACTLY2: started at 2684000ps failed at 2700000ps
	Offending '(!((((pcs_tb_top.dut_if.Dout[3] inside {3'b010, 3'b110}) && (pcs_tb_top.dut_if.Dout[2] inside {3'b010, 3'b110})) && (pcs_tb_top.dut_if.Dout[1] inside {3'b010, 3'b110})) && (pcs_tb_top.dut_if.Dout[0] inside {3'b010, 3'b110})))'
Error: "uvm_tb.sv", 2355: pcs_tb_top.AST_SDD_EXACTLY2: at time 2700000 ps
[ASSERT/ORDER] All-±2 output persists after SDD2 (stuck in SDD?) @ 2700000
UVM_ERROR uvm_tb.sv(1312) @ 2708000: uvm_test_top.env.sb [SB/SYM] MISMATCH exp=cb6 act=c80 ph=PH_DATA cycle=332
UVM_ERROR uvm_tb.sv(1312) @ 2716000: uvm_test_top.env.sb [SB/SYM] MISMATCH exp=182 act=192 ph=PH_DATA cycle=333
UVM_ERROR uvm_tb.sv(1312) @ 2724000: uvm_test_top.env.sb [SB/SYM] MISMATCH exp=38e act=3b8 ph=PH_DATA cycle=334
UVM_ERROR uvm_tb.sv(1312) @ 2732000: uvm_test_top.env.sb [SB/SYM] MISMATCH exp=e41 act=3d0 ph=PH_DATA cycle=335
UVM_ERROR uvm_tb.sv(1312) @ 2740000: uvm_test_top.env.sb [SB/SYM] MISMATCH exp=406 act=412 ph=PH_DATA cycle=336
UVM_ERROR uvm_tb.sv(1312) @ 2748000: uvm_test_top.env.sb [SB/SYM] MISMATCH exp=3c0 act=ff2 ph=PH_CSR cycle=337
UVM_ERROR uvm_tb.sv(1312) @ 2756000: uvm_test_top.env.sb [SB/SYM] MISMATCH exp=c96 act=c72 ph=PH_CSR cycle=338
UVM_ERROR uvm_tb.sv(1312) @ 2764000: uvm_test_top.env.sb [SB/SYM] MISMATCH exp=c96 act=4b7 ph=PH_ESD cycle=339
"uvm_tb.sv", 2305: pcs_tb_top.AST_ESD1_NONZERO: started at 2748000ps failed at 2764000ps
	Offending '((((pcs_tb_top.dut_if.Dout[3] inside {3'b010, 3'b110}) && (pcs_tb_top.dut_if.Dout[2] inside {3'b010, 3'b110})) && (pcs_tb_top.dut_if.Dout[1] inside {3'b010, 3'b110})) && (pcs_tb_top.dut_if.Dout[0] inside {3'b010, 3'b110}))'
Error: "uvm_tb.sv", 2305: pcs_tb_top.AST_ESD1_NONZERO: at time 2764000 ps
[ASSERT/ESD] ESD1: lane(s) not ±2 two cycles after TX_EN fall: got 4b7 @ 2764000
UVM_ERROR uvm_tb.sv(1312) @ 2772000: uvm_test_top.env.sb [SB/SYM] MISMATCH exp=db6 act=592 ph=PH_ESD cycle=340
"uvm_tb.sv", 2372: pcs_tb_top.AST_ESD_EXACTLY2: started at 2748000ps failed at 2780000ps
	Offending '(!((((pcs_tb_top.dut_if.Dout[3] inside {3'b010, 3'b110}) && (pcs_tb_top.dut_if.Dout[2] inside {3'b010, 3'b110})) && (pcs_tb_top.dut_if.Dout[1] inside {3'b010, 3'b110})) && (pcs_tb_top.dut_if.Dout[0] inside {3'b010, 3'b110})))'
Error: "uvm_tb.sv", 2372: pcs_tb_top.AST_ESD_EXACTLY2: at time 2780000 ps
[ASSERT/ORDER] All-±2 output persists after ESD2 (stuck in ESD?) @ 2780000
UVM_ERROR uvm_tb.sv(1312) @ 2788000: uvm_test_top.env.sb [SB/SYM] MISMATCH exp=4b0 act=000 ph=PH_IDLE cycle=342
UVM_ERROR uvm_tb.sv(1312) @ 2796000: uvm_test_top.env.sb [SB/SYM] MISMATCH exp=002 act=000 ph=PH_IDLE cycle=343
UVM_ERROR uvm_tb.sv(1312) @ 2804000: uvm_test_top.env.sb [SB/SYM] MISMATCH exp=c02 act=1b2 ph=PH_IDLE cycle=344
UVM_ERROR uvm_tb.sv(1312) @ 2812000: uvm_test_top.env.sb [SB/SYM] MISMATCH exp=c90 act=080 ph=PH_SDD cycle=345
"uvm_tb.sv", 2275: pcs_tb_top.AST_SDD1_NONZERO: started at 2812000ps failed at 2812000ps
	Offending '((((pcs_tb_top.dut_if.Dout[3] inside {3'b010, 3'b110}) && (pcs_tb_top.dut_if.Dout[2] inside {3'b010, 3'b110})) && (pcs_tb_top.dut_if.Dout[1] inside {3'b010, 3'b110})) && (pcs_tb_top.dut_if.Dout[0] inside {3'b010, 3'b110}))'
Error: "uvm_tb.sv", 2275: pcs_tb_top.AST_SDD1_NONZERO: at time 2812000 ps
[ASSERT/SDD] SDD1: lane(s) not ±2 at TX_EN rise: got 080 @ 2812000
"uvm_tb.sv", 2355: pcs_tb_top.AST_SDD_EXACTLY2: started at 2812000ps failed at 2828000ps
	Offending '(!((((pcs_tb_top.dut_if.Dout[3] inside {3'b010, 3'b110}) && (pcs_tb_top.dut_if.Dout[2] inside {3'b010, 3'b110})) && (pcs_tb_top.dut_if.Dout[1] inside {3'b010, 3'b110})) && (pcs_tb_top.dut_if.Dout[0] inside {3'b010, 3'b110})))'
Error: "uvm_tb.sv", 2355: pcs_tb_top.AST_SDD_EXACTLY2: at time 2828000 ps
[ASSERT/ORDER] All-±2 output persists after SDD2 (stuck in SDD?) @ 2828000
UVM_ERROR uvm_tb.sv(1312) @ 2844000: uvm_test_top.env.sb [SB/SYM] MISMATCH exp=dc7 act=df1 ph=PH_CSR cycle=349
UVM_ERROR uvm_tb.sv(1312) @ 2852000: uvm_test_top.env.sb [SB/SYM] MISMATCH exp=fb6 act=e8e ph=PH_CSR cycle=350
UVM_ERROR uvm_tb.sv(1312) @ 2860000: uvm_test_top.env.sb [SB/SYM] MISMATCH exp=d89 act=591 ph=PH_ESD cycle=351
"uvm_tb.sv", 2305: pcs_tb_top.AST_ESD1_NONZERO: started at 2844000ps failed at 2860000ps
	Offending '((((pcs_tb_top.dut_if.Dout[3] inside {3'b010, 3'b110}) && (pcs_tb_top.dut_if.Dout[2] inside {3'b010, 3'b110})) && (pcs_tb_top.dut_if.Dout[1] inside {3'b010, 3'b110})) && (pcs_tb_top.dut_if.Dout[0] inside {3'b010, 3'b110}))'
Error: "uvm_tb.sv", 2305: pcs_tb_top.AST_ESD1_NONZERO: at time 2860000 ps
[ASSERT/ESD] ESD1: lane(s) not ±2 two cycles after TX_EN fall: got 591 @ 2860000
UVM_ERROR uvm_tb.sv(1312) @ 2868000: uvm_test_top.env.sb [SB/SYM] MISMATCH exp=db6 act=5b6 ph=PH_ESD cycle=352
"uvm_tb.sv", 2372: pcs_tb_top.AST_ESD_EXACTLY2: started at 2844000ps failed at 2876000ps
	Offending '(!((((pcs_tb_top.dut_if.Dout[3] inside {3'b010, 3'b110}) && (pcs_tb_top.dut_if.Dout[2] inside {3'b010, 3'b110})) && (pcs_tb_top.dut_if.Dout[1] inside {3'b010, 3'b110})) && (pcs_tb_top.dut_if.Dout[0] inside {3'b010, 3'b110})))'
Error: "uvm_tb.sv", 2372: pcs_tb_top.AST_ESD_EXACTLY2: at time 2876000 ps
[ASSERT/ORDER] All-±2 output persists after ESD2 (stuck in ESD?) @ 2876000
UVM_ERROR uvm_tb.sv(1312) @ 2884000: uvm_test_top.env.sb [SB/SYM] MISMATCH exp=010 act=090 ph=PH_IDLE cycle=354
UVM_ERROR uvm_tb.sv(1312) @ 2892000: uvm_test_top.env.sb [SB/SYM] MISMATCH exp=c86 act=000 ph=PH_IDLE cycle=355
UVM_ERROR uvm_tb.sv(1312) @ 2900000: uvm_test_top.env.sb [SB/SYM] MISMATCH exp=000 act=096 ph=PH_IDLE cycle=356
UVM_ERROR uvm_tb.sv(1312) @ 2908000: uvm_test_top.env.sb [SB/SYM] MISMATCH exp=d92 act=180 ph=PH_SDD cycle=357
"uvm_tb.sv", 2275: pcs_tb_top.AST_SDD1_NONZERO: started at 2908000ps failed at 2908000ps
	Offending '((((pcs_tb_top.dut_if.Dout[3] inside {3'b010, 3'b110}) && (pcs_tb_top.dut_if.Dout[2] inside {3'b010, 3'b110})) && (pcs_tb_top.dut_if.Dout[1] inside {3'b010, 3'b110})) && (pcs_tb_top.dut_if.Dout[0] inside {3'b010, 3'b110}))'
Error: "uvm_tb.sv", 2275: pcs_tb_top.AST_SDD1_NONZERO: at time 2908000 ps
[ASSERT/SDD] SDD1: lane(s) not ±2 at TX_EN rise: got 180 @ 2908000
"uvm_tb.sv", 2355: pcs_tb_top.AST_SDD_EXACTLY2: started at 2908000ps failed at 2924000ps
	Offending '(!((((pcs_tb_top.dut_if.Dout[3] inside {3'b010, 3'b110}) && (pcs_tb_top.dut_if.Dout[2] inside {3'b010, 3'b110})) && (pcs_tb_top.dut_if.Dout[1] inside {3'b010, 3'b110})) && (pcs_tb_top.dut_if.Dout[0] inside {3'b010, 3'b110})))'
Error: "uvm_tb.sv", 2355: pcs_tb_top.AST_SDD_EXACTLY2: at time 2924000 ps
[ASSERT/ORDER] All-±2 output persists after SDD2 (stuck in SDD?) @ 2924000
UVM_ERROR uvm_tb.sv(1312) @ 2932000: uvm_test_top.env.sb [SB/SYM] MISMATCH exp=000 act=186 ph=PH_DATA cycle=360
UVM_ERROR uvm_tb.sv(1312) @ 2940000: uvm_test_top.env.sb [SB/SYM] MISMATCH exp=077 act=1f7 ph=PH_DATA cycle=361
UVM_ERROR uvm_tb.sv(1312) @ 2948000: uvm_test_top.env.sb [SB/SYM] MISMATCH exp=3f7 act=d89 ph=PH_DATA cycle=362
UVM_ERROR uvm_tb.sv(1312) @ 2956000: uvm_test_top.env.sb [SB/SYM] MISMATCH exp=5c7 act=dd6 ph=PH_DATA cycle=363
UVM_ERROR uvm_tb.sv(1312) @ 2964000: uvm_test_top.env.sb [SB/SYM] MISMATCH exp=3ca act=fff ph=PH_CSR cycle=364
UVM_ERROR uvm_tb.sv(1312) @ 2972000: uvm_test_top.env.sb [SB/SYM] MISMATCH exp=d89 act=5b1 ph=PH_CSR cycle=365
UVM_ERROR uvm_tb.sv(1312) @ 2980000: uvm_test_top.env.sb [SB/SYM] MISMATCH exp=c96 act=5b6 ph=PH_ESD cycle=366
UVM_ERROR uvm_tb.sv(1312) @ 2988000: uvm_test_top.env.sb [SB/SYM] MISMATCH exp=db6 act=c92 ph=PH_ESD cycle=367
"uvm_tb.sv", 2372: pcs_tb_top.AST_ESD_EXACTLY2: started at 2964000ps failed at 2996000ps
	Offending '(!((((pcs_tb_top.dut_if.Dout[3] inside {3'b010, 3'b110}) && (pcs_tb_top.dut_if.Dout[2] inside {3'b010, 3'b110})) && (pcs_tb_top.dut_if.Dout[1] inside {3'b010, 3'b110})) && (pcs_tb_top.dut_if.Dout[0] inside {3'b010, 3'b110})))'
Error: "uvm_tb.sv", 2372: pcs_tb_top.AST_ESD_EXACTLY2: at time 2996000 ps
[ASSERT/ORDER] All-±2 output persists after ESD2 (stuck in ESD?) @ 2996000
UVM_ERROR uvm_tb.sv(1312) @ 3004000: uvm_test_top.env.sb [SB/SYM] MISMATCH exp=080 act=090 ph=PH_IDLE cycle=369
UVM_ERROR uvm_tb.sv(1312) @ 3012000: uvm_test_top.env.sb [SB/SYM] MISMATCH exp=090 act=006 ph=PH_SDD cycle=370
"uvm_tb.sv", 2275: pcs_tb_top.AST_SDD1_NONZERO: started at 3012000ps failed at 3012000ps
	Offending '((((pcs_tb_top.dut_if.Dout[3] inside {3'b010, 3'b110}) && (pcs_tb_top.dut_if.Dout[2] inside {3'b010, 3'b110})) && (pcs_tb_top.dut_if.Dout[1] inside {3'b010, 3'b110})) && (pcs_tb_top.dut_if.Dout[0] inside {3'b010, 3'b110}))'
Error: "uvm_tb.sv", 2275: pcs_tb_top.AST_SDD1_NONZERO: at time 3012000 ps
[ASSERT/SDD] SDD1: lane(s) not ±2 at TX_EN rise: got 006 @ 3012000
"uvm_tb.sv", 2355: pcs_tb_top.AST_SDD_EXACTLY2: started at 3012000ps failed at 3028000ps
	Offending '(!((((pcs_tb_top.dut_if.Dout[3] inside {3'b010, 3'b110}) && (pcs_tb_top.dut_if.Dout[2] inside {3'b010, 3'b110})) && (pcs_tb_top.dut_if.Dout[1] inside {3'b010, 3'b110})) && (pcs_tb_top.dut_if.Dout[0] inside {3'b010, 3'b110})))'
Error: "uvm_tb.sv", 2355: pcs_tb_top.AST_SDD_EXACTLY2: at time 3028000 ps
[ASSERT/ORDER] All-±2 output persists after SDD2 (stuck in SDD?) @ 3028000
UVM_ERROR uvm_tb.sv(1312) @ 3044000: uvm_test_top.env.sb [SB/SYM] MISMATCH exp=211 act=387 ph=PH_DATA cycle=374
UVM_ERROR uvm_tb.sv(1312) @ 3052000: uvm_test_top.env.sb [SB/SYM] MISMATCH exp=e52 act=e51 ph=PH_DATA cycle=375
UVM_ERROR uvm_tb.sv(1312) @ 3060000: uvm_test_top.env.sb [SB/SYM] MISMATCH exp=dca act=e17 ph=PH_DATA cycle=376
UVM_ERROR uvm_tb.sv(1312) @ 3068000: uvm_test_top.env.sb [SB/SYM] MISMATCH exp=e17 act=390 ph=PH_DATA cycle=377
UVM_ERROR uvm_tb.sv(1312) @ 3076000: uvm_test_top.env.sb [SB/SYM] MISMATCH exp=c49 act=e97 ph=PH_DATA cycle=378
UVM_ERROR uvm_tb.sv(1312) @ 3084000: uvm_test_top.env.sb [SB/SYM] MISMATCH exp=c0a act=3f7 ph=PH_DATA cycle=379
UVM_ERROR uvm_tb.sv(1312) @ 3092000: uvm_test_top.env.sb [SB/SYM] MISMATCH exp=e88 act=389 ph=PH_CSR cycle=380
UVM_ERROR uvm_tb.sv(1312) @ 3100000: uvm_test_top.env.sb [SB/SYM] MISMATCH exp=c96 act=c76 ph=PH_CSR cycle=381
UVM_ERROR uvm_tb.sv(1312) @ 3108000: uvm_test_top.env.sb [SB/SYM] MISMATCH exp=c96 act=4b1 ph=PH_ESD cycle=382
"uvm_tb.sv", 2305: pcs_tb_top.AST_ESD1_NONZERO: started at 3092000ps failed at 3108000ps
	Offending '((((pcs_tb_top.dut_if.Dout[3] inside {3'b010, 3'b110}) && (pcs_tb_top.dut_if.Dout[2] inside {3'b010, 3'b110})) && (pcs_tb_top.dut_if.Dout[1] inside {3'b010, 3'b110})) && (pcs_tb_top.dut_if.Dout[0] inside {3'b010, 3'b110}))'
Error: "uvm_tb.sv", 2305: pcs_tb_top.AST_ESD1_NONZERO: at time 3108000 ps
[ASSERT/ESD] ESD1: lane(s) not ±2 two cycles after TX_EN fall: got 4b1 @ 3108000
UVM_ERROR uvm_tb.sv(1312) @ 3116000: uvm_test_top.env.sb [SB/SYM] MISMATCH exp=db6 act=4b2 ph=PH_ESD cycle=383
"uvm_tb.sv", 2372: pcs_tb_top.AST_ESD_EXACTLY2: started at 3092000ps failed at 3124000ps
	Offending '(!((((pcs_tb_top.dut_if.Dout[3] inside {3'b010, 3'b110}) && (pcs_tb_top.dut_if.Dout[2] inside {3'b010, 3'b110})) && (pcs_tb_top.dut_if.Dout[1] inside {3'b010, 3'b110})) && (pcs_tb_top.dut_if.Dout[0] inside {3'b010, 3'b110})))'
Error: "uvm_tb.sv", 2372: pcs_tb_top.AST_ESD_EXACTLY2: at time 3124000 ps
[ASSERT/ORDER] All-±2 output persists after ESD2 (stuck in ESD?) @ 3124000
UVM_ERROR uvm_tb.sv(1312) @ 3132000: uvm_test_top.env.sb [SB/SYM] MISMATCH exp=0b2 act=030 ph=PH_IDLE cycle=385
UVM_ERROR uvm_tb.sv(1312) @ 3148000: uvm_test_top.env.sb [SB/SYM] MISMATCH exp=030 act=0b0 ph=PH_SDD cycle=387
"uvm_tb.sv", 2275: pcs_tb_top.AST_SDD1_NONZERO: started at 3148000ps failed at 3148000ps
	Offending '((((pcs_tb_top.dut_if.Dout[3] inside {3'b010, 3'b110}) && (pcs_tb_top.dut_if.Dout[2] inside {3'b010, 3'b110})) && (pcs_tb_top.dut_if.Dout[1] inside {3'b010, 3'b110})) && (pcs_tb_top.dut_if.Dout[0] inside {3'b010, 3'b110}))'
Error: "uvm_tb.sv", 2275: pcs_tb_top.AST_SDD1_NONZERO: at time 3148000 ps
[ASSERT/SDD] SDD1: lane(s) not ±2 at TX_EN rise: got 0b0 @ 3148000
"uvm_tb.sv", 2355: pcs_tb_top.AST_SDD_EXACTLY2: started at 3148000ps failed at 3164000ps
	Offending '(!((((pcs_tb_top.dut_if.Dout[3] inside {3'b010, 3'b110}) && (pcs_tb_top.dut_if.Dout[2] inside {3'b010, 3'b110})) && (pcs_tb_top.dut_if.Dout[1] inside {3'b010, 3'b110})) && (pcs_tb_top.dut_if.Dout[0] inside {3'b010, 3'b110})))'
Error: "uvm_tb.sv", 2355: pcs_tb_top.AST_SDD_EXACTLY2: at time 3164000 ps
[ASSERT/ORDER] All-±2 output persists after SDD2 (stuck in SDD?) @ 3164000
UVM_ERROR uvm_tb.sv(1312) @ 3180000: uvm_test_top.env.sb [SB/SYM] MISMATCH exp=238 act=288 ph=PH_DATA cycle=391
UVM_ERROR uvm_tb.sv(1312) @ 3188000: uvm_test_top.env.sb [SB/SYM] MISMATCH exp=1d6 act=1d7 ph=PH_DATA cycle=392
UVM_ERROR uvm_tb.sv(1312) @ 3196000: uvm_test_top.env.sb [SB/SYM] MISMATCH exp=4b2 act=c32 ph=PH_DATA cycle=393
UVM_ERROR uvm_tb.sv(1312) @ 3204000: uvm_test_top.env.sb [SB/SYM] MISMATCH exp=5b8 act=48e ph=PH_DATA cycle=394
UVM_ERROR uvm_tb.sv(1312) @ 3212000: uvm_test_top.env.sb [SB/SYM] MISMATCH exp=f91 act=296 ph=PH_DATA cycle=395
UVM_ERROR uvm_tb.sv(1312) @ 3220000: uvm_test_top.env.sb [SB/SYM] MISMATCH exp=48f act=c0f ph=PH_DATA cycle=396
UVM_ERROR uvm_tb.sv(1312) @ 3228000: uvm_test_top.env.sb [SB/SYM] MISMATCH exp=079 act=1c8 ph=PH_CSR cycle=397
UVM_ERROR uvm_tb.sv(1312) @ 3236000: uvm_test_top.env.sb [SB/SYM] MISMATCH exp=38e act=591 ph=PH_CSR cycle=398
UVM_ERROR uvm_tb.sv(1312) @ 3244000: uvm_test_top.env.sb [SB/SYM] MISMATCH exp=c96 act=d92 ph=PH_ESD cycle=399
UVM_ERROR uvm_tb.sv(1312) @ 3252000: uvm_test_top.env.sb [SB/SYM] MISMATCH exp=db6 act=d96 ph=PH_ESD cycle=400
"uvm_tb.sv", 2372: pcs_tb_top.AST_ESD_EXACTLY2: started at 3228000ps failed at 3260000ps
	Offending '(!((((pcs_tb_top.dut_if.Dout[3] inside {3'b010, 3'b110}) && (pcs_tb_top.dut_if.Dout[2] inside {3'b010, 3'b110})) && (pcs_tb_top.dut_if.Dout[1] inside {3'b010, 3'b110})) && (pcs_tb_top.dut_if.Dout[0] inside {3'b010, 3'b110})))'
Error: "uvm_tb.sv", 2372: pcs_tb_top.AST_ESD_EXACTLY2: at time 3260000 ps
[ASSERT/ORDER] All-±2 output persists after ESD2 (stuck in ESD?) @ 3260000
UVM_ERROR uvm_tb.sv(1312) @ 3276000: uvm_test_top.env.sb [SB/SYM] MISMATCH exp=080 act=090 ph=PH_IDLE cycle=403
UVM_ERROR uvm_tb.sv(1312) @ 3292000: uvm_test_top.env.sb [SB/SYM] MISMATCH exp=cb0 act=036 ph=PH_IDLE cycle=405
UVM_ERROR uvm_tb.sv(1312) @ 3300000: uvm_test_top.env.sb [SB/SYM] MISMATCH exp=010 act=080 ph=PH_IDLE cycle=406
UVM_ERROR uvm_tb.sv(1312) @ 3308000: uvm_test_top.env.sb [SB/SYM] MISMATCH exp=182 act=030 ph=PH_IDLE cycle=407
UVM_ERROR uvm_tb.sv(1312) @ 3316000: uvm_test_top.env.sb [SB/SYM] MISMATCH exp=c00 act=086 ph=PH_IDLE cycle=408
UVM_ERROR uvm_tb.sv(1312) @ 3324000: uvm_test_top.env.sb [SB/SYM] MISMATCH exp=1b2 act=030 ph=PH_IDLE cycle=409
UVM_ERROR uvm_tb.sv(1312) @ 3332000: uvm_test_top.env.sb [SB/SYM] MISMATCH exp=1b2 act=182 ph=PH_IDLE cycle=410
UVM_ERROR uvm_tb.sv(1312) @ 3340000: uvm_test_top.env.sb [SB/SYM] MISMATCH exp=c00 act=030 ph=PH_IDLE cycle=411
UVM_ERROR uvm_tb.sv(1312) @ 3348000: uvm_test_top.env.sb [SB/SYM] MISMATCH exp=1b0 act=186 ph=PH_IDLE cycle=412
UVM_ERROR uvm_tb.sv(1312) @ 3356000: uvm_test_top.env.sb [SB/SYM] MISMATCH exp=406 act=016 ph=PH_IDLE cycle=413
UVM_ERROR uvm_tb.sv(1312) @ 3364000: uvm_test_top.env.sb [SB/SYM] MISMATCH exp=032 act=180 ph=PH_IDLE cycle=414
UVM_ERROR uvm_tb.sv(1312) @ 3372000: uvm_test_top.env.sb [SB/SYM] MISMATCH exp=080 act=0b6 ph=PH_IDLE cycle=415
UVM_ERROR uvm_tb.sv(1312) @ 3380000: uvm_test_top.env.sb [SB/SYM] MISMATCH exp=0b0 act=000 ph=PH_IDLE cycle=416
UVM_ERROR uvm_tb.sv(1312) @ 3388000: uvm_test_top.env.sb [SB/SYM] MISMATCH exp=c06 act=186 ph=PH_IDLE cycle=417
UVM_ERROR uvm_tb.sv(1312) @ 3396000: uvm_test_top.env.sb [SB/SYM] MISMATCH exp=c96 act=010 ph=PH_IDLE cycle=418
UVM_ERROR uvm_tb.sv(1312) @ 3404000: uvm_test_top.env.sb [SB/SYM] MISMATCH exp=000 act=036 ph=PH_IDLE cycle=419
UVM_ERROR uvm_tb.sv(1312) @ 3412000: uvm_test_top.env.sb [SB/SYM] MISMATCH exp=030 act=080 ph=PH_IDLE cycle=420
UVM_INFO /home/morris/uvm-1.2/src/base/uvm_objection.svh(1270) @ 3420000: reporter [TEST_DONE] 'run' phase is ready to proceed to the 'extract' phase
UVM_INFO uvm_tb.sv(1645) @ 3420000: uvm_test_top.env.cov [COV] ======= COVERAGE =======
UVM_INFO uvm_tb.sv(1647) @ 3420000: uvm_test_top.env.cov [COV]   stream_phase : 100.0%
UVM_INFO uvm_tb.sv(1649) @ 3420000: uvm_test_top.env.cov [COV]   pam5_sym     : 100.0%
UVM_INFO uvm_tb.sv(1651) @ 3420000: uvm_test_top.env.cov [COV]   sign_reversal: 100.0%
UVM_INFO uvm_tb.sv(1653) @ 3420000: uvm_test_top.env.cov [COV]   sdd_pattern  : 50.0%
UVM_INFO uvm_tb.sv(1655) @ 3420000: uvm_test_top.env.cov [COV]   esd_pattern  : 100.0%
UVM_INFO uvm_tb.sv(1657) @ 3420000: uvm_test_top.env.cov [COV]   phase_trans  : 100.0%
UVM_INFO uvm_tb.sv(1660) @ 3420000: uvm_test_top.env.cov [COV]   txen_edges   : 100.0%
UVM_INFO uvm_tb.sv(1662) @ 3420000: uvm_test_top.env.cov [COV]   din_ranges   : 100.0%
UVM_INFO uvm_tb.sv(1664) @ 3420000: uvm_test_top.env.cov [COV]   din7_data    : 100.0%
UVM_INFO uvm_tb.sv(1666) @ 3420000: uvm_test_top.env.cov [COV]   csr_patterns : 12.5%
UVM_INFO uvm_tb.sv(1668) @ 3420000: uvm_test_top.env.cov [COV]   esd_mismatch : 100.0%
UVM_INFO uvm_tb.sv(1670) @ 3420000: uvm_test_top.env.cov [COV]   pkt_length   : 100.0%
UVM_INFO uvm_tb.sv(1672) @ 3420000: uvm_test_top.env.cov [COV]   b2b_trans    : 100.0%
UVM_INFO uvm_tb.sv(1674) @ 3420000: uvm_test_top.env.cov [COV]   txen_x_din7  : 100.0%
UVM_INFO uvm_tb.sv(1676) @ 3420000: uvm_test_top.env.cov [COV] ========================
UVM_INFO uvm_tb.sv(1322) @ 3420000: uvm_test_top.env.sb [SB] ============ SCOREBOARD ============
UVM_INFO uvm_tb.sv(1323) @ 3420000: uvm_test_top.env.sb [SB]   Total   : 420
UVM_INFO uvm_tb.sv(1324) @ 3420000: uvm_test_top.env.sb [SB]   Passed  : 510
UVM_INFO uvm_tb.sv(1325) @ 3420000: uvm_test_top.env.sb [SB]   Failed  : 304
UVM_INFO uvm_tb.sv(1326) @ 3420000: uvm_test_top.env.sb [SB]   PAM5 err: 0
UVM_INFO uvm_tb.sv(1327) @ 3420000: uvm_test_top.env.sb [SB]   Seq  err: 0
UVM_INFO uvm_tb.sv(1328) @ 3420000: uvm_test_top.env.sb [SB]   Sym  err: 304
UVM_ERROR uvm_tb.sv(1332) @ 3420000: uvm_test_top.env.sb [SB]   *** 304 FAILURES ***
UVM_INFO uvm_tb.sv(1333) @ 3420000: uvm_test_top.env.sb [SB] ====================================
UVM_INFO /home/morris/uvm-1.2/src/base/uvm_report_server.svh(847) @ 3420000: reporter [UVM/REPORT/SERVER] 
--- UVM Report Summary ---

** Report counts by severity
UVM_INFO :   28
UVM_WARNING :    0
UVM_ERROR :  305
UVM_FATAL :    0
** Report counts by id
[COV]    16
[RNTST]     1
[SB]     9
[SB/SYM]   304
[TEST]     1
[TEST_DONE]     1
[UVM/RELNOTES]     1

$finish called from file "/home/morris/uvm-1.2/src/base/uvm_root.svh", line 517.
$finish at simulation time              3420000

---------------------------------------------------------------------------
VCS Coverage Metrics: during simulation line, cond, FSM, branch, tgl was monitored
---------------------------------------------------------------------------

 Coverage status: End of All Coverages ...

           V C S   S i m u l a t i o n   R e p o r t 
Time: 3420000 ps
CPU Time:      0.460 seconds;       Data structure size:   0.3Mb
Mon May 11 15:57:24 2026

========================================================
  SCOREBOARD
========================================================
UVM_INFO uvm_tb.sv(1323) @ 3420000: uvm_test_top.env.sb [SB]   Total   : 420
UVM_INFO uvm_tb.sv(1324) @ 3420000: uvm_test_top.env.sb [SB]   Passed  : 510
UVM_INFO uvm_tb.sv(1325) @ 3420000: uvm_test_top.env.sb [SB]   Failed  : 304
UVM_INFO uvm_tb.sv(1326) @ 3420000: uvm_test_top.env.sb [SB]   PAM5 err: 0
UVM_INFO uvm_tb.sv(1327) @ 3420000: uvm_test_top.env.sb [SB]   Seq  err: 0
UVM_INFO uvm_tb.sv(1328) @ 3420000: uvm_test_top.env.sb [SB]   Sym  err: 304
UVM_ERROR uvm_tb.sv(1332) @ 3420000: uvm_test_top.env.sb [SB]   *** 304 FAILURES ***

========================================================
  COVERAGE
========================================================
UVM_INFO uvm_tb.sv(1647) @ 3420000: uvm_test_top.env.cov [COV]   stream_phase : 100.0%
UVM_INFO uvm_tb.sv(1649) @ 3420000: uvm_test_top.env.cov [COV]   pam5_sym     : 100.0%
UVM_INFO uvm_tb.sv(1651) @ 3420000: uvm_test_top.env.cov [COV]   sign_reversal: 100.0%
UVM_INFO uvm_tb.sv(1653) @ 3420000: uvm_test_top.env.cov [COV]   sdd_pattern  : 50.0%
UVM_INFO uvm_tb.sv(1655) @ 3420000: uvm_test_top.env.cov [COV]   esd_pattern  : 100.0%
UVM_INFO uvm_tb.sv(1657) @ 3420000: uvm_test_top.env.cov [COV]   phase_trans  : 100.0%
UVM_INFO uvm_tb.sv(1660) @ 3420000: uvm_test_top.env.cov [COV]   txen_edges   : 100.0%
UVM_INFO uvm_tb.sv(1662) @ 3420000: uvm_test_top.env.cov [COV]   din_ranges   : 100.0%
UVM_INFO uvm_tb.sv(1664) @ 3420000: uvm_test_top.env.cov [COV]   din7_data    : 100.0%
UVM_INFO uvm_tb.sv(1666) @ 3420000: uvm_test_top.env.cov [COV]   csr_patterns : 12.5%
UVM_INFO uvm_tb.sv(1668) @ 3420000: uvm_test_top.env.cov [COV]   esd_mismatch : 100.0%
UVM_INFO uvm_tb.sv(1670) @ 3420000: uvm_test_top.env.cov [COV]   pkt_length   : 100.0%
UVM_INFO uvm_tb.sv(1672) @ 3420000: uvm_test_top.env.cov [COV]   b2b_trans    : 100.0%
UVM_INFO uvm_tb.sv(1674) @ 3420000: uvm_test_top.env.cov [COV]   txen_x_din7  : 100.0%

  Log     : sim_pcs_rand_test.log
  Coverage: coverage.vdb/
========================================================
  STATUS: PASSED -- pcs_rand_test

========================================================
  RUNNING: pcs_b2b_test
========================================================

========================================================
  Test : pcs_b2b_test
  Files: DUTS26_0.sv uvm_tb.sv
========================================================
=== Compiling ===
/apps/synopsys/vcs_2023/vcs/U-2023.03-SP2-8/bin/vcs: line 3860: lsb_release: command not found

Warning-[LNX_OS_VERUN] Unsupported Linux version
  Linux version 'Red Hat Enterprise Linux release 9.6 (Plow)' is not supported
  on 'x86_64' officially, assuming linux compatibility by default. Set 
  VCS_ARCH_OVERRIDE to linux or suse32 to override.
  Please refer to release notes for information on supported platforms.

                         Chronologic VCS (TM)
      Version U-2023.03-SP2-8_Full64 -- Mon May 11 15:57:25 2026

                    Copyright (c) 1991 - 2024 Synopsys, Inc.
   This software and the associated documentation are proprietary to Synopsys,
 Inc. This software may only be used in accordance with the terms and conditions
 of a written license agreement with Synopsys, Inc. All other use, reproduction,
   or distribution of this software is strictly prohibited.  Licensed Products
     communicate with Synopsys servers for the purpose of providing software
    updates, detecting software piracy and verifying that customers are using
    Licensed Products in conformity with the applicable License Key for such
  Licensed Products. Synopsys will use information gathered in connection with
    this process to deliver software updates and pursue software pirates and
                                   infringers.

 Inclusivity & Diversity - Visit SolvNetPlus to read the "Synopsys Statement on
            Inclusivity and Diversity" (Refer to article 000036315 at
                        https://solvnetplus.synopsys.com)

The design hasn't changed and need not be recompiled. 
If you really want to, delete file simv.daidir/.vcs.timestamp and
run VCS again.

=== Compile OK ===
=== Simulating: pcs_b2b_test ===
Info: [VCS_SAVE_RESTORE_INFO] ASLR (Address Space Layout Randomization) is detected on the machine. To enable $save functionality, ASLR will be switched off and simv re-executed.
Please use '-no_save' simv switch to avoid re-execution or '-suppress=ASLR_DETECTED_INFO' to suppress this message.
Chronologic VCS simulator copyright 1991-2023
Contains Synopsys proprietary information.
Compiler version U-2023.03-SP2-8_Full64; Runtime version U-2023.03-SP2-8_Full64;  May 11 15:57 2026
UVM_INFO /home/morris/uvm-1.2/src/base/uvm_root.svh(392) @ 0: reporter [UVM/RELNOTES] 
----------------------------------------------------------------
UVM-1.2
(C) 2007-2014 Mentor Graphics Corporation
(C) 2007-2014 Cadence Design Systems, Inc.
(C) 2006-2014 Synopsys, Inc.
(C) 2011-2013 Cypress Semiconductor Corp.
(C) 2013-2014 NVIDIA Corporation
----------------------------------------------------------------

  ***********       IMPORTANT RELEASE NOTES         ************

  You are using a version of the UVM library that has been compiled
  with `UVM_NO_DEPRECATED undefined.
  See http://www.eda.org/svdb/view.php?id=3313 for more details.

  You are using a version of the UVM library that has been compiled
  with `UVM_OBJECT_DO_NOT_NEED_CONSTRUCTOR undefined.
  See http://www.eda.org/svdb/view.php?id=3770 for more details.

      (Specify +UVM_NO_RELNOTES to turn off this notice)


 VCS Coverage Metrics Release U-2023.03-SP2-8_Full64 Copyright (c) 1991-2023 by Synopsys Inc.
UVM_INFO @ 0: reporter [RNTST] Running test pcs_b2b_test...
UVM_INFO uvm_tb.sv(1972) @ 0: uvm_test_top [TEST] === BACK-TO-BACK TEST ===
UVM_FATAL @ 0: reporter@@seq [SEQ] neither the item's sequencer nor dedicated sequencer has been supplied to start item in seq
UVM_INFO /home/morris/uvm-1.2/src/base/uvm_report_server.svh(847) @ 0: reporter [UVM/REPORT/SERVER] 
--- UVM Report Summary ---

** Report counts by severity
UVM_INFO :    3
UVM_WARNING :    0
UVM_ERROR :    0
UVM_FATAL :    1
** Report counts by id
[RNTST]     1
[SEQ]     1
[TEST]     1
[UVM/RELNOTES]     1

$finish called from file "/home/morris/uvm-1.2/src/base/uvm_root.svh", line 135.
$finish at simulation time                    0

---------------------------------------------------------------------------
VCS Coverage Metrics: during simulation line, cond, FSM, branch, tgl was monitored
---------------------------------------------------------------------------

 Coverage status: End of All Coverages ...

           V C S   S i m u l a t i o n   R e p o r t 
Time: 0 ps
CPU Time:      0.470 seconds;       Data structure size:   0.3Mb
Mon May 11 15:57:26 2026

========================================================
  SCOREBOARD
========================================================

========================================================
  COVERAGE
========================================================

  Log     : sim_pcs_b2b_test.log
  Coverage: coverage.vdb/
========================================================
  STATUS: PASSED -- pcs_b2b_test

========================================================
  RUNNING: pcs_stress_test
========================================================

========================================================
  Test : pcs_stress_test
  Files: DUTS26_0.sv uvm_tb.sv
========================================================
=== Compiling ===
/apps/synopsys/vcs_2023/vcs/U-2023.03-SP2-8/bin/vcs: line 3860: lsb_release: command not found

Warning-[LNX_OS_VERUN] Unsupported Linux version
  Linux version 'Red Hat Enterprise Linux release 9.6 (Plow)' is not supported
  on 'x86_64' officially, assuming linux compatibility by default. Set 
  VCS_ARCH_OVERRIDE to linux or suse32 to override.
  Please refer to release notes for information on supported platforms.

                         Chronologic VCS (TM)
      Version U-2023.03-SP2-8_Full64 -- Mon May 11 15:57:27 2026

                    Copyright (c) 1991 - 2024 Synopsys, Inc.
   This software and the associated documentation are proprietary to Synopsys,
 Inc. This software may only be used in accordance with the terms and conditions
 of a written license agreement with Synopsys, Inc. All other use, reproduction,
   or distribution of this software is strictly prohibited.  Licensed Products
     communicate with Synopsys servers for the purpose of providing software
    updates, detecting software piracy and verifying that customers are using
    Licensed Products in conformity with the applicable License Key for such
  Licensed Products. Synopsys will use information gathered in connection with
    this process to deliver software updates and pursue software pirates and
                                   infringers.

 Inclusivity & Diversity - Visit SolvNetPlus to read the "Synopsys Statement on
            Inclusivity and Diversity" (Refer to article 000036315 at
                        https://solvnetplus.synopsys.com)

The design hasn't changed and need not be recompiled. 
If you really want to, delete file simv.daidir/.vcs.timestamp and
run VCS again.

=== Compile OK ===
=== Simulating: pcs_stress_test ===
Info: [VCS_SAVE_RESTORE_INFO] ASLR (Address Space Layout Randomization) is detected on the machine. To enable $save functionality, ASLR will be switched off and simv re-executed.
Please use '-no_save' simv switch to avoid re-execution or '-suppress=ASLR_DETECTED_INFO' to suppress this message.
Chronologic VCS simulator copyright 1991-2023
Contains Synopsys proprietary information.
Compiler version U-2023.03-SP2-8_Full64; Runtime version U-2023.03-SP2-8_Full64;  May 11 15:57 2026
UVM_INFO /home/morris/uvm-1.2/src/base/uvm_root.svh(392) @ 0: reporter [UVM/RELNOTES] 
----------------------------------------------------------------
UVM-1.2
(C) 2007-2014 Mentor Graphics Corporation
(C) 2007-2014 Cadence Design Systems, Inc.
(C) 2006-2014 Synopsys, Inc.
(C) 2011-2013 Cypress Semiconductor Corp.
(C) 2013-2014 NVIDIA Corporation
----------------------------------------------------------------

  ***********       IMPORTANT RELEASE NOTES         ************

  You are using a version of the UVM library that has been compiled
  with `UVM_NO_DEPRECATED undefined.
  See http://www.eda.org/svdb/view.php?id=3313 for more details.

  You are using a version of the UVM library that has been compiled
  with `UVM_OBJECT_DO_NOT_NEED_CONSTRUCTOR undefined.
  See http://www.eda.org/svdb/view.php?id=3770 for more details.

      (Specify +UVM_NO_RELNOTES to turn off this notice)


 VCS Coverage Metrics Release U-2023.03-SP2-8_Full64 Copyright (c) 1991-2023 by Synopsys Inc.
UVM_INFO @ 0: reporter [RNTST] Running test pcs_stress_test...
UVM_INFO uvm_tb.sv(1853) @ 0: uvm_test_top [TEST] === STRESS TEST ===
"uvm_tb.sv", 2217: pcs_tb_top.AST_NOX_A: started at 4000ps failed at 4000ps
	Offending '(!$isunknown(pcs_tb_top.dut_if.Dout[3]))'
Error: "uvm_tb.sv", 2217: pcs_tb_top.AST_NOX_A: at time 4000 ps
[ASSERT/NOX] lane A is X/Z @ 4000
"uvm_tb.sv", 2219: pcs_tb_top.AST_NOX_B: started at 4000ps failed at 4000ps
	Offending '(!$isunknown(pcs_tb_top.dut_if.Dout[2]))'
Error: "uvm_tb.sv", 2219: pcs_tb_top.AST_NOX_B: at time 4000 ps
[ASSERT/NOX] lane B is X/Z @ 4000
"uvm_tb.sv", 2221: pcs_tb_top.AST_NOX_C: started at 4000ps failed at 4000ps
	Offending '(!$isunknown(pcs_tb_top.dut_if.Dout[1]))'
Error: "uvm_tb.sv", 2221: pcs_tb_top.AST_NOX_C: at time 4000 ps
[ASSERT/NOX] lane C is X/Z @ 4000
"uvm_tb.sv", 2223: pcs_tb_top.AST_NOX_D: started at 4000ps failed at 4000ps
	Offending '(!$isunknown(pcs_tb_top.dut_if.Dout[0]))'
Error: "uvm_tb.sv", 2223: pcs_tb_top.AST_NOX_D: at time 4000 ps
[ASSERT/NOX] lane D is X/Z @ 4000
UVM_ERROR uvm_tb.sv(1312) @ 68000: uvm_test_top.env.sb [SB/SYM] MISMATCH exp=db0 act=036 ph=PH_IDLE cycle=2
UVM_ERROR uvm_tb.sv(1312) @ 76000: uvm_test_top.env.sb [SB/SYM] MISMATCH exp=006 act=180 ph=PH_IDLE cycle=3
UVM_ERROR uvm_tb.sv(1312) @ 84000: uvm_test_top.env.sb [SB/SYM] MISMATCH exp=1b0 act=036 ph=PH_IDLE cycle=4
UVM_ERROR uvm_tb.sv(1312) @ 92000: uvm_test_top.env.sb [SB/SYM] MISMATCH exp=006 act=000 ph=PH_SDD cycle=5
"uvm_tb.sv", 2275: pcs_tb_top.AST_SDD1_NONZERO: started at 92000ps failed at 92000ps
	Offending '((((pcs_tb_top.dut_if.Dout[3] inside {3'b010, 3'b110}) && (pcs_tb_top.dut_if.Dout[2] inside {3'b010, 3'b110})) && (pcs_tb_top.dut_if.Dout[1] inside {3'b010, 3'b110})) && (pcs_tb_top.dut_if.Dout[0] inside {3'b010, 3'b110}))'
Error: "uvm_tb.sv", 2275: pcs_tb_top.AST_SDD1_NONZERO: at time 92000 ps
[ASSERT/SDD] SDD1: lane(s) not ±2 at TX_EN rise: got 000 @ 92000
"uvm_tb.sv", 2355: pcs_tb_top.AST_SDD_EXACTLY2: started at 92000ps failed at 108000ps
	Offending '(!((((pcs_tb_top.dut_if.Dout[3] inside {3'b010, 3'b110}) && (pcs_tb_top.dut_if.Dout[2] inside {3'b010, 3'b110})) && (pcs_tb_top.dut_if.Dout[1] inside {3'b010, 3'b110})) && (pcs_tb_top.dut_if.Dout[0] inside {3'b010, 3'b110})))'
Error: "uvm_tb.sv", 2355: pcs_tb_top.AST_SDD_EXACTLY2: at time 108000 ps
[ASSERT/ORDER] All-±2 output persists after SDD2 (stuck in SDD?) @ 108000
UVM_ERROR uvm_tb.sv(1312) @ 116000: uvm_test_top.env.sb [SB/SYM] MISMATCH exp=180 act=036 ph=PH_DATA cycle=8
UVM_ERROR uvm_tb.sv(1312) @ 124000: uvm_test_top.env.sb [SB/SYM] MISMATCH exp=e79 act=fff ph=PH_DATA cycle=9
UVM_ERROR uvm_tb.sv(1312) @ 132000: uvm_test_top.env.sb [SB/SYM] MISMATCH exp=071 act=c47 ph=PH_DATA cycle=10
UVM_ERROR uvm_tb.sv(1312) @ 140000: uvm_test_top.env.sb [SB/SYM] MISMATCH exp=2bf act=eb8 ph=PH_DATA cycle=11
UVM_ERROR uvm_tb.sv(1312) @ 148000: uvm_test_top.env.sb [SB/SYM] MISMATCH exp=eba act=23a ph=PH_DATA cycle=12
UVM_ERROR uvm_tb.sv(1312) @ 156000: uvm_test_top.env.sb [SB/SYM] MISMATCH exp=590 act=c12 ph=PH_DATA cycle=13
UVM_ERROR uvm_tb.sv(1312) @ 164000: uvm_test_top.env.sb [SB/SYM] MISMATCH exp=582 act=d82 ph=PH_DATA cycle=14
UVM_ERROR uvm_tb.sv(1312) @ 172000: uvm_test_top.env.sb [SB/SYM] MISMATCH exp=e79 act=3f9 ph=PH_CSR cycle=15
UVM_ERROR uvm_tb.sv(1312) @ 180000: uvm_test_top.env.sb [SB/SYM] MISMATCH exp=c96 act=df6 ph=PH_CSR cycle=16
UVM_ERROR uvm_tb.sv(1312) @ 188000: uvm_test_top.env.sb [SB/SYM] MISMATCH exp=c96 act=591 ph=PH_ESD cycle=17
"uvm_tb.sv", 2305: pcs_tb_top.AST_ESD1_NONZERO: started at 172000ps failed at 188000ps
	Offending '((((pcs_tb_top.dut_if.Dout[3] inside {3'b010, 3'b110}) && (pcs_tb_top.dut_if.Dout[2] inside {3'b010, 3'b110})) && (pcs_tb_top.dut_if.Dout[1] inside {3'b010, 3'b110})) && (pcs_tb_top.dut_if.Dout[0] inside {3'b010, 3'b110}))'
Error: "uvm_tb.sv", 2305: pcs_tb_top.AST_ESD1_NONZERO: at time 188000 ps
[ASSERT/ESD] ESD1: lane(s) not ±2 two cycles after TX_EN fall: got 591 @ 188000
UVM_ERROR uvm_tb.sv(1312) @ 196000: uvm_test_top.env.sb [SB/SYM] MISMATCH exp=db6 act=492 ph=PH_ESD cycle=18
"uvm_tb.sv", 2372: pcs_tb_top.AST_ESD_EXACTLY2: started at 172000ps failed at 204000ps
	Offending '(!((((pcs_tb_top.dut_if.Dout[3] inside {3'b010, 3'b110}) && (pcs_tb_top.dut_if.Dout[2] inside {3'b010, 3'b110})) && (pcs_tb_top.dut_if.Dout[1] inside {3'b010, 3'b110})) && (pcs_tb_top.dut_if.Dout[0] inside {3'b010, 3'b110})))'
Error: "uvm_tb.sv", 2372: pcs_tb_top.AST_ESD_EXACTLY2: at time 204000 ps
[ASSERT/ORDER] All-±2 output persists after ESD2 (stuck in ESD?) @ 204000
"uvm_tb.sv", 2355: pcs_tb_top.AST_SDD_EXACTLY2: started at 196000ps failed at 212000ps
	Offending '(!((((pcs_tb_top.dut_if.Dout[3] inside {3'b010, 3'b110}) && (pcs_tb_top.dut_if.Dout[2] inside {3'b010, 3'b110})) && (pcs_tb_top.dut_if.Dout[1] inside {3'b010, 3'b110})) && (pcs_tb_top.dut_if.Dout[0] inside {3'b010, 3'b110})))'
Error: "uvm_tb.sv", 2355: pcs_tb_top.AST_SDD_EXACTLY2: at time 212000 ps
[ASSERT/ORDER] All-±2 output persists after SDD2 (stuck in SDD?) @ 212000
UVM_ERROR uvm_tb.sv(1312) @ 228000: uvm_test_top.env.sb [SB/SYM] MISMATCH exp=c7e act=c4e ph=PH_IDLE cycle=22
UVM_ERROR uvm_tb.sv(1312) @ 236000: uvm_test_top.env.sb [SB/SYM] MISMATCH exp=432 act=407 ph=PH_IDLE cycle=23
UVM_ERROR uvm_tb.sv(1312) @ 244000: uvm_test_top.env.sb [SB/SYM] MISMATCH exp=4b7 act=c96 ph=PH_IDLE cycle=24
UVM_ERROR uvm_tb.sv(1312) @ 252000: uvm_test_top.env.sb [SB/SYM] MISMATCH exp=c51 act=5c7 ph=PH_IDLE cycle=25
UVM_ERROR uvm_tb.sv(1312) @ 260000: uvm_test_top.env.sb [SB/SYM] MISMATCH exp=181 act=097 ph=PH_IDLE cycle=26
UVM_ERROR uvm_tb.sv(1312) @ 268000: uvm_test_top.env.sb [SB/SYM] MISMATCH exp=5f7 act=dd1 ph=PH_IDLE cycle=27
UVM_ERROR uvm_tb.sv(1312) @ 276000: uvm_test_top.env.sb [SB/SYM] MISMATCH exp=191 act=3ca ph=PH_IDLE cycle=28
UVM_ERROR uvm_tb.sv(1312) @ 284000: uvm_test_top.env.sb [SB/SYM] MISMATCH exp=d89 act=df6 ph=PH_IDLE cycle=29
UVM_ERROR uvm_tb.sv(1312) @ 292000: uvm_test_top.env.sb [SB/SYM] MISMATCH exp=c96 act=591 ph=PH_IDLE cycle=30
"uvm_tb.sv", 2305: pcs_tb_top.AST_ESD1_NONZERO: started at 276000ps failed at 292000ps
	Offending '((((pcs_tb_top.dut_if.Dout[3] inside {3'b010, 3'b110}) && (pcs_tb_top.dut_if.Dout[2] inside {3'b010, 3'b110})) && (pcs_tb_top.dut_if.Dout[1] inside {3'b010, 3'b110})) && (pcs_tb_top.dut_if.Dout[0] inside {3'b010, 3'b110}))'
Error: "uvm_tb.sv", 2305: pcs_tb_top.AST_ESD1_NONZERO: at time 292000 ps
[ASSERT/ESD] ESD1: lane(s) not ±2 two cycles after TX_EN fall: got 591 @ 292000
UVM_ERROR uvm_tb.sv(1312) @ 300000: uvm_test_top.env.sb [SB/SYM] MISMATCH exp=db6 act=496 ph=PH_SDD cycle=31
"uvm_tb.sv", 2372: pcs_tb_top.AST_ESD_EXACTLY2: started at 276000ps failed at 308000ps
	Offending '(!((((pcs_tb_top.dut_if.Dout[3] inside {3'b010, 3'b110}) && (pcs_tb_top.dut_if.Dout[2] inside {3'b010, 3'b110})) && (pcs_tb_top.dut_if.Dout[1] inside {3'b010, 3'b110})) && (pcs_tb_top.dut_if.Dout[0] inside {3'b010, 3'b110})))'
Error: "uvm_tb.sv", 2372: pcs_tb_top.AST_ESD_EXACTLY2: at time 308000 ps
[ASSERT/ORDER] All-±2 output persists after ESD2 (stuck in ESD?) @ 308000
"uvm_tb.sv", 2355: pcs_tb_top.AST_SDD_EXACTLY2: started at 300000ps failed at 316000ps
	Offending '(!((((pcs_tb_top.dut_if.Dout[3] inside {3'b010, 3'b110}) && (pcs_tb_top.dut_if.Dout[2] inside {3'b010, 3'b110})) && (pcs_tb_top.dut_if.Dout[1] inside {3'b010, 3'b110})) && (pcs_tb_top.dut_if.Dout[0] inside {3'b010, 3'b110})))'
Error: "uvm_tb.sv", 2355: pcs_tb_top.AST_SDD_EXACTLY2: at time 316000 ps
[ASSERT/ORDER] All-±2 output persists after SDD2 (stuck in SDD?) @ 316000
UVM_ERROR uvm_tb.sv(1312) @ 332000: uvm_test_top.env.sb [SB/SYM] MISMATCH exp=457 act=1d7 ph=PH_DATA cycle=35
UVM_ERROR uvm_tb.sv(1312) @ 340000: uvm_test_top.env.sb [SB/SYM] MISMATCH exp=236 act=280 ph=PH_DATA cycle=36
UVM_ERROR uvm_tb.sv(1312) @ 348000: uvm_test_top.env.sb [SB/SYM] MISMATCH exp=ffa act=3ff ph=PH_DATA cycle=37
UVM_ERROR uvm_tb.sv(1312) @ 356000: uvm_test_top.env.sb [SB/SYM] MISMATCH exp=c3a act=40f ph=PH_DATA cycle=38
UVM_ERROR uvm_tb.sv(1312) @ 364000: uvm_test_top.env.sb [SB/SYM] MISMATCH exp=090 act=087 ph=PH_DATA cycle=39
UVM_ERROR uvm_tb.sv(1312) @ 372000: uvm_test_top.env.sb [SB/SYM] MISMATCH exp=5d0 act=5c7 ph=PH_DATA cycle=40
UVM_ERROR uvm_tb.sv(1312) @ 380000: uvm_test_top.env.sb [SB/SYM] MISMATCH exp=40f act=0be ph=PH_CSR cycle=41
UVM_ERROR uvm_tb.sv(1312) @ 388000: uvm_test_top.env.sb [SB/SYM] MISMATCH exp=3b1 act=dd6 ph=PH_CSR cycle=42
UVM_ERROR uvm_tb.sv(1312) @ 396000: uvm_test_top.env.sb [SB/SYM] MISMATCH exp=c96 act=491 ph=PH_ESD cycle=43
"uvm_tb.sv", 2305: pcs_tb_top.AST_ESD1_NONZERO: started at 380000ps failed at 396000ps
	Offending '((((pcs_tb_top.dut_if.Dout[3] inside {3'b010, 3'b110}) && (pcs_tb_top.dut_if.Dout[2] inside {3'b010, 3'b110})) && (pcs_tb_top.dut_if.Dout[1] inside {3'b010, 3'b110})) && (pcs_tb_top.dut_if.Dout[0] inside {3'b010, 3'b110}))'
Error: "uvm_tb.sv", 2305: pcs_tb_top.AST_ESD1_NONZERO: at time 396000 ps
[ASSERT/ESD] ESD1: lane(s) not ±2 two cycles after TX_EN fall: got 491 @ 396000
UVM_ERROR uvm_tb.sv(1312) @ 404000: uvm_test_top.env.sb [SB/SYM] MISMATCH exp=db6 act=596 ph=PH_ESD cycle=44
"uvm_tb.sv", 2372: pcs_tb_top.AST_ESD_EXACTLY2: started at 380000ps failed at 412000ps
	Offending '(!((((pcs_tb_top.dut_if.Dout[3] inside {3'b010, 3'b110}) && (pcs_tb_top.dut_if.Dout[2] inside {3'b010, 3'b110})) && (pcs_tb_top.dut_if.Dout[1] inside {3'b010, 3'b110})) && (pcs_tb_top.dut_if.Dout[0] inside {3'b010, 3'b110})))'
Error: "uvm_tb.sv", 2372: pcs_tb_top.AST_ESD_EXACTLY2: at time 412000 ps
[ASSERT/ORDER] All-±2 output persists after ESD2 (stuck in ESD?) @ 412000
"uvm_tb.sv", 2355: pcs_tb_top.AST_SDD_EXACTLY2: started at 404000ps failed at 420000ps
	Offending '(!((((pcs_tb_top.dut_if.Dout[3] inside {3'b010, 3'b110}) && (pcs_tb_top.dut_if.Dout[2] inside {3'b010, 3'b110})) && (pcs_tb_top.dut_if.Dout[1] inside {3'b010, 3'b110})) && (pcs_tb_top.dut_if.Dout[0] inside {3'b010, 3'b110})))'
Error: "uvm_tb.sv", 2355: pcs_tb_top.AST_SDD_EXACTLY2: at time 420000 ps
[ASSERT/ORDER] All-±2 output persists after SDD2 (stuck in SDD?) @ 420000
UVM_ERROR uvm_tb.sv(1312) @ 436000: uvm_test_top.env.sb [SB/SYM] MISMATCH exp=dc8 act=df8 ph=PH_IDLE cycle=48
UVM_ERROR uvm_tb.sv(1312) @ 444000: uvm_test_top.env.sb [SB/SYM] MISMATCH exp=3c9 act=3f9 ph=PH_IDLE cycle=49
UVM_ERROR uvm_tb.sv(1312) @ 452000: uvm_test_top.env.sb [SB/SYM] MISMATCH exp=c52 act=c57 ph=PH_IDLE cycle=50
UVM_ERROR uvm_tb.sv(1312) @ 460000: uvm_test_top.env.sb [SB/SYM] MISMATCH exp=fbf act=2bf ph=PH_IDLE cycle=51
UVM_ERROR uvm_tb.sv(1312) @ 468000: uvm_test_top.env.sb [SB/SYM] MISMATCH exp=1fa act=1c9 ph=PH_IDLE cycle=52
UVM_ERROR uvm_tb.sv(1312) @ 476000: uvm_test_top.env.sb [SB/SYM] MISMATCH exp=1c7 act=1f7 ph=PH_IDLE cycle=53
UVM_ERROR uvm_tb.sv(1312) @ 484000: uvm_test_top.env.sb [SB/SYM] MISMATCH exp=389 act=388 ph=PH_IDLE cycle=54
UVM_ERROR uvm_tb.sv(1312) @ 492000: uvm_test_top.env.sb [SB/SYM] MISMATCH exp=38e act=d97 ph=PH_IDLE cycle=55
UVM_ERROR uvm_tb.sv(1312) @ 500000: uvm_test_top.env.sb [SB/SYM] MISMATCH exp=c96 act=596 ph=PH_IDLE cycle=56
UVM_ERROR uvm_tb.sv(1312) @ 508000: uvm_test_top.env.sb [SB/SYM] MISMATCH exp=db6 act=496 ph=PH_SDD cycle=57
"uvm_tb.sv", 2372: pcs_tb_top.AST_ESD_EXACTLY2: started at 484000ps failed at 516000ps
	Offending '(!((((pcs_tb_top.dut_if.Dout[3] inside {3'b010, 3'b110}) && (pcs_tb_top.dut_if.Dout[2] inside {3'b010, 3'b110})) && (pcs_tb_top.dut_if.Dout[1] inside {3'b010, 3'b110})) && (pcs_tb_top.dut_if.Dout[0] inside {3'b010, 3'b110})))'
Error: "uvm_tb.sv", 2372: pcs_tb_top.AST_ESD_EXACTLY2: at time 516000 ps
[ASSERT/ORDER] All-±2 output persists after ESD2 (stuck in ESD?) @ 516000
"uvm_tb.sv", 2355: pcs_tb_top.AST_SDD_EXACTLY2: started at 508000ps failed at 524000ps
	Offending '(!((((pcs_tb_top.dut_if.Dout[3] inside {3'b010, 3'b110}) && (pcs_tb_top.dut_if.Dout[2] inside {3'b010, 3'b110})) && (pcs_tb_top.dut_if.Dout[1] inside {3'b010, 3'b110})) && (pcs_tb_top.dut_if.Dout[0] inside {3'b010, 3'b110})))'
Error: "uvm_tb.sv", 2355: pcs_tb_top.AST_SDD_EXACTLY2: at time 524000 ps
[ASSERT/ORDER] All-±2 output persists after SDD2 (stuck in SDD?) @ 524000
UVM_ERROR uvm_tb.sv(1312) @ 540000: uvm_test_top.env.sb [SB/SYM] MISMATCH exp=272 act=ff2 ph=PH_DATA cycle=61
UVM_ERROR uvm_tb.sv(1312) @ 548000: uvm_test_top.env.sb [SB/SYM] MISMATCH exp=382 act=3b0 ph=PH_DATA cycle=62
UVM_ERROR uvm_tb.sv(1312) @ 556000: uvm_test_top.env.sb [SB/SYM] MISMATCH exp=e11 act=207 ph=PH_DATA cycle=63
UVM_ERROR uvm_tb.sv(1312) @ 564000: uvm_test_top.env.sb [SB/SYM] MISMATCH exp=eb9 act=3bf ph=PH_DATA cycle=64
UVM_ERROR uvm_tb.sv(1312) @ 572000: uvm_test_top.env.sb [SB/SYM] MISMATCH exp=591 act=d97 ph=PH_DATA cycle=65
UVM_ERROR uvm_tb.sv(1312) @ 580000: uvm_test_top.env.sb [SB/SYM] MISMATCH exp=591 act=487 ph=PH_DATA cycle=66
UVM_ERROR uvm_tb.sv(1312) @ 588000: uvm_test_top.env.sb [SB/SYM] MISMATCH exp=1ff act=04f ph=PH_CSR cycle=67
UVM_ERROR uvm_tb.sv(1312) @ 596000: uvm_test_top.env.sb [SB/SYM] MISMATCH exp=c8e act=db1 ph=PH_CSR cycle=68
UVM_ERROR uvm_tb.sv(1312) @ 604000: uvm_test_top.env.sb [SB/SYM] MISMATCH exp=d89 act=cb6 ph=PH_ESD cycle=69
UVM_ERROR uvm_tb.sv(1312) @ 612000: uvm_test_top.env.sb [SB/SYM] MISMATCH exp=db6 act=596 ph=PH_ESD cycle=70
"uvm_tb.sv", 2372: pcs_tb_top.AST_ESD_EXACTLY2: started at 588000ps failed at 620000ps
	Offending '(!((((pcs_tb_top.dut_if.Dout[3] inside {3'b010, 3'b110}) && (pcs_tb_top.dut_if.Dout[2] inside {3'b010, 3'b110})) && (pcs_tb_top.dut_if.Dout[1] inside {3'b010, 3'b110})) && (pcs_tb_top.dut_if.Dout[0] inside {3'b010, 3'b110})))'
Error: "uvm_tb.sv", 2372: pcs_tb_top.AST_ESD_EXACTLY2: at time 620000 ps
[ASSERT/ORDER] All-±2 output persists after ESD2 (stuck in ESD?) @ 620000
"uvm_tb.sv", 2355: pcs_tb_top.AST_SDD_EXACTLY2: started at 612000ps failed at 628000ps
	Offending '(!((((pcs_tb_top.dut_if.Dout[3] inside {3'b010, 3'b110}) && (pcs_tb_top.dut_if.Dout[2] inside {3'b010, 3'b110})) && (pcs_tb_top.dut_if.Dout[1] inside {3'b010, 3'b110})) && (pcs_tb_top.dut_if.Dout[0] inside {3'b010, 3'b110})))'
Error: "uvm_tb.sv", 2355: pcs_tb_top.AST_SDD_EXACTLY2: at time 628000 ps
[ASSERT/ORDER] All-±2 output persists after SDD2 (stuck in SDD?) @ 628000
UVM_ERROR uvm_tb.sv(1312) @ 660000: uvm_test_top.env.sb [SB/SYM] MISMATCH exp=db6 act=496 ph=PH_SDD cycle=76
"uvm_tb.sv", 2372: pcs_tb_top.AST_ESD_EXACTLY2: started at 636000ps failed at 668000ps
	Offending '(!((((pcs_tb_top.dut_if.Dout[3] inside {3'b010, 3'b110}) && (pcs_tb_top.dut_if.Dout[2] inside {3'b010, 3'b110})) && (pcs_tb_top.dut_if.Dout[1] inside {3'b010, 3'b110})) && (pcs_tb_top.dut_if.Dout[0] inside {3'b010, 3'b110})))'
Error: "uvm_tb.sv", 2372: pcs_tb_top.AST_ESD_EXACTLY2: at time 668000 ps
[ASSERT/ORDER] All-±2 output persists after ESD2 (stuck in ESD?) @ 668000
"uvm_tb.sv", 2355: pcs_tb_top.AST_SDD_EXACTLY2: started at 660000ps failed at 676000ps
	Offending '(!((((pcs_tb_top.dut_if.Dout[3] inside {3'b010, 3'b110}) && (pcs_tb_top.dut_if.Dout[2] inside {3'b010, 3'b110})) && (pcs_tb_top.dut_if.Dout[1] inside {3'b010, 3'b110})) && (pcs_tb_top.dut_if.Dout[0] inside {3'b010, 3'b110})))'
Error: "uvm_tb.sv", 2355: pcs_tb_top.AST_SDD_EXACTLY2: at time 676000 ps
[ASSERT/ORDER] All-±2 output persists after SDD2 (stuck in SDD?) @ 676000
UVM_ERROR uvm_tb.sv(1312) @ 708000: uvm_test_top.env.sb [SB/SYM] MISMATCH exp=db6 act=cb2 ph=PH_ESD cycle=82
"uvm_tb.sv", 2372: pcs_tb_top.AST_ESD_EXACTLY2: started at 684000ps failed at 716000ps
	Offending '(!((((pcs_tb_top.dut_if.Dout[3] inside {3'b010, 3'b110}) && (pcs_tb_top.dut_if.Dout[2] inside {3'b010, 3'b110})) && (pcs_tb_top.dut_if.Dout[1] inside {3'b010, 3'b110})) && (pcs_tb_top.dut_if.Dout[0] inside {3'b010, 3'b110})))'
Error: "uvm_tb.sv", 2372: pcs_tb_top.AST_ESD_EXACTLY2: at time 716000 ps
[ASSERT/ORDER] All-±2 output persists after ESD2 (stuck in ESD?) @ 716000
"uvm_tb.sv", 2355: pcs_tb_top.AST_SDD_EXACTLY2: started at 708000ps failed at 724000ps
	Offending '(!((((pcs_tb_top.dut_if.Dout[3] inside {3'b010, 3'b110}) && (pcs_tb_top.dut_if.Dout[2] inside {3'b010, 3'b110})) && (pcs_tb_top.dut_if.Dout[1] inside {3'b010, 3'b110})) && (pcs_tb_top.dut_if.Dout[0] inside {3'b010, 3'b110})))'
Error: "uvm_tb.sv", 2355: pcs_tb_top.AST_SDD_EXACTLY2: at time 724000 ps
[ASSERT/ORDER] All-±2 output persists after SDD2 (stuck in SDD?) @ 724000
UVM_ERROR uvm_tb.sv(1312) @ 756000: uvm_test_top.env.sb [SB/SYM] MISMATCH exp=db6 act=d96 ph=PH_SDD cycle=88
"uvm_tb.sv", 2372: pcs_tb_top.AST_ESD_EXACTLY2: started at 732000ps failed at 764000ps
	Offending '(!((((pcs_tb_top.dut_if.Dout[3] inside {3'b010, 3'b110}) && (pcs_tb_top.dut_if.Dout[2] inside {3'b010, 3'b110})) && (pcs_tb_top.dut_if.Dout[1] inside {3'b010, 3'b110})) && (pcs_tb_top.dut_if.Dout[0] inside {3'b010, 3'b110})))'
Error: "uvm_tb.sv", 2372: pcs_tb_top.AST_ESD_EXACTLY2: at time 764000 ps
[ASSERT/ORDER] All-±2 output persists after ESD2 (stuck in ESD?) @ 764000
"uvm_tb.sv", 2355: pcs_tb_top.AST_SDD_EXACTLY2: started at 756000ps failed at 772000ps
	Offending '(!((((pcs_tb_top.dut_if.Dout[3] inside {3'b010, 3'b110}) && (pcs_tb_top.dut_if.Dout[2] inside {3'b010, 3'b110})) && (pcs_tb_top.dut_if.Dout[1] inside {3'b010, 3'b110})) && (pcs_tb_top.dut_if.Dout[0] inside {3'b010, 3'b110})))'
Error: "uvm_tb.sv", 2355: pcs_tb_top.AST_SDD_EXACTLY2: at time 772000 ps
[ASSERT/ORDER] All-±2 output persists after SDD2 (stuck in SDD?) @ 772000
"uvm_tb.sv", 2372: pcs_tb_top.AST_ESD_EXACTLY2: started at 780000ps failed at 812000ps
	Offending '(!((((pcs_tb_top.dut_if.Dout[3] inside {3'b010, 3'b110}) && (pcs_tb_top.dut_if.Dout[2] inside {3'b010, 3'b110})) && (pcs_tb_top.dut_if.Dout[1] inside {3'b010, 3'b110})) && (pcs_tb_top.dut_if.Dout[0] inside {3'b010, 3'b110})))'
Error: "uvm_tb.sv", 2372: pcs_tb_top.AST_ESD_EXACTLY2: at time 812000 ps
[ASSERT/ORDER] All-±2 output persists after ESD2 (stuck in ESD?) @ 812000
"uvm_tb.sv", 2355: pcs_tb_top.AST_SDD_EXACTLY2: started at 804000ps failed at 820000ps
	Offending '(!((((pcs_tb_top.dut_if.Dout[3] inside {3'b010, 3'b110}) && (pcs_tb_top.dut_if.Dout[2] inside {3'b010, 3'b110})) && (pcs_tb_top.dut_if.Dout[1] inside {3'b010, 3'b110})) && (pcs_tb_top.dut_if.Dout[0] inside {3'b010, 3'b110})))'
Error: "uvm_tb.sv", 2355: pcs_tb_top.AST_SDD_EXACTLY2: at time 820000 ps
[ASSERT/ORDER] All-±2 output persists after SDD2 (stuck in SDD?) @ 820000
UVM_ERROR uvm_tb.sv(1312) @ 852000: uvm_test_top.env.sb [SB/SYM] MISMATCH exp=db6 act=5b2 ph=PH_IDLE cycle=100
"uvm_tb.sv", 2372: pcs_tb_top.AST_ESD_EXACTLY2: started at 828000ps failed at 860000ps
	Offending '(!((((pcs_tb_top.dut_if.Dout[3] inside {3'b010, 3'b110}) && (pcs_tb_top.dut_if.Dout[2] inside {3'b010, 3'b110})) && (pcs_tb_top.dut_if.Dout[1] inside {3'b010, 3'b110})) && (pcs_tb_top.dut_if.Dout[0] inside {3'b010, 3'b110})))'
Error: "uvm_tb.sv", 2372: pcs_tb_top.AST_ESD_EXACTLY2: at time 860000 ps
[ASSERT/ORDER] All-±2 output persists after ESD2 (stuck in ESD?) @ 860000
UVM_ERROR uvm_tb.sv(1312) @ 868000: uvm_test_top.env.sb [SB/SYM] MISMATCH exp=1b6 act=1b0 ph=PH_SDD cycle=102
"uvm_tb.sv", 2275: pcs_tb_top.AST_SDD1_NONZERO: started at 868000ps failed at 868000ps
	Offending '((((pcs_tb_top.dut_if.Dout[3] inside {3'b010, 3'b110}) && (pcs_tb_top.dut_if.Dout[2] inside {3'b010, 3'b110})) && (pcs_tb_top.dut_if.Dout[1] inside {3'b010, 3'b110})) && (pcs_tb_top.dut_if.Dout[0] inside {3'b010, 3'b110}))'
Error: "uvm_tb.sv", 2275: pcs_tb_top.AST_SDD1_NONZERO: at time 868000 ps
[ASSERT/SDD] SDD1: lane(s) not ±2 at TX_EN rise: got 1b0 @ 868000
"uvm_tb.sv", 2355: pcs_tb_top.AST_SDD_EXACTLY2: started at 868000ps failed at 884000ps
	Offending '(!((((pcs_tb_top.dut_if.Dout[3] inside {3'b010, 3'b110}) && (pcs_tb_top.dut_if.Dout[2] inside {3'b010, 3'b110})) && (pcs_tb_top.dut_if.Dout[1] inside {3'b010, 3'b110})) && (pcs_tb_top.dut_if.Dout[0] inside {3'b010, 3'b110})))'
Error: "uvm_tb.sv", 2355: pcs_tb_top.AST_SDD_EXACTLY2: at time 884000 ps
[ASSERT/ORDER] All-±2 output persists after SDD2 (stuck in SDD?) @ 884000
UVM_ERROR uvm_tb.sv(1312) @ 892000: uvm_test_top.env.sb [SB/SYM] MISMATCH exp=080 act=086 ph=PH_DATA cycle=105
UVM_ERROR uvm_tb.sv(1312) @ 900000: uvm_test_top.env.sb [SB/SYM] MISMATCH exp=c02 act=190 ph=PH_DATA cycle=106
UVM_ERROR uvm_tb.sv(1312) @ 908000: uvm_test_top.env.sb [SB/SYM] MISMATCH exp=38a act=20e ph=PH_DATA cycle=107
UVM_ERROR uvm_tb.sv(1312) @ 916000: uvm_test_top.env.sb [SB/SYM] MISMATCH exp=c07 act=437 ph=PH_CSR cycle=108
UVM_ERROR uvm_tb.sv(1312) @ 924000: uvm_test_top.env.sb [SB/SYM] MISMATCH exp=c8e act=fbe ph=PH_CSR cycle=109
UVM_ERROR uvm_tb.sv(1312) @ 932000: uvm_test_top.env.sb [SB/SYM] MISMATCH exp=d89 act=5b1 ph=PH_ESD cycle=110
"uvm_tb.sv", 2305: pcs_tb_top.AST_ESD1_NONZERO: started at 916000ps failed at 932000ps
	Offending '((((pcs_tb_top.dut_if.Dout[3] inside {3'b010, 3'b110}) && (pcs_tb_top.dut_if.Dout[2] inside {3'b010, 3'b110})) && (pcs_tb_top.dut_if.Dout[1] inside {3'b010, 3'b110})) && (pcs_tb_top.dut_if.Dout[0] inside {3'b010, 3'b110}))'
Error: "uvm_tb.sv", 2305: pcs_tb_top.AST_ESD1_NONZERO: at time 932000 ps
[ASSERT/ESD] ESD1: lane(s) not ±2 two cycles after TX_EN fall: got 5b1 @ 932000
UVM_ERROR uvm_tb.sv(1312) @ 940000: uvm_test_top.env.sb [SB/SYM] MISMATCH exp=db6 act=c92 ph=PH_ESD cycle=111
"uvm_tb.sv", 2372: pcs_tb_top.AST_ESD_EXACTLY2: started at 916000ps failed at 948000ps
	Offending '(!((((pcs_tb_top.dut_if.Dout[3] inside {3'b010, 3'b110}) && (pcs_tb_top.dut_if.Dout[2] inside {3'b010, 3'b110})) && (pcs_tb_top.dut_if.Dout[1] inside {3'b010, 3'b110})) && (pcs_tb_top.dut_if.Dout[0] inside {3'b010, 3'b110})))'
Error: "uvm_tb.sv", 2372: pcs_tb_top.AST_ESD_EXACTLY2: at time 948000 ps
[ASSERT/ORDER] All-±2 output persists after ESD2 (stuck in ESD?) @ 948000
UVM_ERROR uvm_tb.sv(1312) @ 956000: uvm_test_top.env.sb [SB/SYM] MISMATCH exp=430 act=080 ph=PH_SDD cycle=113
"uvm_tb.sv", 2275: pcs_tb_top.AST_SDD1_NONZERO: started at 956000ps failed at 956000ps
	Offending '((((pcs_tb_top.dut_if.Dout[3] inside {3'b010, 3'b110}) && (pcs_tb_top.dut_if.Dout[2] inside {3'b010, 3'b110})) && (pcs_tb_top.dut_if.Dout[1] inside {3'b010, 3'b110})) && (pcs_tb_top.dut_if.Dout[0] inside {3'b010, 3'b110}))'
Error: "uvm_tb.sv", 2275: pcs_tb_top.AST_SDD1_NONZERO: at time 956000 ps
[ASSERT/SDD] SDD1: lane(s) not ±2 at TX_EN rise: got 080 @ 956000
"uvm_tb.sv", 2355: pcs_tb_top.AST_SDD_EXACTLY2: started at 956000ps failed at 972000ps
	Offending '(!((((pcs_tb_top.dut_if.Dout[3] inside {3'b010, 3'b110}) && (pcs_tb_top.dut_if.Dout[2] inside {3'b010, 3'b110})) && (pcs_tb_top.dut_if.Dout[1] inside {3'b010, 3'b110})) && (pcs_tb_top.dut_if.Dout[0] inside {3'b010, 3'b110})))'
Error: "uvm_tb.sv", 2355: pcs_tb_top.AST_SDD_EXACTLY2: at time 972000 ps
[ASSERT/ORDER] All-±2 output persists after SDD2 (stuck in SDD?) @ 972000
UVM_ERROR uvm_tb.sv(1312) @ 980000: uvm_test_top.env.sb [SB/SYM] MISMATCH exp=030 act=032 ph=PH_DATA cycle=116
UVM_ERROR uvm_tb.sv(1312) @ 996000: uvm_test_top.env.sb [SB/SYM] MISMATCH exp=5c0 act=5f0 ph=PH_DATA cycle=118
UVM_ERROR uvm_tb.sv(1312) @ 1004000: uvm_test_top.env.sb [SB/SYM] MISMATCH exp=24a act=3f8 ph=PH_CSR cycle=119
UVM_ERROR uvm_tb.sv(1312) @ 1012000: uvm_test_top.env.sb [SB/SYM] MISMATCH exp=c56 act=28a ph=PH_CSR cycle=120
UVM_ERROR uvm_tb.sv(1312) @ 1020000: uvm_test_top.env.sb [SB/SYM] MISMATCH exp=d89 act=c97 ph=PH_ESD cycle=121
"uvm_tb.sv", 2305: pcs_tb_top.AST_ESD1_NONZERO: started at 1004000ps failed at 1020000ps
	Offending '((((pcs_tb_top.dut_if.Dout[3] inside {3'b010, 3'b110}) && (pcs_tb_top.dut_if.Dout[2] inside {3'b010, 3'b110})) && (pcs_tb_top.dut_if.Dout[1] inside {3'b010, 3'b110})) && (pcs_tb_top.dut_if.Dout[0] inside {3'b010, 3'b110}))'
Error: "uvm_tb.sv", 2305: pcs_tb_top.AST_ESD1_NONZERO: at time 1020000 ps
[ASSERT/ESD] ESD1: lane(s) not ±2 two cycles after TX_EN fall: got c97 @ 1020000
UVM_ERROR uvm_tb.sv(1312) @ 1028000: uvm_test_top.env.sb [SB/SYM] MISMATCH exp=db6 act=5b6 ph=PH_ESD cycle=122
"uvm_tb.sv", 2372: pcs_tb_top.AST_ESD_EXACTLY2: started at 1004000ps failed at 1036000ps
	Offending '(!((((pcs_tb_top.dut_if.Dout[3] inside {3'b010, 3'b110}) && (pcs_tb_top.dut_if.Dout[2] inside {3'b010, 3'b110})) && (pcs_tb_top.dut_if.Dout[1] inside {3'b010, 3'b110})) && (pcs_tb_top.dut_if.Dout[0] inside {3'b010, 3'b110})))'
Error: "uvm_tb.sv", 2372: pcs_tb_top.AST_ESD_EXACTLY2: at time 1036000 ps
[ASSERT/ORDER] All-±2 output persists after ESD2 (stuck in ESD?) @ 1036000
UVM_ERROR uvm_tb.sv(1312) @ 1044000: uvm_test_top.env.sb [SB/SYM] MISMATCH exp=1b0 act=1b2 ph=PH_SDD cycle=124
"uvm_tb.sv", 2275: pcs_tb_top.AST_SDD1_NONZERO: started at 1044000ps failed at 1044000ps
	Offending '((((pcs_tb_top.dut_if.Dout[3] inside {3'b010, 3'b110}) && (pcs_tb_top.dut_if.Dout[2] inside {3'b010, 3'b110})) && (pcs_tb_top.dut_if.Dout[1] inside {3'b010, 3'b110})) && (pcs_tb_top.dut_if.Dout[0] inside {3'b010, 3'b110}))'
Error: "uvm_tb.sv", 2275: pcs_tb_top.AST_SDD1_NONZERO: at time 1044000 ps
[ASSERT/SDD] SDD1: lane(s) not ±2 at TX_EN rise: got 1b2 @ 1044000
"uvm_tb.sv", 2355: pcs_tb_top.AST_SDD_EXACTLY2: started at 1044000ps failed at 1060000ps
	Offending '(!((((pcs_tb_top.dut_if.Dout[3] inside {3'b010, 3'b110}) && (pcs_tb_top.dut_if.Dout[2] inside {3'b010, 3'b110})) && (pcs_tb_top.dut_if.Dout[1] inside {3'b010, 3'b110})) && (pcs_tb_top.dut_if.Dout[0] inside {3'b010, 3'b110})))'
Error: "uvm_tb.sv", 2355: pcs_tb_top.AST_SDD_EXACTLY2: at time 1060000 ps
[ASSERT/ORDER] All-±2 output persists after SDD2 (stuck in SDD?) @ 1060000
UVM_ERROR uvm_tb.sv(1312) @ 1068000: uvm_test_top.env.sb [SB/SYM] MISMATCH exp=032 act=002 ph=PH_DATA cycle=127
UVM_ERROR uvm_tb.sv(1312) @ 1076000: uvm_test_top.env.sb [SB/SYM] MISMATCH exp=071 act=dc7 ph=PH_DATA cycle=128
UVM_ERROR uvm_tb.sv(1312) @ 1084000: uvm_test_top.env.sb [SB/SYM] MISMATCH exp=c7f act=e36 ph=PH_DATA cycle=129
UVM_ERROR uvm_tb.sv(1312) @ 1092000: uvm_test_top.env.sb [SB/SYM] MISMATCH exp=1f9 act=1c8 ph=PH_CSR cycle=130
UVM_ERROR uvm_tb.sv(1312) @ 1100000: uvm_test_top.env.sb [SB/SYM] MISMATCH exp=c8e act=e8e ph=PH_CSR cycle=131
UVM_ERROR uvm_tb.sv(1312) @ 1108000: uvm_test_top.env.sb [SB/SYM] MISMATCH exp=d89 act=491 ph=PH_ESD cycle=132
"uvm_tb.sv", 2305: pcs_tb_top.AST_ESD1_NONZERO: started at 1092000ps failed at 1108000ps
	Offending '((((pcs_tb_top.dut_if.Dout[3] inside {3'b010, 3'b110}) && (pcs_tb_top.dut_if.Dout[2] inside {3'b010, 3'b110})) && (pcs_tb_top.dut_if.Dout[1] inside {3'b010, 3'b110})) && (pcs_tb_top.dut_if.Dout[0] inside {3'b010, 3'b110}))'
Error: "uvm_tb.sv", 2305: pcs_tb_top.AST_ESD1_NONZERO: at time 1108000 ps
[ASSERT/ESD] ESD1: lane(s) not ±2 two cycles after TX_EN fall: got 491 @ 1108000
UVM_ERROR uvm_tb.sv(1312) @ 1116000: uvm_test_top.env.sb [SB/SYM] MISMATCH exp=db6 act=d92 ph=PH_ESD cycle=133
"uvm_tb.sv", 2372: pcs_tb_top.AST_ESD_EXACTLY2: started at 1092000ps failed at 1124000ps
	Offending '(!((((pcs_tb_top.dut_if.Dout[3] inside {3'b010, 3'b110}) && (pcs_tb_top.dut_if.Dout[2] inside {3'b010, 3'b110})) && (pcs_tb_top.dut_if.Dout[1] inside {3'b010, 3'b110})) && (pcs_tb_top.dut_if.Dout[0] inside {3'b010, 3'b110})))'
Error: "uvm_tb.sv", 2372: pcs_tb_top.AST_ESD_EXACTLY2: at time 1124000 ps
[ASSERT/ORDER] All-±2 output persists after ESD2 (stuck in ESD?) @ 1124000
UVM_ERROR uvm_tb.sv(1312) @ 1132000: uvm_test_top.env.sb [SB/SYM] MISMATCH exp=000 act=010 ph=PH_SDD cycle=135
"uvm_tb.sv", 2275: pcs_tb_top.AST_SDD1_NONZERO: started at 1132000ps failed at 1132000ps
	Offending '((((pcs_tb_top.dut_if.Dout[3] inside {3'b010, 3'b110}) && (pcs_tb_top.dut_if.Dout[2] inside {3'b010, 3'b110})) && (pcs_tb_top.dut_if.Dout[1] inside {3'b010, 3'b110})) && (pcs_tb_top.dut_if.Dout[0] inside {3'b010, 3'b110}))'
Error: "uvm_tb.sv", 2275: pcs_tb_top.AST_SDD1_NONZERO: at time 1132000 ps
[ASSERT/SDD] SDD1: lane(s) not ±2 at TX_EN rise: got 010 @ 1132000
"uvm_tb.sv", 2355: pcs_tb_top.AST_SDD_EXACTLY2: started at 1132000ps failed at 1148000ps
	Offending '(!((((pcs_tb_top.dut_if.Dout[3] inside {3'b010, 3'b110}) && (pcs_tb_top.dut_if.Dout[2] inside {3'b010, 3'b110})) && (pcs_tb_top.dut_if.Dout[1] inside {3'b010, 3'b110})) && (pcs_tb_top.dut_if.Dout[0] inside {3'b010, 3'b110})))'
Error: "uvm_tb.sv", 2355: pcs_tb_top.AST_SDD_EXACTLY2: at time 1148000 ps
[ASSERT/ORDER] All-±2 output persists after SDD2 (stuck in SDD?) @ 1148000
UVM_ERROR uvm_tb.sv(1312) @ 1156000: uvm_test_top.env.sb [SB/SYM] MISMATCH exp=086 act=0b0 ph=PH_DATA cycle=138
UVM_ERROR uvm_tb.sv(1312) @ 1164000: uvm_test_top.env.sb [SB/SYM] MISMATCH exp=fb8 act=23e ph=PH_DATA cycle=139
UVM_ERROR uvm_tb.sv(1312) @ 1172000: uvm_test_top.env.sb [SB/SYM] MISMATCH exp=28f act=289 ph=PH_DATA cycle=140
UVM_ERROR uvm_tb.sv(1312) @ 1180000: uvm_test_top.env.sb [SB/SYM] MISMATCH exp=1c1 act=1c6 ph=PH_CSR cycle=141
UVM_ERROR uvm_tb.sv(1312) @ 1188000: uvm_test_top.env.sb [SB/SYM] MISMATCH exp=c96 act=5f2 ph=PH_CSR cycle=142
UVM_ERROR uvm_tb.sv(1312) @ 1196000: uvm_test_top.env.sb [SB/SYM] MISMATCH exp=c96 act=5b7 ph=PH_ESD cycle=143
"uvm_tb.sv", 2305: pcs_tb_top.AST_ESD1_NONZERO: started at 1180000ps failed at 1196000ps
	Offending '((((pcs_tb_top.dut_if.Dout[3] inside {3'b010, 3'b110}) && (pcs_tb_top.dut_if.Dout[2] inside {3'b010, 3'b110})) && (pcs_tb_top.dut_if.Dout[1] inside {3'b010, 3'b110})) && (pcs_tb_top.dut_if.Dout[0] inside {3'b010, 3'b110}))'
Error: "uvm_tb.sv", 2305: pcs_tb_top.AST_ESD1_NONZERO: at time 1196000 ps
[ASSERT/ESD] ESD1: lane(s) not ±2 two cycles after TX_EN fall: got 5b7 @ 1196000
UVM_ERROR uvm_tb.sv(1312) @ 1204000: uvm_test_top.env.sb [SB/SYM] MISMATCH exp=db6 act=cb6 ph=PH_ESD cycle=144
"uvm_tb.sv", 2372: pcs_tb_top.AST_ESD_EXACTLY2: started at 1180000ps failed at 1212000ps
	Offending '(!((((pcs_tb_top.dut_if.Dout[3] inside {3'b010, 3'b110}) && (pcs_tb_top.dut_if.Dout[2] inside {3'b010, 3'b110})) && (pcs_tb_top.dut_if.Dout[1] inside {3'b010, 3'b110})) && (pcs_tb_top.dut_if.Dout[0] inside {3'b010, 3'b110})))'
Error: "uvm_tb.sv", 2372: pcs_tb_top.AST_ESD_EXACTLY2: at time 1212000 ps
[ASSERT/ORDER] All-±2 output persists after ESD2 (stuck in ESD?) @ 1212000
UVM_ERROR uvm_tb.sv(1312) @ 1220000: uvm_test_top.env.sb [SB/SYM] MISMATCH exp=1b6 act=006 ph=PH_SDD cycle=146
"uvm_tb.sv", 2275: pcs_tb_top.AST_SDD1_NONZERO: started at 1220000ps failed at 1220000ps
	Offending '((((pcs_tb_top.dut_if.Dout[3] inside {3'b010, 3'b110}) && (pcs_tb_top.dut_if.Dout[2] inside {3'b010, 3'b110})) && (pcs_tb_top.dut_if.Dout[1] inside {3'b010, 3'b110})) && (pcs_tb_top.dut_if.Dout[0] inside {3'b010, 3'b110}))'
Error: "uvm_tb.sv", 2275: pcs_tb_top.AST_SDD1_NONZERO: at time 1220000 ps
[ASSERT/SDD] SDD1: lane(s) not ±2 at TX_EN rise: got 006 @ 1220000
"uvm_tb.sv", 2355: pcs_tb_top.AST_SDD_EXACTLY2: started at 1220000ps failed at 1236000ps
	Offending '(!((((pcs_tb_top.dut_if.Dout[3] inside {3'b010, 3'b110}) && (pcs_tb_top.dut_if.Dout[2] inside {3'b010, 3'b110})) && (pcs_tb_top.dut_if.Dout[1] inside {3'b010, 3'b110})) && (pcs_tb_top.dut_if.Dout[0] inside {3'b010, 3'b110})))'
Error: "uvm_tb.sv", 2355: pcs_tb_top.AST_SDD_EXACTLY2: at time 1236000 ps
[ASSERT/ORDER] All-±2 output persists after SDD2 (stuck in SDD?) @ 1236000
UVM_ERROR uvm_tb.sv(1312) @ 1244000: uvm_test_top.env.sb [SB/SYM] MISMATCH exp=092 act=090 ph=PH_DATA cycle=149
UVM_ERROR uvm_tb.sv(1312) @ 1252000: uvm_test_top.env.sb [SB/SYM] MISMATCH exp=090 act=082 ph=PH_DATA cycle=150
UVM_ERROR uvm_tb.sv(1312) @ 1260000: uvm_test_top.env.sb [SB/SYM] MISMATCH exp=051 act=057 ph=PH_DATA cycle=151
UVM_ERROR uvm_tb.sv(1312) @ 1268000: uvm_test_top.env.sb [SB/SYM] MISMATCH exp=1f0 act=dd0 ph=PH_CSR cycle=152
UVM_ERROR uvm_tb.sv(1312) @ 1276000: uvm_test_top.env.sb [SB/SYM] MISMATCH exp=38e act=4b1 ph=PH_CSR cycle=153
UVM_ERROR uvm_tb.sv(1312) @ 1284000: uvm_test_top.env.sb [SB/SYM] MISMATCH exp=c96 act=cb2 ph=PH_ESD cycle=154
UVM_ERROR uvm_tb.sv(1312) @ 1292000: uvm_test_top.env.sb [SB/SYM] MISMATCH exp=db6 act=5b6 ph=PH_ESD cycle=155
"uvm_tb.sv", 2372: pcs_tb_top.AST_ESD_EXACTLY2: started at 1268000ps failed at 1300000ps
	Offending '(!((((pcs_tb_top.dut_if.Dout[3] inside {3'b010, 3'b110}) && (pcs_tb_top.dut_if.Dout[2] inside {3'b010, 3'b110})) && (pcs_tb_top.dut_if.Dout[1] inside {3'b010, 3'b110})) && (pcs_tb_top.dut_if.Dout[0] inside {3'b010, 3'b110})))'
Error: "uvm_tb.sv", 2372: pcs_tb_top.AST_ESD_EXACTLY2: at time 1300000 ps
[ASSERT/ORDER] All-±2 output persists after ESD2 (stuck in ESD?) @ 1300000
"uvm_tb.sv", 2275: pcs_tb_top.AST_SDD1_NONZERO: started at 1308000ps failed at 1308000ps
	Offending '((((pcs_tb_top.dut_if.Dout[3] inside {3'b010, 3'b110}) && (pcs_tb_top.dut_if.Dout[2] inside {3'b010, 3'b110})) && (pcs_tb_top.dut_if.Dout[1] inside {3'b010, 3'b110})) && (pcs_tb_top.dut_if.Dout[0] inside {3'b010, 3'b110}))'
Error: "uvm_tb.sv", 2275: pcs_tb_top.AST_SDD1_NONZERO: at time 1308000 ps
[ASSERT/SDD] SDD1: lane(s) not ±2 at TX_EN rise: got 186 @ 1308000
"uvm_tb.sv", 2355: pcs_tb_top.AST_SDD_EXACTLY2: started at 1308000ps failed at 1324000ps
	Offending '(!((((pcs_tb_top.dut_if.Dout[3] inside {3'b010, 3'b110}) && (pcs_tb_top.dut_if.Dout[2] inside {3'b010, 3'b110})) && (pcs_tb_top.dut_if.Dout[1] inside {3'b010, 3'b110})) && (pcs_tb_top.dut_if.Dout[0] inside {3'b010, 3'b110})))'
Error: "uvm_tb.sv", 2355: pcs_tb_top.AST_SDD_EXACTLY2: at time 1324000 ps
[ASSERT/ORDER] All-±2 output persists after SDD2 (stuck in SDD?) @ 1324000
UVM_ERROR uvm_tb.sv(1312) @ 1332000: uvm_test_top.env.sb [SB/SYM] MISMATCH exp=cb0 act=c00 ph=PH_DATA cycle=160
UVM_ERROR uvm_tb.sv(1312) @ 1340000: uvm_test_top.env.sb [SB/SYM] MISMATCH exp=e7f act=fff ph=PH_DATA cycle=161
UVM_ERROR uvm_tb.sv(1312) @ 1348000: uvm_test_top.env.sb [SB/SYM] MISMATCH exp=477 act=5f2 ph=PH_DATA cycle=162
UVM_ERROR uvm_tb.sv(1312) @ 1356000: uvm_test_top.env.sb [SB/SYM] MISMATCH exp=43e act=48f ph=PH_CSR cycle=163
UVM_ERROR uvm_tb.sv(1312) @ 1364000: uvm_test_top.env.sb [SB/SYM] MISMATCH exp=d89 act=fba ph=PH_CSR cycle=164
UVM_ERROR uvm_tb.sv(1312) @ 1372000: uvm_test_top.env.sb [SB/SYM] MISMATCH exp=c96 act=db1 ph=PH_ESD cycle=165
"uvm_tb.sv", 2305: pcs_tb_top.AST_ESD1_NONZERO: started at 1356000ps failed at 1372000ps
	Offending '((((pcs_tb_top.dut_if.Dout[3] inside {3'b010, 3'b110}) && (pcs_tb_top.dut_if.Dout[2] inside {3'b010, 3'b110})) && (pcs_tb_top.dut_if.Dout[1] inside {3'b010, 3'b110})) && (pcs_tb_top.dut_if.Dout[0] inside {3'b010, 3'b110}))'
Error: "uvm_tb.sv", 2305: pcs_tb_top.AST_ESD1_NONZERO: at time 1372000 ps
[ASSERT/ESD] ESD1: lane(s) not ±2 two cycles after TX_EN fall: got db1 @ 1372000
UVM_ERROR uvm_tb.sv(1312) @ 1380000: uvm_test_top.env.sb [SB/SYM] MISMATCH exp=db6 act=cb6 ph=PH_ESD cycle=166
"uvm_tb.sv", 2372: pcs_tb_top.AST_ESD_EXACTLY2: started at 1356000ps failed at 1388000ps
	Offending '(!((((pcs_tb_top.dut_if.Dout[3] inside {3'b010, 3'b110}) && (pcs_tb_top.dut_if.Dout[2] inside {3'b010, 3'b110})) && (pcs_tb_top.dut_if.Dout[1] inside {3'b010, 3'b110})) && (pcs_tb_top.dut_if.Dout[0] inside {3'b010, 3'b110})))'
Error: "uvm_tb.sv", 2372: pcs_tb_top.AST_ESD_EXACTLY2: at time 1388000 ps
[ASSERT/ORDER] All-±2 output persists after ESD2 (stuck in ESD?) @ 1388000
UVM_ERROR uvm_tb.sv(1312) @ 1396000: uvm_test_top.env.sb [SB/SYM] MISMATCH exp=1b0 act=036 ph=PH_SDD cycle=168
"uvm_tb.sv", 2275: pcs_tb_top.AST_SDD1_NONZERO: started at 1396000ps failed at 1396000ps
	Offending '((((pcs_tb_top.dut_if.Dout[3] inside {3'b010, 3'b110}) && (pcs_tb_top.dut_if.Dout[2] inside {3'b010, 3'b110})) && (pcs_tb_top.dut_if.Dout[1] inside {3'b010, 3'b110})) && (pcs_tb_top.dut_if.Dout[0] inside {3'b010, 3'b110}))'
Error: "uvm_tb.sv", 2275: pcs_tb_top.AST_SDD1_NONZERO: at time 1396000 ps
[ASSERT/SDD] SDD1: lane(s) not ±2 at TX_EN rise: got 036 @ 1396000
"uvm_tb.sv", 2355: pcs_tb_top.AST_SDD_EXACTLY2: started at 1396000ps failed at 1412000ps
	Offending '(!((((pcs_tb_top.dut_if.Dout[3] inside {3'b010, 3'b110}) && (pcs_tb_top.dut_if.Dout[2] inside {3'b010, 3'b110})) && (pcs_tb_top.dut_if.Dout[1] inside {3'b010, 3'b110})) && (pcs_tb_top.dut_if.Dout[0] inside {3'b010, 3'b110})))'
Error: "uvm_tb.sv", 2355: pcs_tb_top.AST_SDD_EXACTLY2: at time 1412000 ps
[ASSERT/ORDER] All-±2 output persists after SDD2 (stuck in SDD?) @ 1412000
UVM_ERROR uvm_tb.sv(1312) @ 1420000: uvm_test_top.env.sb [SB/SYM] MISMATCH exp=d82 act=d92 ph=PH_DATA cycle=171
UVM_ERROR uvm_tb.sv(1312) @ 1428000: uvm_test_top.env.sb [SB/SYM] MISMATCH exp=e7f act=fff ph=PH_DATA cycle=172
UVM_ERROR uvm_tb.sv(1312) @ 1436000: uvm_test_top.env.sb [SB/SYM] MISMATCH exp=43f act=3f7 ph=PH_DATA cycle=173
UVM_ERROR uvm_tb.sv(1312) @ 1444000: uvm_test_top.env.sb [SB/SYM] MISMATCH exp=239 act=2b8 ph=PH_CSR cycle=174
UVM_ERROR uvm_tb.sv(1312) @ 1452000: uvm_test_top.env.sb [SB/SYM] MISMATCH exp=c56 act=e8a ph=PH_CSR cycle=175
UVM_ERROR uvm_tb.sv(1312) @ 1460000: uvm_test_top.env.sb [SB/SYM] MISMATCH exp=d89 act=db1 ph=PH_ESD cycle=176
"uvm_tb.sv", 2305: pcs_tb_top.AST_ESD1_NONZERO: started at 1444000ps failed at 1460000ps
	Offending '((((pcs_tb_top.dut_if.Dout[3] inside {3'b010, 3'b110}) && (pcs_tb_top.dut_if.Dout[2] inside {3'b010, 3'b110})) && (pcs_tb_top.dut_if.Dout[1] inside {3'b010, 3'b110})) && (pcs_tb_top.dut_if.Dout[0] inside {3'b010, 3'b110}))'
Error: "uvm_tb.sv", 2305: pcs_tb_top.AST_ESD1_NONZERO: at time 1460000 ps
[ASSERT/ESD] ESD1: lane(s) not ±2 two cycles after TX_EN fall: got db1 @ 1460000
"uvm_tb.sv", 2372: pcs_tb_top.AST_ESD_EXACTLY2: started at 1444000ps failed at 1476000ps
	Offending '(!((((pcs_tb_top.dut_if.Dout[3] inside {3'b010, 3'b110}) && (pcs_tb_top.dut_if.Dout[2] inside {3'b010, 3'b110})) && (pcs_tb_top.dut_if.Dout[1] inside {3'b010, 3'b110})) && (pcs_tb_top.dut_if.Dout[0] inside {3'b010, 3'b110})))'
Error: "uvm_tb.sv", 2372: pcs_tb_top.AST_ESD_EXACTLY2: at time 1476000 ps
[ASSERT/ORDER] All-±2 output persists after ESD2 (stuck in ESD?) @ 1476000
UVM_ERROR uvm_tb.sv(1312) @ 1484000: uvm_test_top.env.sb [SB/SYM] MISMATCH exp=012 act=010 ph=PH_SDD cycle=179
"uvm_tb.sv", 2275: pcs_tb_top.AST_SDD1_NONZERO: started at 1484000ps failed at 1484000ps
	Offending '((((pcs_tb_top.dut_if.Dout[3] inside {3'b010, 3'b110}) && (pcs_tb_top.dut_if.Dout[2] inside {3'b010, 3'b110})) && (pcs_tb_top.dut_if.Dout[1] inside {3'b010, 3'b110})) && (pcs_tb_top.dut_if.Dout[0] inside {3'b010, 3'b110}))'
Error: "uvm_tb.sv", 2275: pcs_tb_top.AST_SDD1_NONZERO: at time 1484000 ps
[ASSERT/SDD] SDD1: lane(s) not ±2 at TX_EN rise: got 010 @ 1484000
"uvm_tb.sv", 2355: pcs_tb_top.AST_SDD_EXACTLY2: started at 1484000ps failed at 1500000ps
	Offending '(!((((pcs_tb_top.dut_if.Dout[3] inside {3'b010, 3'b110}) && (pcs_tb_top.dut_if.Dout[2] inside {3'b010, 3'b110})) && (pcs_tb_top.dut_if.Dout[1] inside {3'b010, 3'b110})) && (pcs_tb_top.dut_if.Dout[0] inside {3'b010, 3'b110})))'
Error: "uvm_tb.sv", 2355: pcs_tb_top.AST_SDD_EXACTLY2: at time 1500000 ps
[ASSERT/ORDER] All-±2 output persists after SDD2 (stuck in SDD?) @ 1500000
UVM_ERROR uvm_tb.sv(1312) @ 1508000: uvm_test_top.env.sb [SB/SYM] MISMATCH exp=0b0 act=086 ph=PH_DATA cycle=182
UVM_ERROR uvm_tb.sv(1312) @ 1516000: uvm_test_top.env.sb [SB/SYM] MISMATCH exp=208 act=28a ph=PH_DATA cycle=183
UVM_ERROR uvm_tb.sv(1312) @ 1524000: uvm_test_top.env.sb [SB/SYM] MISMATCH exp=fca act=e4f ph=PH_DATA cycle=184
UVM_ERROR uvm_tb.sv(1312) @ 1532000: uvm_test_top.env.sb [SB/SYM] MISMATCH exp=fbf act=fb9 ph=PH_CSR cycle=185
UVM_ERROR uvm_tb.sv(1312) @ 1540000: uvm_test_top.env.sb [SB/SYM] MISMATCH exp=c8e act=c96 ph=PH_CSR cycle=186
UVM_ERROR uvm_tb.sv(1312) @ 1548000: uvm_test_top.env.sb [SB/SYM] MISMATCH exp=d89 act=5b2 ph=PH_ESD cycle=187
UVM_ERROR uvm_tb.sv(1312) @ 1556000: uvm_test_top.env.sb [SB/SYM] MISMATCH exp=db6 act=596 ph=PH_ESD cycle=188
"uvm_tb.sv", 2372: pcs_tb_top.AST_ESD_EXACTLY2: started at 1532000ps failed at 1564000ps
	Offending '(!((((pcs_tb_top.dut_if.Dout[3] inside {3'b010, 3'b110}) && (pcs_tb_top.dut_if.Dout[2] inside {3'b010, 3'b110})) && (pcs_tb_top.dut_if.Dout[1] inside {3'b010, 3'b110})) && (pcs_tb_top.dut_if.Dout[0] inside {3'b010, 3'b110})))'
Error: "uvm_tb.sv", 2372: pcs_tb_top.AST_ESD_EXACTLY2: at time 1564000 ps
[ASSERT/ORDER] All-±2 output persists after ESD2 (stuck in ESD?) @ 1564000
UVM_ERROR uvm_tb.sv(1312) @ 1572000: uvm_test_top.env.sb [SB/SYM] MISMATCH exp=082 act=000 ph=PH_SDD cycle=190
"uvm_tb.sv", 2275: pcs_tb_top.AST_SDD1_NONZERO: started at 1572000ps failed at 1572000ps
	Offending '((((pcs_tb_top.dut_if.Dout[3] inside {3'b010, 3'b110}) && (pcs_tb_top.dut_if.Dout[2] inside {3'b010, 3'b110})) && (pcs_tb_top.dut_if.Dout[1] inside {3'b010, 3'b110})) && (pcs_tb_top.dut_if.Dout[0] inside {3'b010, 3'b110}))'
Error: "uvm_tb.sv", 2275: pcs_tb_top.AST_SDD1_NONZERO: at time 1572000 ps
[ASSERT/SDD] SDD1: lane(s) not ±2 at TX_EN rise: got 000 @ 1572000
"uvm_tb.sv", 2355: pcs_tb_top.AST_SDD_EXACTLY2: started at 1572000ps failed at 1588000ps
	Offending '(!((((pcs_tb_top.dut_if.Dout[3] inside {3'b010, 3'b110}) && (pcs_tb_top.dut_if.Dout[2] inside {3'b010, 3'b110})) && (pcs_tb_top.dut_if.Dout[1] inside {3'b010, 3'b110})) && (pcs_tb_top.dut_if.Dout[0] inside {3'b010, 3'b110})))'
Error: "uvm_tb.sv", 2355: pcs_tb_top.AST_SDD_EXACTLY2: at time 1588000 ps
[ASSERT/ORDER] All-±2 output persists after SDD2 (stuck in SDD?) @ 1588000
UVM_ERROR uvm_tb.sv(1312) @ 1596000: uvm_test_top.env.sb [SB/SYM] MISMATCH exp=d80 act=c02 ph=PH_DATA cycle=193
UVM_ERROR uvm_tb.sv(1312) @ 1604000: uvm_test_top.env.sb [SB/SYM] MISMATCH exp=e37 act=f81 ph=PH_DATA cycle=194
UVM_ERROR uvm_tb.sv(1312) @ 1612000: uvm_test_top.env.sb [SB/SYM] MISMATCH exp=397 act=df9 ph=PH_DATA cycle=195
UVM_ERROR uvm_tb.sv(1312) @ 1620000: uvm_test_top.env.sb [SB/SYM] MISMATCH exp=3d7 act=241 ph=PH_CSR cycle=196
UVM_ERROR uvm_tb.sv(1312) @ 1628000: uvm_test_top.env.sb [SB/SYM] MISMATCH exp=d89 act=5b2 ph=PH_CSR cycle=197
UVM_ERROR uvm_tb.sv(1312) @ 1636000: uvm_test_top.env.sb [SB/SYM] MISMATCH exp=c96 act=492 ph=PH_ESD cycle=198
UVM_ERROR uvm_tb.sv(1312) @ 1644000: uvm_test_top.env.sb [SB/SYM] MISMATCH exp=db6 act=592 ph=PH_ESD cycle=199
"uvm_tb.sv", 2372: pcs_tb_top.AST_ESD_EXACTLY2: started at 1620000ps failed at 1652000ps
	Offending '(!((((pcs_tb_top.dut_if.Dout[3] inside {3'b010, 3'b110}) && (pcs_tb_top.dut_if.Dout[2] inside {3'b010, 3'b110})) && (pcs_tb_top.dut_if.Dout[1] inside {3'b010, 3'b110})) && (pcs_tb_top.dut_if.Dout[0] inside {3'b010, 3'b110})))'
Error: "uvm_tb.sv", 2372: pcs_tb_top.AST_ESD_EXACTLY2: at time 1652000 ps
[ASSERT/ORDER] All-±2 output persists after ESD2 (stuck in ESD?) @ 1652000
UVM_ERROR uvm_tb.sv(1312) @ 1660000: uvm_test_top.env.sb [SB/SYM] MISMATCH exp=0b0 act=030 ph=PH_SDD cycle=201
"uvm_tb.sv", 2275: pcs_tb_top.AST_SDD1_NONZERO: started at 1660000ps failed at 1660000ps
	Offending '((((pcs_tb_top.dut_if.Dout[3] inside {3'b010, 3'b110}) && (pcs_tb_top.dut_if.Dout[2] inside {3'b010, 3'b110})) && (pcs_tb_top.dut_if.Dout[1] inside {3'b010, 3'b110})) && (pcs_tb_top.dut_if.Dout[0] inside {3'b010, 3'b110}))'
Error: "uvm_tb.sv", 2275: pcs_tb_top.AST_SDD1_NONZERO: at time 1660000 ps
[ASSERT/SDD] SDD1: lane(s) not ±2 at TX_EN rise: got 030 @ 1660000
"uvm_tb.sv", 2355: pcs_tb_top.AST_SDD_EXACTLY2: started at 1660000ps failed at 1676000ps
	Offending '(!((((pcs_tb_top.dut_if.Dout[3] inside {3'b010, 3'b110}) && (pcs_tb_top.dut_if.Dout[2] inside {3'b010, 3'b110})) && (pcs_tb_top.dut_if.Dout[1] inside {3'b010, 3'b110})) && (pcs_tb_top.dut_if.Dout[0] inside {3'b010, 3'b110})))'
Error: "uvm_tb.sv", 2355: pcs_tb_top.AST_SDD_EXACTLY2: at time 1676000 ps
[ASSERT/ORDER] All-±2 output persists after SDD2 (stuck in SDD?) @ 1676000
UVM_ERROR uvm_tb.sv(1312) @ 1684000: uvm_test_top.env.sb [SB/SYM] MISMATCH exp=1b6 act=180 ph=PH_DATA cycle=204
UVM_ERROR uvm_tb.sv(1312) @ 1692000: uvm_test_top.env.sb [SB/SYM] MISMATCH exp=04e act=281 ph=PH_DATA cycle=205
UVM_ERROR uvm_tb.sv(1312) @ 1700000: uvm_test_top.env.sb [SB/SYM] MISMATCH exp=c89 act=c8e ph=PH_DATA cycle=206
UVM_ERROR uvm_tb.sv(1312) @ 1708000: uvm_test_top.env.sb [SB/SYM] MISMATCH exp=5ce act=e91 ph=PH_CSR cycle=207
UVM_ERROR uvm_tb.sv(1312) @ 1716000: uvm_test_top.env.sb [SB/SYM] MISMATCH exp=3b1 act=497 ph=PH_CSR cycle=208
UVM_ERROR uvm_tb.sv(1312) @ 1724000: uvm_test_top.env.sb [SB/SYM] MISMATCH exp=c96 act=5b2 ph=PH_ESD cycle=209
"uvm_tb.sv", 2372: pcs_tb_top.AST_ESD_EXACTLY2: started at 1708000ps failed at 1740000ps
	Offending '(!((((pcs_tb_top.dut_if.Dout[3] inside {3'b010, 3'b110}) && (pcs_tb_top.dut_if.Dout[2] inside {3'b010, 3'b110})) && (pcs_tb_top.dut_if.Dout[1] inside {3'b010, 3'b110})) && (pcs_tb_top.dut_if.Dout[0] inside {3'b010, 3'b110})))'
Error: "uvm_tb.sv", 2372: pcs_tb_top.AST_ESD_EXACTLY2: at time 1740000 ps
[ASSERT/ORDER] All-±2 output persists after ESD2 (stuck in ESD?) @ 1740000
UVM_ERROR uvm_tb.sv(1312) @ 1748000: uvm_test_top.env.sb [SB/SYM] MISMATCH exp=092 act=000 ph=PH_IDLE cycle=212
UVM_ERROR uvm_tb.sv(1312) @ 1756000: uvm_test_top.env.sb [SB/SYM] MISMATCH exp=c00 act=1b0 ph=PH_IDLE cycle=213
UVM_ERROR uvm_tb.sv(1312) @ 1764000: uvm_test_top.env.sb [SB/SYM] MISMATCH exp=1b0 act=006 ph=PH_IDLE cycle=214
UVM_ERROR uvm_tb.sv(1312) @ 1772000: uvm_test_top.env.sb [SB/SYM] MISMATCH exp=002 act=182 ph=PH_IDLE cycle=215
UVM_ERROR uvm_tb.sv(1312) @ 1780000: uvm_test_top.env.sb [SB/SYM] MISMATCH exp=016 act=010 ph=PH_IDLE cycle=216
UVM_ERROR uvm_tb.sv(1312) @ 1788000: uvm_test_top.env.sb [SB/SYM] MISMATCH exp=c80 act=086 ph=PH_IDLE cycle=217
UVM_ERROR uvm_tb.sv(1312) @ 1804000: uvm_test_top.env.sb [SB/SYM] MISMATCH exp=086 act=0b6 ph=PH_IDLE cycle=219
UVM_ERROR uvm_tb.sv(1312) @ 1812000: uvm_test_top.env.sb [SB/SYM] MISMATCH exp=010 act=000 ph=PH_IDLE cycle=220
UVM_ERROR uvm_tb.sv(1312) @ 1820000: uvm_test_top.env.sb [SB/SYM] MISMATCH exp=182 act=032 ph=PH_IDLE cycle=221
UVM_ERROR uvm_tb.sv(1312) @ 1828000: uvm_test_top.env.sb [SB/SYM] MISMATCH exp=096 act=080 ph=PH_IDLE cycle=222
UVM_ERROR uvm_tb.sv(1312) @ 1836000: uvm_test_top.env.sb [SB/SYM] MISMATCH exp=c00 act=0b0 ph=PH_IDLE cycle=223
UVM_ERROR uvm_tb.sv(1312) @ 1844000: uvm_test_top.env.sb [SB/SYM] MISMATCH exp=5b2 act=002 ph=PH_IDLE cycle=224
UVM_ERROR uvm_tb.sv(1312) @ 1860000: uvm_test_top.env.sb [SB/SYM] MISMATCH exp=002 act=192 ph=PH_IDLE cycle=226
UVM_ERROR uvm_tb.sv(1312) @ 1868000: uvm_test_top.env.sb [SB/SYM] MISMATCH exp=090 act=006 ph=PH_IDLE cycle=227
UVM_ERROR uvm_tb.sv(1312) @ 1884000: uvm_test_top.env.sb [SB/SYM] MISMATCH exp=002 act=180 ph=PH_IDLE cycle=229
UVM_ERROR uvm_tb.sv(1312) @ 1892000: uvm_test_top.env.sb [SB/SYM] MISMATCH exp=080 act=036 ph=PH_IDLE cycle=230
UVM_INFO /home/morris/uvm-1.2/src/base/uvm_objection.svh(1270) @ 1900000: reporter [TEST_DONE] 'run' phase is ready to proceed to the 'extract' phase
UVM_INFO uvm_tb.sv(1645) @ 1900000: uvm_test_top.env.cov [COV] ======= COVERAGE =======
UVM_INFO uvm_tb.sv(1647) @ 1900000: uvm_test_top.env.cov [COV]   stream_phase : 100.0%
UVM_INFO uvm_tb.sv(1649) @ 1900000: uvm_test_top.env.cov [COV]   pam5_sym     : 100.0%
UVM_INFO uvm_tb.sv(1651) @ 1900000: uvm_test_top.env.cov [COV]   sign_reversal: 100.0%
UVM_INFO uvm_tb.sv(1653) @ 1900000: uvm_test_top.env.cov [COV]   sdd_pattern  : 100.0%
UVM_INFO uvm_tb.sv(1655) @ 1900000: uvm_test_top.env.cov [COV]   esd_pattern  : 50.0%
UVM_INFO uvm_tb.sv(1657) @ 1900000: uvm_test_top.env.cov [COV]   phase_trans  : 100.0%
UVM_INFO uvm_tb.sv(1660) @ 1900000: uvm_test_top.env.cov [COV]   txen_edges   : 100.0%
UVM_INFO uvm_tb.sv(1662) @ 1900000: uvm_test_top.env.cov [COV]   din_ranges   : 100.0%
UVM_INFO uvm_tb.sv(1664) @ 1900000: uvm_test_top.env.cov [COV]   din7_data    : 100.0%
UVM_INFO uvm_tb.sv(1666) @ 1900000: uvm_test_top.env.cov [COV]   csr_patterns : 25.0%
UVM_INFO uvm_tb.sv(1668) @ 1900000: uvm_test_top.env.cov [COV]   esd_mismatch : 100.0%
UVM_INFO uvm_tb.sv(1670) @ 1900000: uvm_test_top.env.cov [COV]   pkt_length   : 100.0%
UVM_INFO uvm_tb.sv(1672) @ 1900000: uvm_test_top.env.cov [COV]   b2b_trans    : 66.7%
UVM_INFO uvm_tb.sv(1674) @ 1900000: uvm_test_top.env.cov [COV]   txen_x_din7  : 100.0%
UVM_INFO uvm_tb.sv(1676) @ 1900000: uvm_test_top.env.cov [COV] ========================
UVM_INFO uvm_tb.sv(1322) @ 1900000: uvm_test_top.env.sb [SB] ============ SCOREBOARD ============
UVM_INFO uvm_tb.sv(1323) @ 1900000: uvm_test_top.env.sb [SB]   Total   : 230
UVM_INFO uvm_tb.sv(1324) @ 1900000: uvm_test_top.env.sb [SB]   Passed  : 293
UVM_INFO uvm_tb.sv(1325) @ 1900000: uvm_test_top.env.sb [SB]   Failed  : 151
UVM_INFO uvm_tb.sv(1326) @ 1900000: uvm_test_top.env.sb [SB]   PAM5 err: 0
UVM_INFO uvm_tb.sv(1327) @ 1900000: uvm_test_top.env.sb [SB]   Seq  err: 0
UVM_INFO uvm_tb.sv(1328) @ 1900000: uvm_test_top.env.sb [SB]   Sym  err: 151
UVM_ERROR uvm_tb.sv(1332) @ 1900000: uvm_test_top.env.sb [SB]   *** 151 FAILURES ***
UVM_INFO uvm_tb.sv(1333) @ 1900000: uvm_test_top.env.sb [SB] ====================================
UVM_INFO /home/morris/uvm-1.2/src/base/uvm_report_server.svh(847) @ 1900000: reporter [UVM/REPORT/SERVER] 
--- UVM Report Summary ---

** Report counts by severity
UVM_INFO :   28
UVM_WARNING :    0
UVM_ERROR :  152
UVM_FATAL :    0
** Report counts by id
[COV]    16
[RNTST]     1
[SB]     9
[SB/SYM]   151
[TEST]     1
[TEST_DONE]     1
[UVM/RELNOTES]     1

$finish called from file "/home/morris/uvm-1.2/src/base/uvm_root.svh", line 517.
$finish at simulation time              1900000

---------------------------------------------------------------------------
VCS Coverage Metrics: during simulation line, cond, FSM, branch, tgl was monitored
---------------------------------------------------------------------------

 Coverage status: End of All Coverages ...

           V C S   S i m u l a t i o n   R e p o r t 
Time: 1900000 ps
CPU Time:      0.540 seconds;       Data structure size:   0.3Mb
Mon May 11 15:57:28 2026

========================================================
  SCOREBOARD
========================================================
UVM_INFO uvm_tb.sv(1323) @ 1900000: uvm_test_top.env.sb [SB]   Total   : 230
UVM_INFO uvm_tb.sv(1324) @ 1900000: uvm_test_top.env.sb [SB]   Passed  : 293
UVM_INFO uvm_tb.sv(1325) @ 1900000: uvm_test_top.env.sb [SB]   Failed  : 151
UVM_INFO uvm_tb.sv(1326) @ 1900000: uvm_test_top.env.sb [SB]   PAM5 err: 0
UVM_INFO uvm_tb.sv(1327) @ 1900000: uvm_test_top.env.sb [SB]   Seq  err: 0
UVM_INFO uvm_tb.sv(1328) @ 1900000: uvm_test_top.env.sb [SB]   Sym  err: 151
UVM_ERROR uvm_tb.sv(1332) @ 1900000: uvm_test_top.env.sb [SB]   *** 151 FAILURES ***

========================================================
  COVERAGE
========================================================
UVM_INFO uvm_tb.sv(1647) @ 1900000: uvm_test_top.env.cov [COV]   stream_phase : 100.0%
UVM_INFO uvm_tb.sv(1649) @ 1900000: uvm_test_top.env.cov [COV]   pam5_sym     : 100.0%
UVM_INFO uvm_tb.sv(1651) @ 1900000: uvm_test_top.env.cov [COV]   sign_reversal: 100.0%
UVM_INFO uvm_tb.sv(1653) @ 1900000: uvm_test_top.env.cov [COV]   sdd_pattern  : 100.0%
UVM_INFO uvm_tb.sv(1655) @ 1900000: uvm_test_top.env.cov [COV]   esd_pattern  : 50.0%
UVM_INFO uvm_tb.sv(1657) @ 1900000: uvm_test_top.env.cov [COV]   phase_trans  : 100.0%
UVM_INFO uvm_tb.sv(1660) @ 1900000: uvm_test_top.env.cov [COV]   txen_edges   : 100.0%
UVM_INFO uvm_tb.sv(1662) @ 1900000: uvm_test_top.env.cov [COV]   din_ranges   : 100.0%
UVM_INFO uvm_tb.sv(1664) @ 1900000: uvm_test_top.env.cov [COV]   din7_data    : 100.0%
UVM_INFO uvm_tb.sv(1666) @ 1900000: uvm_test_top.env.cov [COV]   csr_patterns : 25.0%
UVM_INFO uvm_tb.sv(1668) @ 1900000: uvm_test_top.env.cov [COV]   esd_mismatch : 100.0%
UVM_INFO uvm_tb.sv(1670) @ 1900000: uvm_test_top.env.cov [COV]   pkt_length   : 100.0%
UVM_INFO uvm_tb.sv(1672) @ 1900000: uvm_test_top.env.cov [COV]   b2b_trans    : 66.7%
UVM_INFO uvm_tb.sv(1674) @ 1900000: uvm_test_top.env.cov [COV]   txen_x_din7  : 100.0%

  Log     : sim_pcs_stress_test.log
  Coverage: coverage.vdb/
========================================================
  STATUS: PASSED -- pcs_stress_test

========================================================
  RUNNING: pcs_exhaustive_test
========================================================

========================================================
  Test : pcs_exhaustive_test
  Files: DUTS26_0.sv uvm_tb.sv
========================================================
=== Compiling ===
/apps/synopsys/vcs_2023/vcs/U-2023.03-SP2-8/bin/vcs: line 3860: lsb_release: command not found

Warning-[LNX_OS_VERUN] Unsupported Linux version
  Linux version 'Red Hat Enterprise Linux release 9.6 (Plow)' is not supported
  on 'x86_64' officially, assuming linux compatibility by default. Set 
  VCS_ARCH_OVERRIDE to linux or suse32 to override.
  Please refer to release notes for information on supported platforms.

                         Chronologic VCS (TM)
      Version U-2023.03-SP2-8_Full64 -- Mon May 11 15:57:29 2026

                    Copyright (c) 1991 - 2024 Synopsys, Inc.
   This software and the associated documentation are proprietary to Synopsys,
 Inc. This software may only be used in accordance with the terms and conditions
 of a written license agreement with Synopsys, Inc. All other use, reproduction,
   or distribution of this software is strictly prohibited.  Licensed Products
     communicate with Synopsys servers for the purpose of providing software
    updates, detecting software piracy and verifying that customers are using
    Licensed Products in conformity with the applicable License Key for such
  Licensed Products. Synopsys will use information gathered in connection with
    this process to deliver software updates and pursue software pirates and
                                   infringers.

 Inclusivity & Diversity - Visit SolvNetPlus to read the "Synopsys Statement on
            Inclusivity and Diversity" (Refer to article 000036315 at
                        https://solvnetplus.synopsys.com)

The design hasn't changed and need not be recompiled. 
If you really want to, delete file simv.daidir/.vcs.timestamp and
run VCS again.

=== Compile OK ===
=== Simulating: pcs_exhaustive_test ===
Info: [VCS_SAVE_RESTORE_INFO] ASLR (Address Space Layout Randomization) is detected on the machine. To enable $save functionality, ASLR will be switched off and simv re-executed.
Please use '-no_save' simv switch to avoid re-execution or '-suppress=ASLR_DETECTED_INFO' to suppress this message.
Chronologic VCS simulator copyright 1991-2023
Contains Synopsys proprietary information.
Compiler version U-2023.03-SP2-8_Full64; Runtime version U-2023.03-SP2-8_Full64;  May 11 15:57 2026
UVM_INFO /home/morris/uvm-1.2/src/base/uvm_root.svh(392) @ 0: reporter [UVM/RELNOTES] 
----------------------------------------------------------------
UVM-1.2
(C) 2007-2014 Mentor Graphics Corporation
(C) 2007-2014 Cadence Design Systems, Inc.
(C) 2006-2014 Synopsys, Inc.
(C) 2011-2013 Cypress Semiconductor Corp.
(C) 2013-2014 NVIDIA Corporation
----------------------------------------------------------------

  ***********       IMPORTANT RELEASE NOTES         ************

  You are using a version of the UVM library that has been compiled
  with `UVM_NO_DEPRECATED undefined.
  See http://www.eda.org/svdb/view.php?id=3313 for more details.

  You are using a version of the UVM library that has been compiled
  with `UVM_OBJECT_DO_NOT_NEED_CONSTRUCTOR undefined.
  See http://www.eda.org/svdb/view.php?id=3770 for more details.

      (Specify +UVM_NO_RELNOTES to turn off this notice)


 VCS Coverage Metrics Release U-2023.03-SP2-8_Full64 Copyright (c) 1991-2023 by Synopsys Inc.
UVM_INFO @ 0: reporter [RNTST] Running test pcs_exhaustive_test...
UVM_INFO uvm_tb.sv(1900) @ 0: uvm_test_top [TEST] === EXHAUSTIVE TEST (200 random pkts) ===
"uvm_tb.sv", 2217: pcs_tb_top.AST_NOX_A: started at 4000ps failed at 4000ps
	Offending '(!$isunknown(pcs_tb_top.dut_if.Dout[3]))'
Error: "uvm_tb.sv", 2217: pcs_tb_top.AST_NOX_A: at time 4000 ps
[ASSERT/NOX] lane A is X/Z @ 4000
"uvm_tb.sv", 2219: pcs_tb_top.AST_NOX_B: started at 4000ps failed at 4000ps
	Offending '(!$isunknown(pcs_tb_top.dut_if.Dout[2]))'
Error: "uvm_tb.sv", 2219: pcs_tb_top.AST_NOX_B: at time 4000 ps
[ASSERT/NOX] lane B is X/Z @ 4000
"uvm_tb.sv", 2221: pcs_tb_top.AST_NOX_C: started at 4000ps failed at 4000ps
	Offending '(!$isunknown(pcs_tb_top.dut_if.Dout[1]))'
Error: "uvm_tb.sv", 2221: pcs_tb_top.AST_NOX_C: at time 4000 ps
[ASSERT/NOX] lane C is X/Z @ 4000
"uvm_tb.sv", 2223: pcs_tb_top.AST_NOX_D: started at 4000ps failed at 4000ps
	Offending '(!$isunknown(pcs_tb_top.dut_if.Dout[0]))'
Error: "uvm_tb.sv", 2223: pcs_tb_top.AST_NOX_D: at time 4000 ps
[ASSERT/NOX] lane D is X/Z @ 4000
UVM_ERROR uvm_tb.sv(1312) @ 68000: uvm_test_top.env.sb [SB/SYM] MISMATCH exp=db0 act=036 ph=PH_IDLE cycle=2
UVM_ERROR uvm_tb.sv(1312) @ 76000: uvm_test_top.env.sb [SB/SYM] MISMATCH exp=006 act=180 ph=PH_IDLE cycle=3
UVM_ERROR uvm_tb.sv(1312) @ 84000: uvm_test_top.env.sb [SB/SYM] MISMATCH exp=1b0 act=036 ph=PH_IDLE cycle=4
UVM_ERROR uvm_tb.sv(1312) @ 92000: uvm_test_top.env.sb [SB/SYM] MISMATCH exp=006 act=000 ph=PH_IDLE cycle=5
UVM_ERROR uvm_tb.sv(1312) @ 100000: uvm_test_top.env.sb [SB/SYM] MISMATCH exp=0b0 act=0b6 ph=PH_IDLE cycle=6
UVM_ERROR uvm_tb.sv(1312) @ 108000: uvm_test_top.env.sb [SB/SYM] MISMATCH exp=006 act=180 ph=PH_SDD cycle=7
"uvm_tb.sv", 2275: pcs_tb_top.AST_SDD1_NONZERO: started at 108000ps failed at 108000ps
	Offending '((((pcs_tb_top.dut_if.Dout[3] inside {3'b010, 3'b110}) && (pcs_tb_top.dut_if.Dout[2] inside {3'b010, 3'b110})) && (pcs_tb_top.dut_if.Dout[1] inside {3'b010, 3'b110})) && (pcs_tb_top.dut_if.Dout[0] inside {3'b010, 3'b110}))'
Error: "uvm_tb.sv", 2275: pcs_tb_top.AST_SDD1_NONZERO: at time 108000 ps
[ASSERT/SDD] SDD1: lane(s) not ±2 at TX_EN rise: got 180 @ 108000
"uvm_tb.sv", 2355: pcs_tb_top.AST_SDD_EXACTLY2: started at 108000ps failed at 124000ps
	Offending '(!((((pcs_tb_top.dut_if.Dout[3] inside {3'b010, 3'b110}) && (pcs_tb_top.dut_if.Dout[2] inside {3'b010, 3'b110})) && (pcs_tb_top.dut_if.Dout[1] inside {3'b010, 3'b110})) && (pcs_tb_top.dut_if.Dout[0] inside {3'b010, 3'b110})))'
Error: "uvm_tb.sv", 2355: pcs_tb_top.AST_SDD_EXACTLY2: at time 124000 ps
[ASSERT/ORDER] All-±2 output persists after SDD2 (stuck in SDD?) @ 124000
UVM_ERROR uvm_tb.sv(1312) @ 132000: uvm_test_top.env.sb [SB/SYM] MISMATCH exp=030 act=036 ph=PH_CSR cycle=10
UVM_ERROR uvm_tb.sv(1312) @ 156000: uvm_test_top.env.sb [SB/SYM] MISMATCH exp=db6 act=4b2 ph=PH_ESD cycle=13
"uvm_tb.sv", 2372: pcs_tb_top.AST_ESD_EXACTLY2: started at 132000ps failed at 164000ps
	Offending '(!((((pcs_tb_top.dut_if.Dout[3] inside {3'b010, 3'b110}) && (pcs_tb_top.dut_if.Dout[2] inside {3'b010, 3'b110})) && (pcs_tb_top.dut_if.Dout[1] inside {3'b010, 3'b110})) && (pcs_tb_top.dut_if.Dout[0] inside {3'b010, 3'b110})))'
Error: "uvm_tb.sv", 2372: pcs_tb_top.AST_ESD_EXACTLY2: at time 164000 ps
[ASSERT/ORDER] All-±2 output persists after ESD2 (stuck in ESD?) @ 164000
"uvm_tb.sv", 2355: pcs_tb_top.AST_SDD_EXACTLY2: started at 164000ps failed at 180000ps
	Offending '(!((((pcs_tb_top.dut_if.Dout[3] inside {3'b010, 3'b110}) && (pcs_tb_top.dut_if.Dout[2] inside {3'b010, 3'b110})) && (pcs_tb_top.dut_if.Dout[1] inside {3'b010, 3'b110})) && (pcs_tb_top.dut_if.Dout[0] inside {3'b010, 3'b110})))'
Error: "uvm_tb.sv", 2355: pcs_tb_top.AST_SDD_EXACTLY2: at time 180000 ps
[ASSERT/ORDER] All-±2 output persists after SDD2 (stuck in SDD?) @ 180000
UVM_ERROR uvm_tb.sv(1312) @ 188000: uvm_test_top.env.sb [SB/SYM] MISMATCH exp=000 act=180 ph=PH_DATA cycle=17
UVM_ERROR uvm_tb.sv(1312) @ 196000: uvm_test_top.env.sb [SB/SYM] MISMATCH exp=5d7 act=5d1 ph=PH_DATA cycle=18
UVM_ERROR uvm_tb.sv(1312) @ 204000: uvm_test_top.env.sb [SB/SYM] MISMATCH exp=591 act=db2 ph=PH_DATA cycle=19
UVM_ERROR uvm_tb.sv(1312) @ 212000: uvm_test_top.env.sb [SB/SYM] MISMATCH exp=cba act=3d0 ph=PH_DATA cycle=20
UVM_ERROR uvm_tb.sv(1312) @ 220000: uvm_test_top.env.sb [SB/SYM] MISMATCH exp=e32 act=392 ph=PH_DATA cycle=21
UVM_ERROR uvm_tb.sv(1312) @ 228000: uvm_test_top.env.sb [SB/SYM] MISMATCH exp=c38 act=40f ph=PH_DATA cycle=22
UVM_ERROR uvm_tb.sv(1312) @ 236000: uvm_test_top.env.sb [SB/SYM] MISMATCH exp=181 act=3fa ph=PH_DATA cycle=23
UVM_ERROR uvm_tb.sv(1312) @ 244000: uvm_test_top.env.sb [SB/SYM] MISMATCH exp=e78 act=279 ph=PH_CSR cycle=24
UVM_ERROR uvm_tb.sv(1312) @ 252000: uvm_test_top.env.sb [SB/SYM] MISMATCH exp=c56 act=5b6 ph=PH_CSR cycle=25
UVM_ERROR uvm_tb.sv(1312) @ 260000: uvm_test_top.env.sb [SB/SYM] MISMATCH exp=d89 act=596 ph=PH_ESD cycle=26
UVM_ERROR uvm_tb.sv(1312) @ 268000: uvm_test_top.env.sb [SB/SYM] MISMATCH exp=db6 act=496 ph=PH_ESD cycle=27
"uvm_tb.sv", 2372: pcs_tb_top.AST_ESD_EXACTLY2: started at 244000ps failed at 276000ps
	Offending '(!((((pcs_tb_top.dut_if.Dout[3] inside {3'b010, 3'b110}) && (pcs_tb_top.dut_if.Dout[2] inside {3'b010, 3'b110})) && (pcs_tb_top.dut_if.Dout[1] inside {3'b010, 3'b110})) && (pcs_tb_top.dut_if.Dout[0] inside {3'b010, 3'b110})))'
Error: "uvm_tb.sv", 2372: pcs_tb_top.AST_ESD_EXACTLY2: at time 276000 ps
[ASSERT/ORDER] All-±2 output persists after ESD2 (stuck in ESD?) @ 276000
UVM_ERROR uvm_tb.sv(1312) @ 284000: uvm_test_top.env.sb [SB/SYM] MISMATCH exp=006 act=086 ph=PH_IDLE cycle=29
UVM_ERROR uvm_tb.sv(1312) @ 292000: uvm_test_top.env.sb [SB/SYM] MISMATCH exp=1b0 act=030 ph=PH_IDLE cycle=30
UVM_ERROR uvm_tb.sv(1312) @ 300000: uvm_test_top.env.sb [SB/SYM] MISMATCH exp=002 act=030 ph=PH_SDD cycle=31
"uvm_tb.sv", 2275: pcs_tb_top.AST_SDD1_NONZERO: started at 300000ps failed at 300000ps
	Offending '((((pcs_tb_top.dut_if.Dout[3] inside {3'b010, 3'b110}) && (pcs_tb_top.dut_if.Dout[2] inside {3'b010, 3'b110})) && (pcs_tb_top.dut_if.Dout[1] inside {3'b010, 3'b110})) && (pcs_tb_top.dut_if.Dout[0] inside {3'b010, 3'b110}))'
Error: "uvm_tb.sv", 2275: pcs_tb_top.AST_SDD1_NONZERO: at time 300000 ps
[ASSERT/SDD] SDD1: lane(s) not ±2 at TX_EN rise: got 030 @ 300000
"uvm_tb.sv", 2355: pcs_tb_top.AST_SDD_EXACTLY2: started at 300000ps failed at 316000ps
	Offending '(!((((pcs_tb_top.dut_if.Dout[3] inside {3'b010, 3'b110}) && (pcs_tb_top.dut_if.Dout[2] inside {3'b010, 3'b110})) && (pcs_tb_top.dut_if.Dout[1] inside {3'b010, 3'b110})) && (pcs_tb_top.dut_if.Dout[0] inside {3'b010, 3'b110})))'
Error: "uvm_tb.sv", 2355: pcs_tb_top.AST_SDD_EXACTLY2: at time 316000 ps
[ASSERT/ORDER] All-±2 output persists after SDD2 (stuck in SDD?) @ 316000
UVM_ERROR uvm_tb.sv(1312) @ 324000: uvm_test_top.env.sb [SB/SYM] MISMATCH exp=182 act=032 ph=PH_DATA cycle=34
UVM_ERROR uvm_tb.sv(1312) @ 332000: uvm_test_top.env.sb [SB/SYM] MISMATCH exp=c06 act=c36 ph=PH_DATA cycle=35
UVM_ERROR uvm_tb.sv(1312) @ 340000: uvm_test_top.env.sb [SB/SYM] MISMATCH exp=3c2 act=3f7 ph=PH_DATA cycle=36
UVM_ERROR uvm_tb.sv(1312) @ 348000: uvm_test_top.env.sb [SB/SYM] MISMATCH exp=ff8 act=3f9 ph=PH_DATA cycle=37
UVM_ERROR uvm_tb.sv(1312) @ 356000: uvm_test_top.env.sb [SB/SYM] MISMATCH exp=cb9 act=58f ph=PH_DATA cycle=38
UVM_ERROR uvm_tb.sv(1312) @ 364000: uvm_test_top.env.sb [SB/SYM] MISMATCH exp=282 act=e92 ph=PH_DATA cycle=39
UVM_ERROR uvm_tb.sv(1312) @ 372000: uvm_test_top.env.sb [SB/SYM] MISMATCH exp=fc8 act=fcf ph=PH_CSR cycle=40
UVM_ERROR uvm_tb.sv(1312) @ 380000: uvm_test_top.env.sb [SB/SYM] MISMATCH exp=c56 act=472 ph=PH_CSR cycle=41
UVM_ERROR uvm_tb.sv(1312) @ 388000: uvm_test_top.env.sb [SB/SYM] MISMATCH exp=d89 act=db1 ph=PH_ESD cycle=42
"uvm_tb.sv", 2305: pcs_tb_top.AST_ESD1_NONZERO: started at 372000ps failed at 388000ps
	Offending '((((pcs_tb_top.dut_if.Dout[3] inside {3'b010, 3'b110}) && (pcs_tb_top.dut_if.Dout[2] inside {3'b010, 3'b110})) && (pcs_tb_top.dut_if.Dout[1] inside {3'b010, 3'b110})) && (pcs_tb_top.dut_if.Dout[0] inside {3'b010, 3'b110}))'
Error: "uvm_tb.sv", 2305: pcs_tb_top.AST_ESD1_NONZERO: at time 388000 ps
[ASSERT/ESD] ESD1: lane(s) not ±2 two cycles after TX_EN fall: got db1 @ 388000
UVM_ERROR uvm_tb.sv(1312) @ 396000: uvm_test_top.env.sb [SB/SYM] MISMATCH exp=db6 act=596 ph=PH_ESD cycle=43
"uvm_tb.sv", 2372: pcs_tb_top.AST_ESD_EXACTLY2: started at 372000ps failed at 404000ps
	Offending '(!((((pcs_tb_top.dut_if.Dout[3] inside {3'b010, 3'b110}) && (pcs_tb_top.dut_if.Dout[2] inside {3'b010, 3'b110})) && (pcs_tb_top.dut_if.Dout[1] inside {3'b010, 3'b110})) && (pcs_tb_top.dut_if.Dout[0] inside {3'b010, 3'b110})))'
Error: "uvm_tb.sv", 2372: pcs_tb_top.AST_ESD_EXACTLY2: at time 404000 ps
[ASSERT/ORDER] All-±2 output persists after ESD2 (stuck in ESD?) @ 404000
UVM_ERROR uvm_tb.sv(1312) @ 412000: uvm_test_top.env.sb [SB/SYM] MISMATCH exp=1b0 act=180 ph=PH_IDLE cycle=45
UVM_ERROR uvm_tb.sv(1312) @ 420000: uvm_test_top.env.sb [SB/SYM] MISMATCH exp=190 act=016 ph=PH_IDLE cycle=46
UVM_ERROR uvm_tb.sv(1312) @ 428000: uvm_test_top.env.sb [SB/SYM] MISMATCH exp=002 act=1b2 ph=PH_IDLE cycle=47
UVM_ERROR uvm_tb.sv(1312) @ 436000: uvm_test_top.env.sb [SB/SYM] MISMATCH exp=090 act=000 ph=PH_IDLE cycle=48
"uvm_tb.sv", 2275: pcs_tb_top.AST_SDD1_NONZERO: started at 444000ps failed at 444000ps
	Offending '((((pcs_tb_top.dut_if.Dout[3] inside {3'b010, 3'b110}) && (pcs_tb_top.dut_if.Dout[2] inside {3'b010, 3'b110})) && (pcs_tb_top.dut_if.Dout[1] inside {3'b010, 3'b110})) && (pcs_tb_top.dut_if.Dout[0] inside {3'b010, 3'b110}))'
Error: "uvm_tb.sv", 2275: pcs_tb_top.AST_SDD1_NONZERO: at time 444000 ps
[ASSERT/SDD] SDD1: lane(s) not ±2 at TX_EN rise: got 002 @ 444000
"uvm_tb.sv", 2355: pcs_tb_top.AST_SDD_EXACTLY2: started at 444000ps failed at 460000ps
	Offending '(!((((pcs_tb_top.dut_if.Dout[3] inside {3'b010, 3'b110}) && (pcs_tb_top.dut_if.Dout[2] inside {3'b010, 3'b110})) && (pcs_tb_top.dut_if.Dout[1] inside {3'b010, 3'b110})) && (pcs_tb_top.dut_if.Dout[0] inside {3'b010, 3'b110})))'
Error: "uvm_tb.sv", 2355: pcs_tb_top.AST_SDD_EXACTLY2: at time 460000 ps
[ASSERT/ORDER] All-±2 output persists after SDD2 (stuck in SDD?) @ 460000
UVM_ERROR uvm_tb.sv(1312) @ 468000: uvm_test_top.env.sb [SB/SYM] MISMATCH exp=1b2 act=002 ph=PH_DATA cycle=52
UVM_ERROR uvm_tb.sv(1312) @ 476000: uvm_test_top.env.sb [SB/SYM] MISMATCH exp=036 act=0b0 ph=PH_CSR cycle=53
UVM_ERROR uvm_tb.sv(1312) @ 492000: uvm_test_top.env.sb [SB/SYM] MISMATCH exp=c96 act=db2 ph=PH_ESD cycle=55
UVM_ERROR uvm_tb.sv(1312) @ 500000: uvm_test_top.env.sb [SB/SYM] MISMATCH exp=db6 act=4b6 ph=PH_ESD cycle=56
"uvm_tb.sv", 2372: pcs_tb_top.AST_ESD_EXACTLY2: started at 476000ps failed at 508000ps
	Offending '(!((((pcs_tb_top.dut_if.Dout[3] inside {3'b010, 3'b110}) && (pcs_tb_top.dut_if.Dout[2] inside {3'b010, 3'b110})) && (pcs_tb_top.dut_if.Dout[1] inside {3'b010, 3'b110})) && (pcs_tb_top.dut_if.Dout[0] inside {3'b010, 3'b110})))'
Error: "uvm_tb.sv", 2372: pcs_tb_top.AST_ESD_EXACTLY2: at time 508000 ps
[ASSERT/ORDER] All-±2 output persists after ESD2 (stuck in ESD?) @ 508000
UVM_ERROR uvm_tb.sv(1312) @ 516000: uvm_test_top.env.sb [SB/SYM] MISMATCH exp=1b0 act=182 ph=PH_IDLE cycle=58
UVM_ERROR uvm_tb.sv(1312) @ 524000: uvm_test_top.env.sb [SB/SYM] MISMATCH exp=002 act=182 ph=PH_SDD cycle=59
"uvm_tb.sv", 2275: pcs_tb_top.AST_SDD1_NONZERO: started at 524000ps failed at 524000ps
	Offending '((((pcs_tb_top.dut_if.Dout[3] inside {3'b010, 3'b110}) && (pcs_tb_top.dut_if.Dout[2] inside {3'b010, 3'b110})) && (pcs_tb_top.dut_if.Dout[1] inside {3'b010, 3'b110})) && (pcs_tb_top.dut_if.Dout[0] inside {3'b010, 3'b110}))'
Error: "uvm_tb.sv", 2275: pcs_tb_top.AST_SDD1_NONZERO: at time 524000 ps
[ASSERT/SDD] SDD1: lane(s) not ±2 at TX_EN rise: got 182 @ 524000
"uvm_tb.sv", 2355: pcs_tb_top.AST_SDD_EXACTLY2: started at 524000ps failed at 540000ps
	Offending '(!((((pcs_tb_top.dut_if.Dout[3] inside {3'b010, 3'b110}) && (pcs_tb_top.dut_if.Dout[2] inside {3'b010, 3'b110})) && (pcs_tb_top.dut_if.Dout[1] inside {3'b010, 3'b110})) && (pcs_tb_top.dut_if.Dout[0] inside {3'b010, 3'b110})))'
Error: "uvm_tb.sv", 2355: pcs_tb_top.AST_SDD_EXACTLY2: at time 540000 ps
[ASSERT/ORDER] All-±2 output persists after SDD2 (stuck in SDD?) @ 540000
UVM_ERROR uvm_tb.sv(1312) @ 548000: uvm_test_top.env.sb [SB/SYM] MISMATCH exp=010 act=016 ph=PH_DATA cycle=62
UVM_ERROR uvm_tb.sv(1312) @ 556000: uvm_test_top.env.sb [SB/SYM] MISMATCH exp=e88 act=e8a ph=PH_DATA cycle=63
UVM_ERROR uvm_tb.sv(1312) @ 564000: uvm_test_top.env.sb [SB/SYM] MISMATCH exp=488 act=4b8 ph=PH_DATA cycle=64
UVM_ERROR uvm_tb.sv(1312) @ 572000: uvm_test_top.env.sb [SB/SYM] MISMATCH exp=388 act=f89 ph=PH_CSR cycle=65
UVM_ERROR uvm_tb.sv(1312) @ 580000: uvm_test_top.env.sb [SB/SYM] MISMATCH exp=cb1 act=d91 ph=PH_CSR cycle=66
UVM_ERROR uvm_tb.sv(1312) @ 588000: uvm_test_top.env.sb [SB/SYM] MISMATCH exp=d89 act=4b2 ph=PH_ESD cycle=67
UVM_ERROR uvm_tb.sv(1312) @ 596000: uvm_test_top.env.sb [SB/SYM] MISMATCH exp=db6 act=cb6 ph=PH_ESD cycle=68
"uvm_tb.sv", 2372: pcs_tb_top.AST_ESD_EXACTLY2: started at 572000ps failed at 604000ps
	Offending '(!((((pcs_tb_top.dut_if.Dout[3] inside {3'b010, 3'b110}) && (pcs_tb_top.dut_if.Dout[2] inside {3'b010, 3'b110})) && (pcs_tb_top.dut_if.Dout[1] inside {3'b010, 3'b110})) && (pcs_tb_top.dut_if.Dout[0] inside {3'b010, 3'b110})))'
Error: "uvm_tb.sv", 2372: pcs_tb_top.AST_ESD_EXACTLY2: at time 604000 ps
[ASSERT/ORDER] All-±2 output persists after ESD2 (stuck in ESD?) @ 604000
"uvm_tb.sv", 2355: pcs_tb_top.AST_SDD_EXACTLY2: started at 604000ps failed at 620000ps
	Offending '(!((((pcs_tb_top.dut_if.Dout[3] inside {3'b010, 3'b110}) && (pcs_tb_top.dut_if.Dout[2] inside {3'b010, 3'b110})) && (pcs_tb_top.dut_if.Dout[1] inside {3'b010, 3'b110})) && (pcs_tb_top.dut_if.Dout[0] inside {3'b010, 3'b110})))'
Error: "uvm_tb.sv", 2355: pcs_tb_top.AST_SDD_EXACTLY2: at time 620000 ps
[ASSERT/ORDER] All-±2 output persists after SDD2 (stuck in SDD?) @ 620000
UVM_ERROR uvm_tb.sv(1312) @ 628000: uvm_test_top.env.sb [SB/SYM] MISMATCH exp=090 act=096 ph=PH_DATA cycle=72
UVM_ERROR uvm_tb.sv(1312) @ 636000: uvm_test_top.env.sb [SB/SYM] MISMATCH exp=44e act=47e ph=PH_DATA cycle=73
UVM_ERROR uvm_tb.sv(1312) @ 644000: uvm_test_top.env.sb [SB/SYM] MISMATCH exp=1b0 act=000 ph=PH_DATA cycle=74
UVM_ERROR uvm_tb.sv(1312) @ 652000: uvm_test_top.env.sb [SB/SYM] MISMATCH exp=380 act=f87 ph=PH_DATA cycle=75
UVM_ERROR uvm_tb.sv(1312) @ 660000: uvm_test_top.env.sb [SB/SYM] MISMATCH exp=dd1 act=057 ph=PH_CSR cycle=76
UVM_ERROR uvm_tb.sv(1312) @ 668000: uvm_test_top.env.sb [SB/SYM] MISMATCH exp=c96 act=476 ph=PH_CSR cycle=77
UVM_ERROR uvm_tb.sv(1312) @ 676000: uvm_test_top.env.sb [SB/SYM] MISMATCH exp=c96 act=597 ph=PH_ESD cycle=78
"uvm_tb.sv", 2305: pcs_tb_top.AST_ESD1_NONZERO: started at 660000ps failed at 676000ps
	Offending '((((pcs_tb_top.dut_if.Dout[3] inside {3'b010, 3'b110}) && (pcs_tb_top.dut_if.Dout[2] inside {3'b010, 3'b110})) && (pcs_tb_top.dut_if.Dout[1] inside {3'b010, 3'b110})) && (pcs_tb_top.dut_if.Dout[0] inside {3'b010, 3'b110}))'
Error: "uvm_tb.sv", 2305: pcs_tb_top.AST_ESD1_NONZERO: at time 676000 ps
[ASSERT/ESD] ESD1: lane(s) not ±2 two cycles after TX_EN fall: got 597 @ 676000
UVM_ERROR uvm_tb.sv(1312) @ 684000: uvm_test_top.env.sb [SB/SYM] MISMATCH exp=db6 act=4b6 ph=PH_ESD cycle=79
"uvm_tb.sv", 2372: pcs_tb_top.AST_ESD_EXACTLY2: started at 660000ps failed at 692000ps
	Offending '(!((((pcs_tb_top.dut_if.Dout[3] inside {3'b010, 3'b110}) && (pcs_tb_top.dut_if.Dout[2] inside {3'b010, 3'b110})) && (pcs_tb_top.dut_if.Dout[1] inside {3'b010, 3'b110})) && (pcs_tb_top.dut_if.Dout[0] inside {3'b010, 3'b110})))'
Error: "uvm_tb.sv", 2372: pcs_tb_top.AST_ESD_EXACTLY2: at time 692000 ps
[ASSERT/ORDER] All-±2 output persists after ESD2 (stuck in ESD?) @ 692000
UVM_ERROR uvm_tb.sv(1312) @ 700000: uvm_test_top.env.sb [SB/SYM] MISMATCH exp=c00 act=182 ph=PH_IDLE cycle=81
UVM_ERROR uvm_tb.sv(1312) @ 708000: uvm_test_top.env.sb [SB/SYM] MISMATCH exp=196 act=010 ph=PH_IDLE cycle=82
UVM_ERROR uvm_tb.sv(1312) @ 716000: uvm_test_top.env.sb [SB/SYM] MISMATCH exp=000 act=030 ph=PH_IDLE cycle=83
UVM_ERROR uvm_tb.sv(1312) @ 724000: uvm_test_top.env.sb [SB/SYM] MISMATCH exp=000 act=086 ph=PH_IDLE cycle=84
UVM_ERROR uvm_tb.sv(1312) @ 732000: uvm_test_top.env.sb [SB/SYM] MISMATCH exp=092 act=082 ph=PH_SDD cycle=85
"uvm_tb.sv", 2275: pcs_tb_top.AST_SDD1_NONZERO: started at 732000ps failed at 732000ps
	Offending '((((pcs_tb_top.dut_if.Dout[3] inside {3'b010, 3'b110}) && (pcs_tb_top.dut_if.Dout[2] inside {3'b010, 3'b110})) && (pcs_tb_top.dut_if.Dout[1] inside {3'b010, 3'b110})) && (pcs_tb_top.dut_if.Dout[0] inside {3'b010, 3'b110}))'
Error: "uvm_tb.sv", 2275: pcs_tb_top.AST_SDD1_NONZERO: at time 732000 ps
[ASSERT/SDD] SDD1: lane(s) not ±2 at TX_EN rise: got 082 @ 732000
"uvm_tb.sv", 2355: pcs_tb_top.AST_SDD_EXACTLY2: started at 732000ps failed at 748000ps
	Offending '(!((((pcs_tb_top.dut_if.Dout[3] inside {3'b010, 3'b110}) && (pcs_tb_top.dut_if.Dout[2] inside {3'b010, 3'b110})) && (pcs_tb_top.dut_if.Dout[1] inside {3'b010, 3'b110})) && (pcs_tb_top.dut_if.Dout[0] inside {3'b010, 3'b110})))'
Error: "uvm_tb.sv", 2355: pcs_tb_top.AST_SDD_EXACTLY2: at time 748000 ps
[ASSERT/ORDER] All-±2 output persists after SDD2 (stuck in SDD?) @ 748000
UVM_ERROR uvm_tb.sv(1312) @ 756000: uvm_test_top.env.sb [SB/SYM] MISMATCH exp=030 act=000 ph=PH_DATA cycle=88
UVM_ERROR uvm_tb.sv(1312) @ 764000: uvm_test_top.env.sb [SB/SYM] MISMATCH exp=cb9 act=c8f ph=PH_DATA cycle=89
UVM_ERROR uvm_tb.sv(1312) @ 772000: uvm_test_top.env.sb [SB/SYM] MISMATCH exp=280 act=396 ph=PH_CSR cycle=90
UVM_ERROR uvm_tb.sv(1312) @ 780000: uvm_test_top.env.sb [SB/SYM] MISMATCH exp=38e act=452 ph=PH_CSR cycle=91
UVM_ERROR uvm_tb.sv(1312) @ 788000: uvm_test_top.env.sb [SB/SYM] MISMATCH exp=c96 act=db7 ph=PH_ESD cycle=92
"uvm_tb.sv", 2305: pcs_tb_top.AST_ESD1_NONZERO: started at 772000ps failed at 788000ps
	Offending '((((pcs_tb_top.dut_if.Dout[3] inside {3'b010, 3'b110}) && (pcs_tb_top.dut_if.Dout[2] inside {3'b010, 3'b110})) && (pcs_tb_top.dut_if.Dout[1] inside {3'b010, 3'b110})) && (pcs_tb_top.dut_if.Dout[0] inside {3'b010, 3'b110}))'
Error: "uvm_tb.sv", 2305: pcs_tb_top.AST_ESD1_NONZERO: at time 788000 ps
[ASSERT/ESD] ESD1: lane(s) not ±2 two cycles after TX_EN fall: got db7 @ 788000
UVM_ERROR uvm_tb.sv(1312) @ 796000: uvm_test_top.env.sb [SB/SYM] MISMATCH exp=db6 act=596 ph=PH_ESD cycle=93
"uvm_tb.sv", 2372: pcs_tb_top.AST_ESD_EXACTLY2: started at 772000ps failed at 804000ps
	Offending '(!((((pcs_tb_top.dut_if.Dout[3] inside {3'b010, 3'b110}) && (pcs_tb_top.dut_if.Dout[2] inside {3'b010, 3'b110})) && (pcs_tb_top.dut_if.Dout[1] inside {3'b010, 3'b110})) && (pcs_tb_top.dut_if.Dout[0] inside {3'b010, 3'b110})))'
Error: "uvm_tb.sv", 2372: pcs_tb_top.AST_ESD_EXACTLY2: at time 804000 ps
[ASSERT/ORDER] All-±2 output persists after ESD2 (stuck in ESD?) @ 804000
UVM_ERROR uvm_tb.sv(1312) @ 812000: uvm_test_top.env.sb [SB/SYM] MISMATCH exp=000 act=002 ph=PH_IDLE cycle=95
UVM_ERROR uvm_tb.sv(1312) @ 820000: uvm_test_top.env.sb [SB/SYM] MISMATCH exp=006 act=0b0 ph=PH_IDLE cycle=96
UVM_ERROR uvm_tb.sv(1312) @ 836000: uvm_test_top.env.sb [SB/SYM] MISMATCH exp=1b0 act=006 ph=PH_IDLE cycle=98
UVM_ERROR uvm_tb.sv(1312) @ 844000: uvm_test_top.env.sb [SB/SYM] MISMATCH exp=002 act=1b2 ph=PH_SDD cycle=99
"uvm_tb.sv", 2275: pcs_tb_top.AST_SDD1_NONZERO: started at 844000ps failed at 844000ps
	Offending '((((pcs_tb_top.dut_if.Dout[3] inside {3'b010, 3'b110}) && (pcs_tb_top.dut_if.Dout[2] inside {3'b010, 3'b110})) && (pcs_tb_top.dut_if.Dout[1] inside {3'b010, 3'b110})) && (pcs_tb_top.dut_if.Dout[0] inside {3'b010, 3'b110}))'
Error: "uvm_tb.sv", 2275: pcs_tb_top.AST_SDD1_NONZERO: at time 844000 ps
[ASSERT/SDD] SDD1: lane(s) not ±2 at TX_EN rise: got 1b2 @ 844000
"uvm_tb.sv", 2355: pcs_tb_top.AST_SDD_EXACTLY2: started at 844000ps failed at 860000ps
	Offending '(!((((pcs_tb_top.dut_if.Dout[3] inside {3'b010, 3'b110}) && (pcs_tb_top.dut_if.Dout[2] inside {3'b010, 3'b110})) && (pcs_tb_top.dut_if.Dout[1] inside {3'b010, 3'b110})) && (pcs_tb_top.dut_if.Dout[0] inside {3'b010, 3'b110})))'
Error: "uvm_tb.sv", 2355: pcs_tb_top.AST_SDD_EXACTLY2: at time 860000 ps
[ASSERT/ORDER] All-±2 output persists after SDD2 (stuck in SDD?) @ 860000
UVM_ERROR uvm_tb.sv(1312) @ 868000: uvm_test_top.env.sb [SB/SYM] MISMATCH exp=092 act=090 ph=PH_DATA cycle=102
UVM_ERROR uvm_tb.sv(1312) @ 876000: uvm_test_top.env.sb [SB/SYM] MISMATCH exp=00f act=08f ph=PH_CSR cycle=103
UVM_ERROR uvm_tb.sv(1312) @ 892000: uvm_test_top.env.sb [SB/SYM] MISMATCH exp=d89 act=4b2 ph=PH_ESD cycle=105
UVM_ERROR uvm_tb.sv(1312) @ 900000: uvm_test_top.env.sb [SB/SYM] MISMATCH exp=db6 act=d92 ph=PH_ESD cycle=106
"uvm_tb.sv", 2372: pcs_tb_top.AST_ESD_EXACTLY2: started at 876000ps failed at 908000ps
	Offending '(!((((pcs_tb_top.dut_if.Dout[3] inside {3'b010, 3'b110}) && (pcs_tb_top.dut_if.Dout[2] inside {3'b010, 3'b110})) && (pcs_tb_top.dut_if.Dout[1] inside {3'b010, 3'b110})) && (pcs_tb_top.dut_if.Dout[0] inside {3'b010, 3'b110})))'
Error: "uvm_tb.sv", 2372: pcs_tb_top.AST_ESD_EXACTLY2: at time 908000 ps
[ASSERT/ORDER] All-±2 output persists after ESD2 (stuck in ESD?) @ 908000
UVM_ERROR uvm_tb.sv(1312) @ 916000: uvm_test_top.env.sb [SB/SYM] MISMATCH exp=090 act=000 ph=PH_SDD cycle=108
"uvm_tb.sv", 2275: pcs_tb_top.AST_SDD1_NONZERO: started at 916000ps failed at 916000ps
	Offending '((((pcs_tb_top.dut_if.Dout[3] inside {3'b010, 3'b110}) && (pcs_tb_top.dut_if.Dout[2] inside {3'b010, 3'b110})) && (pcs_tb_top.dut_if.Dout[1] inside {3'b010, 3'b110})) && (pcs_tb_top.dut_if.Dout[0] inside {3'b010, 3'b110}))'
Error: "uvm_tb.sv", 2275: pcs_tb_top.AST_SDD1_NONZERO: at time 916000 ps
[ASSERT/SDD] SDD1: lane(s) not ±2 at TX_EN rise: got 000 @ 916000
"uvm_tb.sv", 2355: pcs_tb_top.AST_SDD_EXACTLY2: started at 916000ps failed at 932000ps
	Offending '(!((((pcs_tb_top.dut_if.Dout[3] inside {3'b010, 3'b110}) && (pcs_tb_top.dut_if.Dout[2] inside {3'b010, 3'b110})) && (pcs_tb_top.dut_if.Dout[1] inside {3'b010, 3'b110})) && (pcs_tb_top.dut_if.Dout[0] inside {3'b010, 3'b110})))'
Error: "uvm_tb.sv", 2355: pcs_tb_top.AST_SDD_EXACTLY2: at time 932000 ps
[ASSERT/ORDER] All-±2 output persists after SDD2 (stuck in SDD?) @ 932000
UVM_ERROR uvm_tb.sv(1312) @ 940000: uvm_test_top.env.sb [SB/SYM] MISMATCH exp=000 act=186 ph=PH_DATA cycle=111
UVM_ERROR uvm_tb.sv(1312) @ 948000: uvm_test_top.env.sb [SB/SYM] MISMATCH exp=c39 act=fd2 ph=PH_DATA cycle=112
UVM_ERROR uvm_tb.sv(1312) @ 956000: uvm_test_top.env.sb [SB/SYM] MISMATCH exp=088 act=008 ph=PH_DATA cycle=113
UVM_ERROR uvm_tb.sv(1312) @ 964000: uvm_test_top.env.sb [SB/SYM] MISMATCH exp=44f act=5ff ph=PH_DATA cycle=114
UVM_ERROR uvm_tb.sv(1312) @ 972000: uvm_test_top.env.sb [SB/SYM] MISMATCH exp=c8f act=e51 ph=PH_DATA cycle=115
UVM_ERROR uvm_tb.sv(1312) @ 980000: uvm_test_top.env.sb [SB/SYM] MISMATCH exp=286 act=eb2 ph=PH_DATA cycle=116
UVM_ERROR uvm_tb.sv(1312) @ 988000: uvm_test_top.env.sb [SB/SYM] MISMATCH exp=286 act=c7e ph=PH_DATA cycle=117
UVM_ERROR uvm_tb.sv(1312) @ 1004000: uvm_test_top.env.sb [SB/SYM] MISMATCH exp=38e act=472 ph=PH_CSR cycle=119
UVM_ERROR uvm_tb.sv(1312) @ 1012000: uvm_test_top.env.sb [SB/SYM] MISMATCH exp=c96 act=db7 ph=PH_ESD cycle=120
"uvm_tb.sv", 2305: pcs_tb_top.AST_ESD1_NONZERO: started at 996000ps failed at 1012000ps
	Offending '((((pcs_tb_top.dut_if.Dout[3] inside {3'b010, 3'b110}) && (pcs_tb_top.dut_if.Dout[2] inside {3'b010, 3'b110})) && (pcs_tb_top.dut_if.Dout[1] inside {3'b010, 3'b110})) && (pcs_tb_top.dut_if.Dout[0] inside {3'b010, 3'b110}))'
Error: "uvm_tb.sv", 2305: pcs_tb_top.AST_ESD1_NONZERO: at time 1012000 ps
[ASSERT/ESD] ESD1: lane(s) not ±2 two cycles after TX_EN fall: got db7 @ 1012000
UVM_ERROR uvm_tb.sv(1312) @ 1020000: uvm_test_top.env.sb [SB/SYM] MISMATCH exp=db6 act=d92 ph=PH_ESD cycle=121
"uvm_tb.sv", 2372: pcs_tb_top.AST_ESD_EXACTLY2: started at 996000ps failed at 1028000ps
	Offending '(!((((pcs_tb_top.dut_if.Dout[3] inside {3'b010, 3'b110}) && (pcs_tb_top.dut_if.Dout[2] inside {3'b010, 3'b110})) && (pcs_tb_top.dut_if.Dout[1] inside {3'b010, 3'b110})) && (pcs_tb_top.dut_if.Dout[0] inside {3'b010, 3'b110})))'
Error: "uvm_tb.sv", 2372: pcs_tb_top.AST_ESD_EXACTLY2: at time 1028000 ps
[ASSERT/ORDER] All-±2 output persists after ESD2 (stuck in ESD?) @ 1028000
UVM_ERROR uvm_tb.sv(1312) @ 1036000: uvm_test_top.env.sb [SB/SYM] MISMATCH exp=1b0 act=000 ph=PH_IDLE cycle=123
UVM_ERROR uvm_tb.sv(1312) @ 1044000: uvm_test_top.env.sb [SB/SYM] MISMATCH exp=090 act=096 ph=PH_IDLE cycle=124
UVM_ERROR uvm_tb.sv(1312) @ 1052000: uvm_test_top.env.sb [SB/SYM] MISMATCH exp=006 act=1b0 ph=PH_IDLE cycle=125
UVM_ERROR uvm_tb.sv(1312) @ 1060000: uvm_test_top.env.sb [SB/SYM] MISMATCH exp=080 act=006 ph=PH_SDD cycle=126
"uvm_tb.sv", 2275: pcs_tb_top.AST_SDD1_NONZERO: started at 1060000ps failed at 1060000ps
	Offending '((((pcs_tb_top.dut_if.Dout[3] inside {3'b010, 3'b110}) && (pcs_tb_top.dut_if.Dout[2] inside {3'b010, 3'b110})) && (pcs_tb_top.dut_if.Dout[1] inside {3'b010, 3'b110})) && (pcs_tb_top.dut_if.Dout[0] inside {3'b010, 3'b110}))'
Error: "uvm_tb.sv", 2275: pcs_tb_top.AST_SDD1_NONZERO: at time 1060000 ps
[ASSERT/SDD] SDD1: lane(s) not ±2 at TX_EN rise: got 006 @ 1060000
"uvm_tb.sv", 2355: pcs_tb_top.AST_SDD_EXACTLY2: started at 1060000ps failed at 1076000ps
	Offending '(!((((pcs_tb_top.dut_if.Dout[3] inside {3'b010, 3'b110}) && (pcs_tb_top.dut_if.Dout[2] inside {3'b010, 3'b110})) && (pcs_tb_top.dut_if.Dout[1] inside {3'b010, 3'b110})) && (pcs_tb_top.dut_if.Dout[0] inside {3'b010, 3'b110})))'
Error: "uvm_tb.sv", 2355: pcs_tb_top.AST_SDD_EXACTLY2: at time 1076000 ps
[ASSERT/ORDER] All-±2 output persists after SDD2 (stuck in SDD?) @ 1076000
UVM_ERROR uvm_tb.sv(1312) @ 1084000: uvm_test_top.env.sb [SB/SYM] MISMATCH exp=080 act=0b2 ph=PH_DATA cycle=129
UVM_ERROR uvm_tb.sv(1312) @ 1092000: uvm_test_top.env.sb [SB/SYM] MISMATCH exp=07a act=f81 ph=PH_CSR cycle=130
UVM_ERROR uvm_tb.sv(1312) @ 1100000: uvm_test_top.env.sb [SB/SYM] MISMATCH exp=397 act=3ba ph=PH_CSR cycle=131
UVM_ERROR uvm_tb.sv(1312) @ 1108000: uvm_test_top.env.sb [SB/SYM] MISMATCH exp=c96 act=491 ph=PH_ESD cycle=132
"uvm_tb.sv", 2305: pcs_tb_top.AST_ESD1_NONZERO: started at 1092000ps failed at 1108000ps
	Offending '((((pcs_tb_top.dut_if.Dout[3] inside {3'b010, 3'b110}) && (pcs_tb_top.dut_if.Dout[2] inside {3'b010, 3'b110})) && (pcs_tb_top.dut_if.Dout[1] inside {3'b010, 3'b110})) && (pcs_tb_top.dut_if.Dout[0] inside {3'b010, 3'b110}))'
Error: "uvm_tb.sv", 2305: pcs_tb_top.AST_ESD1_NONZERO: at time 1108000 ps
[ASSERT/ESD] ESD1: lane(s) not ±2 two cycles after TX_EN fall: got 491 @ 1108000
UVM_ERROR uvm_tb.sv(1312) @ 1116000: uvm_test_top.env.sb [SB/SYM] MISMATCH exp=db6 act=d92 ph=PH_ESD cycle=133
"uvm_tb.sv", 2372: pcs_tb_top.AST_ESD_EXACTLY2: started at 1092000ps failed at 1124000ps
	Offending '(!((((pcs_tb_top.dut_if.Dout[3] inside {3'b010, 3'b110}) && (pcs_tb_top.dut_if.Dout[2] inside {3'b010, 3'b110})) && (pcs_tb_top.dut_if.Dout[1] inside {3'b010, 3'b110})) && (pcs_tb_top.dut_if.Dout[0] inside {3'b010, 3'b110})))'
Error: "uvm_tb.sv", 2372: pcs_tb_top.AST_ESD_EXACTLY2: at time 1124000 ps
[ASSERT/ORDER] All-±2 output persists after ESD2 (stuck in ESD?) @ 1124000
UVM_ERROR uvm_tb.sv(1312) @ 1132000: uvm_test_top.env.sb [SB/SYM] MISMATCH exp=000 act=010 ph=PH_IDLE cycle=135
UVM_ERROR uvm_tb.sv(1312) @ 1140000: uvm_test_top.env.sb [SB/SYM] MISMATCH exp=000 act=086 ph=PH_IDLE cycle=136
UVM_ERROR uvm_tb.sv(1312) @ 1148000: uvm_test_top.env.sb [SB/SYM] MISMATCH exp=092 act=002 ph=PH_SDD cycle=137
"uvm_tb.sv", 2275: pcs_tb_top.AST_SDD1_NONZERO: started at 1148000ps failed at 1148000ps
	Offending '((((pcs_tb_top.dut_if.Dout[3] inside {3'b010, 3'b110}) && (pcs_tb_top.dut_if.Dout[2] inside {3'b010, 3'b110})) && (pcs_tb_top.dut_if.Dout[1] inside {3'b010, 3'b110})) && (pcs_tb_top.dut_if.Dout[0] inside {3'b010, 3'b110}))'
Error: "uvm_tb.sv", 2275: pcs_tb_top.AST_SDD1_NONZERO: at time 1148000 ps
[ASSERT/SDD] SDD1: lane(s) not ±2 at TX_EN rise: got 002 @ 1148000
"uvm_tb.sv", 2355: pcs_tb_top.AST_SDD_EXACTLY2: started at 1148000ps failed at 1164000ps
	Offending '(!((((pcs_tb_top.dut_if.Dout[3] inside {3'b010, 3'b110}) && (pcs_tb_top.dut_if.Dout[2] inside {3'b010, 3'b110})) && (pcs_tb_top.dut_if.Dout[1] inside {3'b010, 3'b110})) && (pcs_tb_top.dut_if.Dout[0] inside {3'b010, 3'b110})))'
Error: "uvm_tb.sv", 2355: pcs_tb_top.AST_SDD_EXACTLY2: at time 1164000 ps
[ASSERT/ORDER] All-±2 output persists after SDD2 (stuck in SDD?) @ 1164000
UVM_ERROR uvm_tb.sv(1312) @ 1180000: uvm_test_top.env.sb [SB/SYM] MISMATCH exp=08f act=00f ph=PH_DATA cycle=141
UVM_ERROR uvm_tb.sv(1312) @ 1188000: uvm_test_top.env.sb [SB/SYM] MISMATCH exp=e4e act=197 ph=PH_DATA cycle=142
UVM_ERROR uvm_tb.sv(1312) @ 1196000: uvm_test_top.env.sb [SB/SYM] MISMATCH exp=1f8 act=1c9 ph=PH_DATA cycle=143
UVM_ERROR uvm_tb.sv(1312) @ 1204000: uvm_test_top.env.sb [SB/SYM] MISMATCH exp=217 act=387 ph=PH_CSR cycle=144
UVM_ERROR uvm_tb.sv(1312) @ 1212000: uvm_test_top.env.sb [SB/SYM] MISMATCH exp=3b1 act=4b1 ph=PH_CSR cycle=145
UVM_ERROR uvm_tb.sv(1312) @ 1228000: uvm_test_top.env.sb [SB/SYM] MISMATCH exp=db6 act=492 ph=PH_ESD cycle=147
"uvm_tb.sv", 2372: pcs_tb_top.AST_ESD_EXACTLY2: started at 1204000ps failed at 1236000ps
	Offending '(!((((pcs_tb_top.dut_if.Dout[3] inside {3'b010, 3'b110}) && (pcs_tb_top.dut_if.Dout[2] inside {3'b010, 3'b110})) && (pcs_tb_top.dut_if.Dout[1] inside {3'b010, 3'b110})) && (pcs_tb_top.dut_if.Dout[0] inside {3'b010, 3'b110})))'
Error: "uvm_tb.sv", 2372: pcs_tb_top.AST_ESD_EXACTLY2: at time 1236000 ps
[ASSERT/ORDER] All-±2 output persists after ESD2 (stuck in ESD?) @ 1236000
UVM_ERROR uvm_tb.sv(1312) @ 1244000: uvm_test_top.env.sb [SB/SYM] MISMATCH exp=1b6 act=1b0 ph=PH_IDLE cycle=149
UVM_ERROR uvm_tb.sv(1312) @ 1252000: uvm_test_top.env.sb [SB/SYM] MISMATCH exp=000 act=006 ph=PH_SDD cycle=150
"uvm_tb.sv", 2275: pcs_tb_top.AST_SDD1_NONZERO: started at 1252000ps failed at 1252000ps
	Offending '((((pcs_tb_top.dut_if.Dout[3] inside {3'b010, 3'b110}) && (pcs_tb_top.dut_if.Dout[2] inside {3'b010, 3'b110})) && (pcs_tb_top.dut_if.Dout[1] inside {3'b010, 3'b110})) && (pcs_tb_top.dut_if.Dout[0] inside {3'b010, 3'b110}))'
Error: "uvm_tb.sv", 2275: pcs_tb_top.AST_SDD1_NONZERO: at time 1252000 ps
[ASSERT/SDD] SDD1: lane(s) not ±2 at TX_EN rise: got 006 @ 1252000
"uvm_tb.sv", 2355: pcs_tb_top.AST_SDD_EXACTLY2: started at 1252000ps failed at 1268000ps
	Offending '(!((((pcs_tb_top.dut_if.Dout[3] inside {3'b010, 3'b110}) && (pcs_tb_top.dut_if.Dout[2] inside {3'b010, 3'b110})) && (pcs_tb_top.dut_if.Dout[1] inside {3'b010, 3'b110})) && (pcs_tb_top.dut_if.Dout[0] inside {3'b010, 3'b110})))'
Error: "uvm_tb.sv", 2355: pcs_tb_top.AST_SDD_EXACTLY2: at time 1268000 ps
[ASSERT/ORDER] All-±2 output persists after SDD2 (stuck in SDD?) @ 1268000
UVM_ERROR uvm_tb.sv(1312) @ 1276000: uvm_test_top.env.sb [SB/SYM] MISMATCH exp=c00 act=c10 ph=PH_DATA cycle=153
UVM_ERROR uvm_tb.sv(1312) @ 1292000: uvm_test_top.env.sb [SB/SYM] MISMATCH exp=1be act=1bf ph=PH_DATA cycle=155
UVM_ERROR uvm_tb.sv(1312) @ 1300000: uvm_test_top.env.sb [SB/SYM] MISMATCH exp=447 act=dc2 ph=PH_DATA cycle=156
UVM_ERROR uvm_tb.sv(1312) @ 1308000: uvm_test_top.env.sb [SB/SYM] MISMATCH exp=e3f act=23f ph=PH_DATA cycle=157
UVM_ERROR uvm_tb.sv(1312) @ 1316000: uvm_test_top.env.sb [SB/SYM] MISMATCH exp=056 act=1c6 ph=PH_CSR cycle=158
UVM_ERROR uvm_tb.sv(1312) @ 1324000: uvm_test_top.env.sb [SB/SYM] MISMATCH exp=d89 act=db6 ph=PH_CSR cycle=159
UVM_ERROR uvm_tb.sv(1312) @ 1332000: uvm_test_top.env.sb [SB/SYM] MISMATCH exp=c96 act=4b6 ph=PH_ESD cycle=160
UVM_ERROR uvm_tb.sv(1312) @ 1340000: uvm_test_top.env.sb [SB/SYM] MISMATCH exp=db6 act=d92 ph=PH_ESD cycle=161
"uvm_tb.sv", 2372: pcs_tb_top.AST_ESD_EXACTLY2: started at 1316000ps failed at 1348000ps
	Offending '(!((((pcs_tb_top.dut_if.Dout[3] inside {3'b010, 3'b110}) && (pcs_tb_top.dut_if.Dout[2] inside {3'b010, 3'b110})) && (pcs_tb_top.dut_if.Dout[1] inside {3'b010, 3'b110})) && (pcs_tb_top.dut_if.Dout[0] inside {3'b010, 3'b110})))'
Error: "uvm_tb.sv", 2372: pcs_tb_top.AST_ESD_EXACTLY2: at time 1348000 ps
[ASSERT/ORDER] All-±2 output persists after ESD2 (stuck in ESD?) @ 1348000
UVM_ERROR uvm_tb.sv(1312) @ 1356000: uvm_test_top.env.sb [SB/SYM] MISMATCH exp=000 act=016 ph=PH_IDLE cycle=163
UVM_ERROR uvm_tb.sv(1312) @ 1364000: uvm_test_top.env.sb [SB/SYM] MISMATCH exp=086 act=080 ph=PH_SDD cycle=164
"uvm_tb.sv", 2275: pcs_tb_top.AST_SDD1_NONZERO: started at 1364000ps failed at 1364000ps
	Offending '((((pcs_tb_top.dut_if.Dout[3] inside {3'b010, 3'b110}) && (pcs_tb_top.dut_if.Dout[2] inside {3'b010, 3'b110})) && (pcs_tb_top.dut_if.Dout[1] inside {3'b010, 3'b110})) && (pcs_tb_top.dut_if.Dout[0] inside {3'b010, 3'b110}))'
Error: "uvm_tb.sv", 2275: pcs_tb_top.AST_SDD1_NONZERO: at time 1364000 ps
[ASSERT/SDD] SDD1: lane(s) not ±2 at TX_EN rise: got 080 @ 1364000
"uvm_tb.sv", 2355: pcs_tb_top.AST_SDD_EXACTLY2: started at 1364000ps failed at 1380000ps
	Offending '(!((((pcs_tb_top.dut_if.Dout[3] inside {3'b010, 3'b110}) && (pcs_tb_top.dut_if.Dout[2] inside {3'b010, 3'b110})) && (pcs_tb_top.dut_if.Dout[1] inside {3'b010, 3'b110})) && (pcs_tb_top.dut_if.Dout[0] inside {3'b010, 3'b110})))'
Error: "uvm_tb.sv", 2355: pcs_tb_top.AST_SDD_EXACTLY2: at time 1380000 ps
[ASSERT/ORDER] All-±2 output persists after SDD2 (stuck in SDD?) @ 1380000
UVM_ERROR uvm_tb.sv(1312) @ 1388000: uvm_test_top.env.sb [SB/SYM] MISMATCH exp=c90 act=080 ph=PH_DATA cycle=167
UVM_ERROR uvm_tb.sv(1312) @ 1396000: uvm_test_top.env.sb [SB/SYM] MISMATCH exp=c10 act=5b6 ph=PH_DATA cycle=168
UVM_ERROR uvm_tb.sv(1312) @ 1404000: uvm_test_top.env.sb [SB/SYM] MISMATCH exp=2b7 act=231 ph=PH_DATA cycle=169
UVM_ERROR uvm_tb.sv(1312) @ 1412000: uvm_test_top.env.sb [SB/SYM] MISMATCH exp=c80 act=431 ph=PH_DATA cycle=170
UVM_ERROR uvm_tb.sv(1312) @ 1420000: uvm_test_top.env.sb [SB/SYM] MISMATCH exp=e82 act=381 ph=PH_DATA cycle=171
UVM_ERROR uvm_tb.sv(1312) @ 1428000: uvm_test_top.env.sb [SB/SYM] MISMATCH exp=432 act=1b2 ph=PH_DATA cycle=172
UVM_ERROR uvm_tb.sv(1312) @ 1436000: uvm_test_top.env.sb [SB/SYM] MISMATCH exp=e4a act=ff8 ph=PH_DATA cycle=173
UVM_ERROR uvm_tb.sv(1312) @ 1444000: uvm_test_top.env.sb [SB/SYM] MISMATCH exp=251 act=3c0 ph=PH_CSR cycle=174
UVM_ERROR uvm_tb.sv(1312) @ 1452000: uvm_test_top.env.sb [SB/SYM] MISMATCH exp=c56 act=592 ph=PH_CSR cycle=175
UVM_ERROR uvm_tb.sv(1312) @ 1460000: uvm_test_top.env.sb [SB/SYM] MISMATCH exp=d89 act=d96 ph=PH_ESD cycle=176
"uvm_tb.sv", 2372: pcs_tb_top.AST_ESD_EXACTLY2: started at 1444000ps failed at 1476000ps
	Offending '(!((((pcs_tb_top.dut_if.Dout[3] inside {3'b010, 3'b110}) && (pcs_tb_top.dut_if.Dout[2] inside {3'b010, 3'b110})) && (pcs_tb_top.dut_if.Dout[1] inside {3'b010, 3'b110})) && (pcs_tb_top.dut_if.Dout[0] inside {3'b010, 3'b110})))'
Error: "uvm_tb.sv", 2372: pcs_tb_top.AST_ESD_EXACTLY2: at time 1476000 ps
[ASSERT/ORDER] All-±2 output persists after ESD2 (stuck in ESD?) @ 1476000
UVM_ERROR uvm_tb.sv(1312) @ 1484000: uvm_test_top.env.sb [SB/SYM] MISMATCH exp=012 act=010 ph=PH_IDLE cycle=179
UVM_ERROR uvm_tb.sv(1312) @ 1492000: uvm_test_top.env.sb [SB/SYM] MISMATCH exp=016 act=086 ph=PH_IDLE cycle=180
UVM_ERROR uvm_tb.sv(1312) @ 1500000: uvm_test_top.env.sb [SB/SYM] MISMATCH exp=180 act=010 ph=PH_IDLE cycle=181
UVM_ERROR uvm_tb.sv(1312) @ 1508000: uvm_test_top.env.sb [SB/SYM] MISMATCH exp=0b0 act=086 ph=PH_IDLE cycle=182
UVM_ERROR uvm_tb.sv(1312) @ 1516000: uvm_test_top.env.sb [SB/SYM] MISMATCH exp=006 act=190 ph=PH_SDD cycle=183
"uvm_tb.sv", 2275: pcs_tb_top.AST_SDD1_NONZERO: started at 1516000ps failed at 1516000ps
	Offending '((((pcs_tb_top.dut_if.Dout[3] inside {3'b010, 3'b110}) && (pcs_tb_top.dut_if.Dout[2] inside {3'b010, 3'b110})) && (pcs_tb_top.dut_if.Dout[1] inside {3'b010, 3'b110})) && (pcs_tb_top.dut_if.Dout[0] inside {3'b010, 3'b110}))'
Error: "uvm_tb.sv", 2275: pcs_tb_top.AST_SDD1_NONZERO: at time 1516000 ps
[ASSERT/SDD] SDD1: lane(s) not ±2 at TX_EN rise: got 190 @ 1516000
"uvm_tb.sv", 2355: pcs_tb_top.AST_SDD_EXACTLY2: started at 1516000ps failed at 1532000ps
	Offending '(!((((pcs_tb_top.dut_if.Dout[3] inside {3'b010, 3'b110}) && (pcs_tb_top.dut_if.Dout[2] inside {3'b010, 3'b110})) && (pcs_tb_top.dut_if.Dout[1] inside {3'b010, 3'b110})) && (pcs_tb_top.dut_if.Dout[0] inside {3'b010, 3'b110})))'
Error: "uvm_tb.sv", 2355: pcs_tb_top.AST_SDD_EXACTLY2: at time 1532000 ps
[ASSERT/ORDER] All-±2 output persists after SDD2 (stuck in SDD?) @ 1532000
UVM_ERROR uvm_tb.sv(1312) @ 1540000: uvm_test_top.env.sb [SB/SYM] MISMATCH exp=090 act=010 ph=PH_CSR cycle=186
UVM_ERROR uvm_tb.sv(1312) @ 1564000: uvm_test_top.env.sb [SB/SYM] MISMATCH exp=db6 act=db2 ph=PH_ESD cycle=189
"uvm_tb.sv", 2372: pcs_tb_top.AST_ESD_EXACTLY2: started at 1540000ps failed at 1572000ps
	Offending '(!((((pcs_tb_top.dut_if.Dout[3] inside {3'b010, 3'b110}) && (pcs_tb_top.dut_if.Dout[2] inside {3'b010, 3'b110})) && (pcs_tb_top.dut_if.Dout[1] inside {3'b010, 3'b110})) && (pcs_tb_top.dut_if.Dout[0] inside {3'b010, 3'b110})))'
Error: "uvm_tb.sv", 2372: pcs_tb_top.AST_ESD_EXACTLY2: at time 1572000 ps
[ASSERT/ORDER] All-±2 output persists after ESD2 (stuck in ESD?) @ 1572000
"uvm_tb.sv", 2355: pcs_tb_top.AST_SDD_EXACTLY2: started at 1572000ps failed at 1588000ps
	Offending '(!((((pcs_tb_top.dut_if.Dout[3] inside {3'b010, 3'b110}) && (pcs_tb_top.dut_if.Dout[2] inside {3'b010, 3'b110})) && (pcs_tb_top.dut_if.Dout[1] inside {3'b010, 3'b110})) && (pcs_tb_top.dut_if.Dout[0] inside {3'b010, 3'b110})))'
Error: "uvm_tb.sv", 2355: pcs_tb_top.AST_SDD_EXACTLY2: at time 1588000 ps
[ASSERT/ORDER] All-±2 output persists after SDD2 (stuck in SDD?) @ 1588000
UVM_ERROR uvm_tb.sv(1312) @ 1596000: uvm_test_top.env.sb [SB/SYM] MISMATCH exp=d80 act=002 ph=PH_DATA cycle=193
UVM_ERROR uvm_tb.sv(1312) @ 1604000: uvm_test_top.env.sb [SB/SYM] MISMATCH exp=e42 act=ff0 ph=PH_DATA cycle=194
UVM_ERROR uvm_tb.sv(1312) @ 1612000: uvm_test_top.env.sb [SB/SYM] MISMATCH exp=1b1 act=187 ph=PH_DATA cycle=195
UVM_ERROR uvm_tb.sv(1312) @ 1620000: uvm_test_top.env.sb [SB/SYM] MISMATCH exp=5f7 act=dc2 ph=PH_DATA cycle=196
UVM_ERROR uvm_tb.sv(1312) @ 1628000: uvm_test_top.env.sb [SB/SYM] MISMATCH exp=e16 act=287 ph=PH_DATA cycle=197
UVM_ERROR uvm_tb.sv(1312) @ 1636000: uvm_test_top.env.sb [SB/SYM] MISMATCH exp=2b8 act=e3f ph=PH_CSR cycle=198
UVM_ERROR uvm_tb.sv(1312) @ 1644000: uvm_test_top.env.sb [SB/SYM] MISMATCH exp=c96 act=fba ph=PH_CSR cycle=199
UVM_ERROR uvm_tb.sv(1312) @ 1652000: uvm_test_top.env.sb [SB/SYM] MISMATCH exp=c96 act=4b7 ph=PH_ESD cycle=200
"uvm_tb.sv", 2305: pcs_tb_top.AST_ESD1_NONZERO: started at 1636000ps failed at 1652000ps
	Offending '((((pcs_tb_top.dut_if.Dout[3] inside {3'b010, 3'b110}) && (pcs_tb_top.dut_if.Dout[2] inside {3'b010, 3'b110})) && (pcs_tb_top.dut_if.Dout[1] inside {3'b010, 3'b110})) && (pcs_tb_top.dut_if.Dout[0] inside {3'b010, 3'b110}))'
Error: "uvm_tb.sv", 2305: pcs_tb_top.AST_ESD1_NONZERO: at time 1652000 ps
[ASSERT/ESD] ESD1: lane(s) not ±2 two cycles after TX_EN fall: got 4b7 @ 1652000
UVM_ERROR uvm_tb.sv(1312) @ 1660000: uvm_test_top.env.sb [SB/SYM] MISMATCH exp=db6 act=cb2 ph=PH_ESD cycle=201
"uvm_tb.sv", 2372: pcs_tb_top.AST_ESD_EXACTLY2: started at 1636000ps failed at 1668000ps
	Offending '(!((((pcs_tb_top.dut_if.Dout[3] inside {3'b010, 3'b110}) && (pcs_tb_top.dut_if.Dout[2] inside {3'b010, 3'b110})) && (pcs_tb_top.dut_if.Dout[1] inside {3'b010, 3'b110})) && (pcs_tb_top.dut_if.Dout[0] inside {3'b010, 3'b110})))'
Error: "uvm_tb.sv", 2372: pcs_tb_top.AST_ESD_EXACTLY2: at time 1668000 ps
[ASSERT/ORDER] All-±2 output persists after ESD2 (stuck in ESD?) @ 1668000
UVM_ERROR uvm_tb.sv(1312) @ 1676000: uvm_test_top.env.sb [SB/SYM] MISMATCH exp=000 act=012 ph=PH_SDD cycle=203
"uvm_tb.sv", 2275: pcs_tb_top.AST_SDD1_NONZERO: started at 1676000ps failed at 1676000ps
	Offending '((((pcs_tb_top.dut_if.Dout[3] inside {3'b010, 3'b110}) && (pcs_tb_top.dut_if.Dout[2] inside {3'b010, 3'b110})) && (pcs_tb_top.dut_if.Dout[1] inside {3'b010, 3'b110})) && (pcs_tb_top.dut_if.Dout[0] inside {3'b010, 3'b110}))'
Error: "uvm_tb.sv", 2275: pcs_tb_top.AST_SDD1_NONZERO: at time 1676000 ps
[ASSERT/SDD] SDD1: lane(s) not ±2 at TX_EN rise: got 012 @ 1676000
"uvm_tb.sv", 2355: pcs_tb_top.AST_SDD_EXACTLY2: started at 1676000ps failed at 1692000ps
	Offending '(!((((pcs_tb_top.dut_if.Dout[3] inside {3'b010, 3'b110}) && (pcs_tb_top.dut_if.Dout[2] inside {3'b010, 3'b110})) && (pcs_tb_top.dut_if.Dout[1] inside {3'b010, 3'b110})) && (pcs_tb_top.dut_if.Dout[0] inside {3'b010, 3'b110})))'
Error: "uvm_tb.sv", 2355: pcs_tb_top.AST_SDD_EXACTLY2: at time 1692000 ps
[ASSERT/ORDER] All-±2 output persists after SDD2 (stuck in SDD?) @ 1692000
UVM_ERROR uvm_tb.sv(1312) @ 1700000: uvm_test_top.env.sb [SB/SYM] MISMATCH exp=182 act=190 ph=PH_DATA cycle=206
UVM_ERROR uvm_tb.sv(1312) @ 1708000: uvm_test_top.env.sb [SB/SYM] MISMATCH exp=447 act=5f1 ph=PH_DATA cycle=207
UVM_ERROR uvm_tb.sv(1312) @ 1716000: uvm_test_top.env.sb [SB/SYM] MISMATCH exp=230 act=dcf ph=PH_DATA cycle=208
UVM_ERROR uvm_tb.sv(1312) @ 1724000: uvm_test_top.env.sb [SB/SYM] MISMATCH exp=5c6 act=f8a ph=PH_CSR cycle=209
UVM_ERROR uvm_tb.sv(1312) @ 1732000: uvm_test_top.env.sb [SB/SYM] MISMATCH exp=d89 act=38e ph=PH_CSR cycle=210
UVM_ERROR uvm_tb.sv(1312) @ 1740000: uvm_test_top.env.sb [SB/SYM] MISMATCH exp=c96 act=db7 ph=PH_ESD cycle=211
"uvm_tb.sv", 2305: pcs_tb_top.AST_ESD1_NONZERO: started at 1724000ps failed at 1740000ps
	Offending '((((pcs_tb_top.dut_if.Dout[3] inside {3'b010, 3'b110}) && (pcs_tb_top.dut_if.Dout[2] inside {3'b010, 3'b110})) && (pcs_tb_top.dut_if.Dout[1] inside {3'b010, 3'b110})) && (pcs_tb_top.dut_if.Dout[0] inside {3'b010, 3'b110}))'
Error: "uvm_tb.sv", 2305: pcs_tb_top.AST_ESD1_NONZERO: at time 1740000 ps
[ASSERT/ESD] ESD1: lane(s) not ±2 two cycles after TX_EN fall: got db7 @ 1740000
UVM_ERROR uvm_tb.sv(1312) @ 1748000: uvm_test_top.env.sb [SB/SYM] MISMATCH exp=db6 act=492 ph=PH_ESD cycle=212
"uvm_tb.sv", 2372: pcs_tb_top.AST_ESD_EXACTLY2: started at 1724000ps failed at 1756000ps
	Offending '(!((((pcs_tb_top.dut_if.Dout[3] inside {3'b010, 3'b110}) && (pcs_tb_top.dut_if.Dout[2] inside {3'b010, 3'b110})) && (pcs_tb_top.dut_if.Dout[1] inside {3'b010, 3'b110})) && (pcs_tb_top.dut_if.Dout[0] inside {3'b010, 3'b110})))'
Error: "uvm_tb.sv", 2372: pcs_tb_top.AST_ESD_EXACTLY2: at time 1756000 ps
[ASSERT/ORDER] All-±2 output persists after ESD2 (stuck in ESD?) @ 1756000
UVM_ERROR uvm_tb.sv(1312) @ 1764000: uvm_test_top.env.sb [SB/SYM] MISMATCH exp=090 act=002 ph=PH_IDLE cycle=214
UVM_ERROR uvm_tb.sv(1312) @ 1772000: uvm_test_top.env.sb [SB/SYM] MISMATCH exp=002 act=182 ph=PH_IDLE cycle=215
UVM_ERROR uvm_tb.sv(1312) @ 1780000: uvm_test_top.env.sb [SB/SYM] MISMATCH exp=016 act=010 ph=PH_IDLE cycle=216
UVM_ERROR uvm_tb.sv(1312) @ 1788000: uvm_test_top.env.sb [SB/SYM] MISMATCH exp=c80 act=086 ph=PH_SDD cycle=217
"uvm_tb.sv", 2275: pcs_tb_top.AST_SDD1_NONZERO: started at 1788000ps failed at 1788000ps
	Offending '((((pcs_tb_top.dut_if.Dout[3] inside {3'b010, 3'b110}) && (pcs_tb_top.dut_if.Dout[2] inside {3'b010, 3'b110})) && (pcs_tb_top.dut_if.Dout[1] inside {3'b010, 3'b110})) && (pcs_tb_top.dut_if.Dout[0] inside {3'b010, 3'b110}))'
Error: "uvm_tb.sv", 2275: pcs_tb_top.AST_SDD1_NONZERO: at time 1788000 ps
[ASSERT/SDD] SDD1: lane(s) not ±2 at TX_EN rise: got 086 @ 1788000
"uvm_tb.sv", 2355: pcs_tb_top.AST_SDD_EXACTLY2: started at 1788000ps failed at 1804000ps
	Offending '(!((((pcs_tb_top.dut_if.Dout[3] inside {3'b010, 3'b110}) && (pcs_tb_top.dut_if.Dout[2] inside {3'b010, 3'b110})) && (pcs_tb_top.dut_if.Dout[1] inside {3'b010, 3'b110})) && (pcs_tb_top.dut_if.Dout[0] inside {3'b010, 3'b110})))'
Error: "uvm_tb.sv", 2355: pcs_tb_top.AST_SDD_EXACTLY2: at time 1804000 ps
[ASSERT/ORDER] All-±2 output persists after SDD2 (stuck in SDD?) @ 1804000
UVM_ERROR uvm_tb.sv(1312) @ 1812000: uvm_test_top.env.sb [SB/SYM] MISMATCH exp=010 act=000 ph=PH_CSR cycle=220
UVM_ERROR uvm_tb.sv(1312) @ 1836000: uvm_test_top.env.sb [SB/SYM] MISMATCH exp=db6 act=596 ph=PH_ESD cycle=223
"uvm_tb.sv", 2372: pcs_tb_top.AST_ESD_EXACTLY2: started at 1812000ps failed at 1844000ps
	Offending '(!((((pcs_tb_top.dut_if.Dout[3] inside {3'b010, 3'b110}) && (pcs_tb_top.dut_if.Dout[2] inside {3'b010, 3'b110})) && (pcs_tb_top.dut_if.Dout[1] inside {3'b010, 3'b110})) && (pcs_tb_top.dut_if.Dout[0] inside {3'b010, 3'b110})))'
Error: "uvm_tb.sv", 2372: pcs_tb_top.AST_ESD_EXACTLY2: at time 1844000 ps
[ASSERT/ORDER] All-±2 output persists after ESD2 (stuck in ESD?) @ 1844000
UVM_ERROR uvm_tb.sv(1312) @ 1860000: uvm_test_top.env.sb [SB/SYM] MISMATCH exp=002 act=192 ph=PH_IDLE cycle=226
UVM_ERROR uvm_tb.sv(1312) @ 1868000: uvm_test_top.env.sb [SB/SYM] MISMATCH exp=090 act=006 ph=PH_IDLE cycle=227
UVM_ERROR uvm_tb.sv(1312) @ 1884000: uvm_test_top.env.sb [SB/SYM] MISMATCH exp=002 act=180 ph=PH_SDD cycle=229
"uvm_tb.sv", 2275: pcs_tb_top.AST_SDD1_NONZERO: started at 1884000ps failed at 1884000ps
	Offending '((((pcs_tb_top.dut_if.Dout[3] inside {3'b010, 3'b110}) && (pcs_tb_top.dut_if.Dout[2] inside {3'b010, 3'b110})) && (pcs_tb_top.dut_if.Dout[1] inside {3'b010, 3'b110})) && (pcs_tb_top.dut_if.Dout[0] inside {3'b010, 3'b110}))'
Error: "uvm_tb.sv", 2275: pcs_tb_top.AST_SDD1_NONZERO: at time 1884000 ps
[ASSERT/SDD] SDD1: lane(s) not ±2 at TX_EN rise: got 180 @ 1884000
"uvm_tb.sv", 2355: pcs_tb_top.AST_SDD_EXACTLY2: started at 1884000ps failed at 1900000ps
	Offending '(!((((pcs_tb_top.dut_if.Dout[3] inside {3'b010, 3'b110}) && (pcs_tb_top.dut_if.Dout[2] inside {3'b010, 3'b110})) && (pcs_tb_top.dut_if.Dout[1] inside {3'b010, 3'b110})) && (pcs_tb_top.dut_if.Dout[0] inside {3'b010, 3'b110})))'
Error: "uvm_tb.sv", 2355: pcs_tb_top.AST_SDD_EXACTLY2: at time 1900000 ps
[ASSERT/ORDER] All-±2 output persists after SDD2 (stuck in SDD?) @ 1900000
UVM_ERROR uvm_tb.sv(1312) @ 1908000: uvm_test_top.env.sb [SB/SYM] MISMATCH exp=030 act=1b0 ph=PH_DATA cycle=232
UVM_ERROR uvm_tb.sv(1312) @ 1916000: uvm_test_top.env.sb [SB/SYM] MISMATCH exp=5bf act=1bf ph=PH_DATA cycle=233
UVM_ERROR uvm_tb.sv(1312) @ 1924000: uvm_test_top.env.sb [SB/SYM] MISMATCH exp=43e act=3d7 ph=PH_DATA cycle=234
UVM_ERROR uvm_tb.sv(1312) @ 1932000: uvm_test_top.env.sb [SB/SYM] MISMATCH exp=00a act=1b9 ph=PH_DATA cycle=235
UVM_ERROR uvm_tb.sv(1312) @ 1940000: uvm_test_top.env.sb [SB/SYM] MISMATCH exp=58a act=1b8 ph=PH_DATA cycle=236
UVM_ERROR uvm_tb.sv(1312) @ 1948000: uvm_test_top.env.sb [SB/SYM] MISMATCH exp=c39 act=c0f ph=PH_DATA cycle=237
UVM_ERROR uvm_tb.sv(1312) @ 1956000: uvm_test_top.env.sb [SB/SYM] MISMATCH exp=28e act=23e ph=PH_DATA cycle=238
UVM_ERROR uvm_tb.sv(1312) @ 1964000: uvm_test_top.env.sb [SB/SYM] MISMATCH exp=002 act=037 ph=PH_CSR cycle=239
UVM_ERROR uvm_tb.sv(1312) @ 1972000: uvm_test_top.env.sb [SB/SYM] MISMATCH exp=cb1 act=472 ph=PH_CSR cycle=240
UVM_ERROR uvm_tb.sv(1312) @ 1980000: uvm_test_top.env.sb [SB/SYM] MISMATCH exp=d89 act=db1 ph=PH_ESD cycle=241
"uvm_tb.sv", 2305: pcs_tb_top.AST_ESD1_NONZERO: started at 1964000ps failed at 1980000ps
	Offending '((((pcs_tb_top.dut_if.Dout[3] inside {3'b010, 3'b110}) && (pcs_tb_top.dut_if.Dout[2] inside {3'b010, 3'b110})) && (pcs_tb_top.dut_if.Dout[1] inside {3'b010, 3'b110})) && (pcs_tb_top.dut_if.Dout[0] inside {3'b010, 3'b110}))'
Error: "uvm_tb.sv", 2305: pcs_tb_top.AST_ESD1_NONZERO: at time 1980000 ps
[ASSERT/ESD] ESD1: lane(s) not ±2 two cycles after TX_EN fall: got db1 @ 1980000
UVM_ERROR uvm_tb.sv(1312) @ 1988000: uvm_test_top.env.sb [SB/SYM] MISMATCH exp=db6 act=c96 ph=PH_ESD cycle=242
"uvm_tb.sv", 2372: pcs_tb_top.AST_ESD_EXACTLY2: started at 1964000ps failed at 1996000ps
	Offending '(!((((pcs_tb_top.dut_if.Dout[3] inside {3'b010, 3'b110}) && (pcs_tb_top.dut_if.Dout[2] inside {3'b010, 3'b110})) && (pcs_tb_top.dut_if.Dout[1] inside {3'b010, 3'b110})) && (pcs_tb_top.dut_if.Dout[0] inside {3'b010, 3'b110})))'
Error: "uvm_tb.sv", 2372: pcs_tb_top.AST_ESD_EXACTLY2: at time 1996000 ps
[ASSERT/ORDER] All-±2 output persists after ESD2 (stuck in ESD?) @ 1996000
"uvm_tb.sv", 2355: pcs_tb_top.AST_SDD_EXACTLY2: started at 1996000ps failed at 2012000ps
	Offending '(!((((pcs_tb_top.dut_if.Dout[3] inside {3'b010, 3'b110}) && (pcs_tb_top.dut_if.Dout[2] inside {3'b010, 3'b110})) && (pcs_tb_top.dut_if.Dout[1] inside {3'b010, 3'b110})) && (pcs_tb_top.dut_if.Dout[0] inside {3'b010, 3'b110})))'
Error: "uvm_tb.sv", 2355: pcs_tb_top.AST_SDD_EXACTLY2: at time 2012000 ps
[ASSERT/ORDER] All-±2 output persists after SDD2 (stuck in SDD?) @ 2012000
UVM_ERROR uvm_tb.sv(1312) @ 2020000: uvm_test_top.env.sb [SB/SYM] MISMATCH exp=0b6 act=0b0 ph=PH_DATA cycle=246
UVM_ERROR uvm_tb.sv(1312) @ 2028000: uvm_test_top.env.sb [SB/SYM] MISMATCH exp=051 act=dc7 ph=PH_DATA cycle=247
UVM_ERROR uvm_tb.sv(1312) @ 2036000: uvm_test_top.env.sb [SB/SYM] MISMATCH exp=072 act=1c7 ph=PH_DATA cycle=248
UVM_ERROR uvm_tb.sv(1312) @ 2044000: uvm_test_top.env.sb [SB/SYM] MISMATCH exp=582 act=190 ph=PH_DATA cycle=249
UVM_ERROR uvm_tb.sv(1312) @ 2052000: uvm_test_top.env.sb [SB/SYM] MISMATCH exp=00e act=e46 ph=PH_CSR cycle=250
UVM_ERROR uvm_tb.sv(1312) @ 2060000: uvm_test_top.env.sb [SB/SYM] MISMATCH exp=d89 act=597 ph=PH_CSR cycle=251
UVM_ERROR uvm_tb.sv(1312) @ 2068000: uvm_test_top.env.sb [SB/SYM] MISMATCH exp=c96 act=cb2 ph=PH_ESD cycle=252
UVM_ERROR uvm_tb.sv(1312) @ 2076000: uvm_test_top.env.sb [SB/SYM] MISMATCH exp=db6 act=5b2 ph=PH_ESD cycle=253
"uvm_tb.sv", 2372: pcs_tb_top.AST_ESD_EXACTLY2: started at 2052000ps failed at 2084000ps
	Offending '(!((((pcs_tb_top.dut_if.Dout[3] inside {3'b010, 3'b110}) && (pcs_tb_top.dut_if.Dout[2] inside {3'b010, 3'b110})) && (pcs_tb_top.dut_if.Dout[1] inside {3'b010, 3'b110})) && (pcs_tb_top.dut_if.Dout[0] inside {3'b010, 3'b110})))'
Error: "uvm_tb.sv", 2372: pcs_tb_top.AST_ESD_EXACTLY2: at time 2084000 ps
[ASSERT/ORDER] All-±2 output persists after ESD2 (stuck in ESD?) @ 2084000
UVM_ERROR uvm_tb.sv(1312) @ 2100000: uvm_test_top.env.sb [SB/SYM] MISMATCH exp=096 act=000 ph=PH_IDLE cycle=256
UVM_ERROR uvm_tb.sv(1312) @ 2108000: uvm_test_top.env.sb [SB/SYM] MISMATCH exp=c00 act=016 ph=PH_IDLE cycle=257
UVM_ERROR uvm_tb.sv(1312) @ 2116000: uvm_test_top.env.sb [SB/SYM] MISMATCH exp=0b2 act=080 ph=PH_IDLE cycle=258
UVM_ERROR uvm_tb.sv(1312) @ 2124000: uvm_test_top.env.sb [SB/SYM] MISMATCH exp=000 act=010 ph=PH_SDD cycle=259
"uvm_tb.sv", 2275: pcs_tb_top.AST_SDD1_NONZERO: started at 2124000ps failed at 2124000ps
	Offending '((((pcs_tb_top.dut_if.Dout[3] inside {3'b010, 3'b110}) && (pcs_tb_top.dut_if.Dout[2] inside {3'b010, 3'b110})) && (pcs_tb_top.dut_if.Dout[1] inside {3'b010, 3'b110})) && (pcs_tb_top.dut_if.Dout[0] inside {3'b010, 3'b110}))'
Error: "uvm_tb.sv", 2275: pcs_tb_top.AST_SDD1_NONZERO: at time 2124000 ps
[ASSERT/SDD] SDD1: lane(s) not ±2 at TX_EN rise: got 010 @ 2124000
"uvm_tb.sv", 2355: pcs_tb_top.AST_SDD_EXACTLY2: started at 2124000ps failed at 2140000ps
	Offending '(!((((pcs_tb_top.dut_if.Dout[3] inside {3'b010, 3'b110}) && (pcs_tb_top.dut_if.Dout[2] inside {3'b010, 3'b110})) && (pcs_tb_top.dut_if.Dout[1] inside {3'b010, 3'b110})) && (pcs_tb_top.dut_if.Dout[0] inside {3'b010, 3'b110})))'
Error: "uvm_tb.sv", 2355: pcs_tb_top.AST_SDD_EXACTLY2: at time 2140000 ps
[ASSERT/ORDER] All-±2 output persists after SDD2 (stuck in SDD?) @ 2140000
UVM_ERROR uvm_tb.sv(1312) @ 2148000: uvm_test_top.env.sb [SB/SYM] MISMATCH exp=490 act=410 ph=PH_DATA cycle=262
UVM_ERROR uvm_tb.sv(1312) @ 2156000: uvm_test_top.env.sb [SB/SYM] MISMATCH exp=dc1 act=c41 ph=PH_DATA cycle=263
UVM_ERROR uvm_tb.sv(1312) @ 2164000: uvm_test_top.env.sb [SB/SYM] MISMATCH exp=23f act=fbf ph=PH_DATA cycle=264
UVM_ERROR uvm_tb.sv(1312) @ 2172000: uvm_test_top.env.sb [SB/SYM] MISMATCH exp=287 act=200 ph=PH_DATA cycle=265
UVM_ERROR uvm_tb.sv(1312) @ 2180000: uvm_test_top.env.sb [SB/SYM] MISMATCH exp=289 act=209 ph=PH_CSR cycle=266
UVM_ERROR uvm_tb.sv(1312) @ 2188000: uvm_test_top.env.sb [SB/SYM] MISMATCH exp=c56 act=5b6 ph=PH_CSR cycle=267
UVM_ERROR uvm_tb.sv(1312) @ 2196000: uvm_test_top.env.sb [SB/SYM] MISMATCH exp=d89 act=4b2 ph=PH_ESD cycle=268
UVM_ERROR uvm_tb.sv(1312) @ 2204000: uvm_test_top.env.sb [SB/SYM] MISMATCH exp=db6 act=cb6 ph=PH_ESD cycle=269
"uvm_tb.sv", 2372: pcs_tb_top.AST_ESD_EXACTLY2: started at 2180000ps failed at 2212000ps
	Offending '(!((((pcs_tb_top.dut_if.Dout[3] inside {3'b010, 3'b110}) && (pcs_tb_top.dut_if.Dout[2] inside {3'b010, 3'b110})) && (pcs_tb_top.dut_if.Dout[1] inside {3'b010, 3'b110})) && (pcs_tb_top.dut_if.Dout[0] inside {3'b010, 3'b110})))'
Error: "uvm_tb.sv", 2372: pcs_tb_top.AST_ESD_EXACTLY2: at time 2212000 ps
[ASSERT/ORDER] All-±2 output persists after ESD2 (stuck in ESD?) @ 2212000
UVM_ERROR uvm_tb.sv(1312) @ 2220000: uvm_test_top.env.sb [SB/SYM] MISMATCH exp=db0 act=180 ph=PH_IDLE cycle=271
UVM_ERROR uvm_tb.sv(1312) @ 2228000: uvm_test_top.env.sb [SB/SYM] MISMATCH exp=080 act=012 ph=PH_IDLE cycle=272
UVM_ERROR uvm_tb.sv(1312) @ 2236000: uvm_test_top.env.sb [SB/SYM] MISMATCH exp=032 act=1b0 ph=PH_IDLE cycle=273
UVM_ERROR uvm_tb.sv(1312) @ 2244000: uvm_test_top.env.sb [SB/SYM] MISMATCH exp=090 act=006 ph=PH_SDD cycle=274
"uvm_tb.sv", 2275: pcs_tb_top.AST_SDD1_NONZERO: started at 2244000ps failed at 2244000ps
	Offending '((((pcs_tb_top.dut_if.Dout[3] inside {3'b010, 3'b110}) && (pcs_tb_top.dut_if.Dout[2] inside {3'b010, 3'b110})) && (pcs_tb_top.dut_if.Dout[1] inside {3'b010, 3'b110})) && (pcs_tb_top.dut_if.Dout[0] inside {3'b010, 3'b110}))'
Error: "uvm_tb.sv", 2275: pcs_tb_top.AST_SDD1_NONZERO: at time 2244000 ps
[ASSERT/SDD] SDD1: lane(s) not ±2 at TX_EN rise: got 006 @ 2244000
"uvm_tb.sv", 2355: pcs_tb_top.AST_SDD_EXACTLY2: started at 2244000ps failed at 2260000ps
	Offending '(!((((pcs_tb_top.dut_if.Dout[3] inside {3'b010, 3'b110}) && (pcs_tb_top.dut_if.Dout[2] inside {3'b010, 3'b110})) && (pcs_tb_top.dut_if.Dout[1] inside {3'b010, 3'b110})) && (pcs_tb_top.dut_if.Dout[0] inside {3'b010, 3'b110})))'
Error: "uvm_tb.sv", 2355: pcs_tb_top.AST_SDD_EXACTLY2: at time 2260000 ps
[ASSERT/ORDER] All-±2 output persists after SDD2 (stuck in SDD?) @ 2260000
UVM_ERROR uvm_tb.sv(1312) @ 2268000: uvm_test_top.env.sb [SB/SYM] MISMATCH exp=406 act=010 ph=PH_DATA cycle=277
UVM_ERROR uvm_tb.sv(1312) @ 2276000: uvm_test_top.env.sb [SB/SYM] MISMATCH exp=e91 act=c7e ph=PH_DATA cycle=278
UVM_ERROR uvm_tb.sv(1312) @ 2284000: uvm_test_top.env.sb [SB/SYM] MISMATCH exp=036 act=082 ph=PH_DATA cycle=279
UVM_ERROR uvm_tb.sv(1312) @ 2292000: uvm_test_top.env.sb [SB/SYM] MISMATCH exp=1f0 act=441 ph=PH_DATA cycle=280
UVM_ERROR uvm_tb.sv(1312) @ 2300000: uvm_test_top.env.sb [SB/SYM] MISMATCH exp=eb2 act=dc8 ph=PH_DATA cycle=281
UVM_ERROR uvm_tb.sv(1312) @ 2308000: uvm_test_top.env.sb [SB/SYM] MISMATCH exp=001 act=000 ph=PH_DATA cycle=282
UVM_ERROR uvm_tb.sv(1312) @ 2316000: uvm_test_top.env.sb [SB/SYM] MISMATCH exp=e97 act=217 ph=PH_CSR cycle=283
UVM_ERROR uvm_tb.sv(1312) @ 2324000: uvm_test_top.env.sb [SB/SYM] MISMATCH exp=cb1 act=c92 ph=PH_CSR cycle=284
UVM_ERROR uvm_tb.sv(1312) @ 2332000: uvm_test_top.env.sb [SB/SYM] MISMATCH exp=d89 act=596 ph=PH_ESD cycle=285
UVM_ERROR uvm_tb.sv(1312) @ 2340000: uvm_test_top.env.sb [SB/SYM] MISMATCH exp=db6 act=5b6 ph=PH_ESD cycle=286
"uvm_tb.sv", 2372: pcs_tb_top.AST_ESD_EXACTLY2: started at 2316000ps failed at 2348000ps
	Offending '(!((((pcs_tb_top.dut_if.Dout[3] inside {3'b010, 3'b110}) && (pcs_tb_top.dut_if.Dout[2] inside {3'b010, 3'b110})) && (pcs_tb_top.dut_if.Dout[1] inside {3'b010, 3'b110})) && (pcs_tb_top.dut_if.Dout[0] inside {3'b010, 3'b110})))'
Error: "uvm_tb.sv", 2372: pcs_tb_top.AST_ESD_EXACTLY2: at time 2348000 ps
[ASSERT/ORDER] All-±2 output persists after ESD2 (stuck in ESD?) @ 2348000
"uvm_tb.sv", 2355: pcs_tb_top.AST_SDD_EXACTLY2: started at 2348000ps failed at 2364000ps
	Offending '(!((((pcs_tb_top.dut_if.Dout[3] inside {3'b010, 3'b110}) && (pcs_tb_top.dut_if.Dout[2] inside {3'b010, 3'b110})) && (pcs_tb_top.dut_if.Dout[1] inside {3'b010, 3'b110})) && (pcs_tb_top.dut_if.Dout[0] inside {3'b010, 3'b110})))'
Error: "uvm_tb.sv", 2355: pcs_tb_top.AST_SDD_EXACTLY2: at time 2364000 ps
[ASSERT/ORDER] All-±2 output persists after SDD2 (stuck in SDD?) @ 2364000
UVM_ERROR uvm_tb.sv(1312) @ 2372000: uvm_test_top.env.sb [SB/SYM] MISMATCH exp=0b6 act=030 ph=PH_DATA cycle=290
UVM_ERROR uvm_tb.sv(1312) @ 2380000: uvm_test_top.env.sb [SB/SYM] MISMATCH exp=1c7 act=1c1 ph=PH_DATA cycle=291
UVM_ERROR uvm_tb.sv(1312) @ 2388000: uvm_test_top.env.sb [SB/SYM] MISMATCH exp=e09 act=eb9 ph=PH_DATA cycle=292
UVM_ERROR uvm_tb.sv(1312) @ 2396000: uvm_test_top.env.sb [SB/SYM] MISMATCH exp=3c0 act=fd1 ph=PH_CSR cycle=293
UVM_ERROR uvm_tb.sv(1312) @ 2404000: uvm_test_top.env.sb [SB/SYM] MISMATCH exp=3b1 act=db1 ph=PH_CSR cycle=294
UVM_ERROR uvm_tb.sv(1312) @ 2412000: uvm_test_top.env.sb [SB/SYM] MISMATCH exp=c96 act=592 ph=PH_ESD cycle=295
UVM_ERROR uvm_tb.sv(1312) @ 2420000: uvm_test_top.env.sb [SB/SYM] MISMATCH exp=db6 act=cb6 ph=PH_ESD cycle=296
"uvm_tb.sv", 2372: pcs_tb_top.AST_ESD_EXACTLY2: started at 2396000ps failed at 2428000ps
	Offending '(!((((pcs_tb_top.dut_if.Dout[3] inside {3'b010, 3'b110}) && (pcs_tb_top.dut_if.Dout[2] inside {3'b010, 3'b110})) && (pcs_tb_top.dut_if.Dout[1] inside {3'b010, 3'b110})) && (pcs_tb_top.dut_if.Dout[0] inside {3'b010, 3'b110})))'
Error: "uvm_tb.sv", 2372: pcs_tb_top.AST_ESD_EXACTLY2: at time 2428000 ps
[ASSERT/ORDER] All-±2 output persists after ESD2 (stuck in ESD?) @ 2428000
UVM_ERROR uvm_tb.sv(1312) @ 2436000: uvm_test_top.env.sb [SB/SYM] MISMATCH exp=000 act=1b0 ph=PH_IDLE cycle=298
UVM_ERROR uvm_tb.sv(1312) @ 2444000: uvm_test_top.env.sb [SB/SYM] MISMATCH exp=cb2 act=082 ph=PH_IDLE cycle=299
UVM_ERROR uvm_tb.sv(1312) @ 2452000: uvm_test_top.env.sb [SB/SYM] MISMATCH exp=0b2 act=030 ph=PH_IDLE cycle=300
UVM_ERROR uvm_tb.sv(1312) @ 2460000: uvm_test_top.env.sb [SB/SYM] MISMATCH exp=c00 act=0b0 ph=PH_SDD cycle=301
"uvm_tb.sv", 2275: pcs_tb_top.AST_SDD1_NONZERO: started at 2460000ps failed at 2460000ps
	Offending '((((pcs_tb_top.dut_if.Dout[3] inside {3'b010, 3'b110}) && (pcs_tb_top.dut_if.Dout[2] inside {3'b010, 3'b110})) && (pcs_tb_top.dut_if.Dout[1] inside {3'b010, 3'b110})) && (pcs_tb_top.dut_if.Dout[0] inside {3'b010, 3'b110}))'
Error: "uvm_tb.sv", 2275: pcs_tb_top.AST_SDD1_NONZERO: at time 2460000 ps
[ASSERT/SDD] SDD1: lane(s) not ±2 at TX_EN rise: got 0b0 @ 2460000
"uvm_tb.sv", 2355: pcs_tb_top.AST_SDD_EXACTLY2: started at 2460000ps failed at 2476000ps
	Offending '(!((((pcs_tb_top.dut_if.Dout[3] inside {3'b010, 3'b110}) && (pcs_tb_top.dut_if.Dout[2] inside {3'b010, 3'b110})) && (pcs_tb_top.dut_if.Dout[1] inside {3'b010, 3'b110})) && (pcs_tb_top.dut_if.Dout[0] inside {3'b010, 3'b110})))'
Error: "uvm_tb.sv", 2355: pcs_tb_top.AST_SDD_EXACTLY2: at time 2476000 ps
[ASSERT/ORDER] All-±2 output persists after SDD2 (stuck in SDD?) @ 2476000
UVM_ERROR uvm_tb.sv(1312) @ 2484000: uvm_test_top.env.sb [SB/SYM] MISMATCH exp=402 act=482 ph=PH_DATA cycle=304
UVM_ERROR uvm_tb.sv(1312) @ 2492000: uvm_test_top.env.sb [SB/SYM] MISMATCH exp=010 act=190 ph=PH_DATA cycle=305
UVM_ERROR uvm_tb.sv(1312) @ 2500000: uvm_test_top.env.sb [SB/SYM] MISMATCH exp=f97 act=c79 ph=PH_DATA cycle=306
UVM_ERROR uvm_tb.sv(1312) @ 2508000: uvm_test_top.env.sb [SB/SYM] MISMATCH exp=47a act=dca ph=PH_DATA cycle=307
UVM_ERROR uvm_tb.sv(1312) @ 2516000: uvm_test_top.env.sb [SB/SYM] MISMATCH exp=5d0 act=dc7 ph=PH_DATA cycle=308
UVM_ERROR uvm_tb.sv(1312) @ 2524000: uvm_test_top.env.sb [SB/SYM] MISMATCH exp=5ca act=1fa ph=PH_DATA cycle=309
UVM_ERROR uvm_tb.sv(1312) @ 2532000: uvm_test_top.env.sb [SB/SYM] MISMATCH exp=470 act=5f7 ph=PH_DATA cycle=310
UVM_ERROR uvm_tb.sv(1312) @ 2540000: uvm_test_top.env.sb [SB/SYM] MISMATCH exp=210 act=f90 ph=PH_CSR cycle=311
UVM_ERROR uvm_tb.sv(1312) @ 2548000: uvm_test_top.env.sb [SB/SYM] MISMATCH exp=c8e act=5b1 ph=PH_CSR cycle=312
UVM_ERROR uvm_tb.sv(1312) @ 2556000: uvm_test_top.env.sb [SB/SYM] MISMATCH exp=d89 act=496 ph=PH_ESD cycle=313
UVM_ERROR uvm_tb.sv(1312) @ 2564000: uvm_test_top.env.sb [SB/SYM] MISMATCH exp=db6 act=cb2 ph=PH_ESD cycle=314
"uvm_tb.sv", 2372: pcs_tb_top.AST_ESD_EXACTLY2: started at 2540000ps failed at 2572000ps
	Offending '(!((((pcs_tb_top.dut_if.Dout[3] inside {3'b010, 3'b110}) && (pcs_tb_top.dut_if.Dout[2] inside {3'b010, 3'b110})) && (pcs_tb_top.dut_if.Dout[1] inside {3'b010, 3'b110})) && (pcs_tb_top.dut_if.Dout[0] inside {3'b010, 3'b110})))'
Error: "uvm_tb.sv", 2372: pcs_tb_top.AST_ESD_EXACTLY2: at time 2572000 ps
[ASSERT/ORDER] All-±2 output persists after ESD2 (stuck in ESD?) @ 2572000
UVM_ERROR uvm_tb.sv(1312) @ 2580000: uvm_test_top.env.sb [SB/SYM] MISMATCH exp=090 act=010 ph=PH_IDLE cycle=316
UVM_ERROR uvm_tb.sv(1312) @ 2588000: uvm_test_top.env.sb [SB/SYM] MISMATCH exp=c02 act=1b0 ph=PH_IDLE cycle=317
UVM_ERROR uvm_tb.sv(1312) @ 2596000: uvm_test_top.env.sb [SB/SYM] MISMATCH exp=4b2 act=002 ph=PH_IDLE cycle=318
UVM_ERROR uvm_tb.sv(1312) @ 2604000: uvm_test_top.env.sb [SB/SYM] MISMATCH exp=000 act=180 ph=PH_IDLE cycle=319
"uvm_tb.sv", 2275: pcs_tb_top.AST_SDD1_NONZERO: started at 2612000ps failed at 2612000ps
	Offending '((((pcs_tb_top.dut_if.Dout[3] inside {3'b010, 3'b110}) && (pcs_tb_top.dut_if.Dout[2] inside {3'b010, 3'b110})) && (pcs_tb_top.dut_if.Dout[1] inside {3'b010, 3'b110})) && (pcs_tb_top.dut_if.Dout[0] inside {3'b010, 3'b110}))'
Error: "uvm_tb.sv", 2275: pcs_tb_top.AST_SDD1_NONZERO: at time 2612000 ps
[ASSERT/SDD] SDD1: lane(s) not ±2 at TX_EN rise: got 032 @ 2612000
"uvm_tb.sv", 2355: pcs_tb_top.AST_SDD_EXACTLY2: started at 2612000ps failed at 2628000ps
	Offending '(!((((pcs_tb_top.dut_if.Dout[3] inside {3'b010, 3'b110}) && (pcs_tb_top.dut_if.Dout[2] inside {3'b010, 3'b110})) && (pcs_tb_top.dut_if.Dout[1] inside {3'b010, 3'b110})) && (pcs_tb_top.dut_if.Dout[0] inside {3'b010, 3'b110})))'
Error: "uvm_tb.sv", 2355: pcs_tb_top.AST_SDD_EXACTLY2: at time 2628000 ps
[ASSERT/ORDER] All-±2 output persists after SDD2 (stuck in SDD?) @ 2628000
UVM_ERROR uvm_tb.sv(1312) @ 2636000: uvm_test_top.env.sb [SB/SYM] MISMATCH exp=082 act=0b0 ph=PH_DATA cycle=323
UVM_ERROR uvm_tb.sv(1312) @ 2644000: uvm_test_top.env.sb [SB/SYM] MISMATCH exp=e88 act=eb8 ph=PH_DATA cycle=324
UVM_ERROR uvm_tb.sv(1312) @ 2652000: uvm_test_top.env.sb [SB/SYM] MISMATCH exp=588 act=e76 ph=PH_DATA cycle=325
UVM_ERROR uvm_tb.sv(1312) @ 2660000: uvm_test_top.env.sb [SB/SYM] MISMATCH exp=47a act=c49 ph=PH_DATA cycle=326
UVM_ERROR uvm_tb.sv(1312) @ 2668000: uvm_test_top.env.sb [SB/SYM] MISMATCH exp=1f8 act=049 ph=PH_DATA cycle=327
UVM_ERROR uvm_tb.sv(1312) @ 2676000: uvm_test_top.env.sb [SB/SYM] MISMATCH exp=071 act=c72 ph=PH_CSR cycle=328
UVM_ERROR uvm_tb.sv(1312) @ 2684000: uvm_test_top.env.sb [SB/SYM] MISMATCH exp=3b1 act=db7 ph=PH_CSR cycle=329
UVM_ERROR uvm_tb.sv(1312) @ 2692000: uvm_test_top.env.sb [SB/SYM] MISMATCH exp=c96 act=d92 ph=PH_ESD cycle=330
UVM_ERROR uvm_tb.sv(1312) @ 2700000: uvm_test_top.env.sb [SB/SYM] MISMATCH exp=db6 act=4b2 ph=PH_ESD cycle=331
"uvm_tb.sv", 2372: pcs_tb_top.AST_ESD_EXACTLY2: started at 2676000ps failed at 2708000ps
	Offending '(!((((pcs_tb_top.dut_if.Dout[3] inside {3'b010, 3'b110}) && (pcs_tb_top.dut_if.Dout[2] inside {3'b010, 3'b110})) && (pcs_tb_top.dut_if.Dout[1] inside {3'b010, 3'b110})) && (pcs_tb_top.dut_if.Dout[0] inside {3'b010, 3'b110})))'
Error: "uvm_tb.sv", 2372: pcs_tb_top.AST_ESD_EXACTLY2: at time 2708000 ps
[ASSERT/ORDER] All-±2 output persists after ESD2 (stuck in ESD?) @ 2708000
"uvm_tb.sv", 2275: pcs_tb_top.AST_SDD1_NONZERO: started at 2716000ps failed at 2716000ps
	Offending '((((pcs_tb_top.dut_if.Dout[3] inside {3'b010, 3'b110}) && (pcs_tb_top.dut_if.Dout[2] inside {3'b010, 3'b110})) && (pcs_tb_top.dut_if.Dout[1] inside {3'b010, 3'b110})) && (pcs_tb_top.dut_if.Dout[0] inside {3'b010, 3'b110}))'
Error: "uvm_tb.sv", 2275: pcs_tb_top.AST_SDD1_NONZERO: at time 2716000 ps
[ASSERT/SDD] SDD1: lane(s) not ±2 at TX_EN rise: got 000 @ 2716000
"uvm_tb.sv", 2355: pcs_tb_top.AST_SDD_EXACTLY2: started at 2716000ps failed at 2732000ps
	Offending '(!((((pcs_tb_top.dut_if.Dout[3] inside {3'b010, 3'b110}) && (pcs_tb_top.dut_if.Dout[2] inside {3'b010, 3'b110})) && (pcs_tb_top.dut_if.Dout[1] inside {3'b010, 3'b110})) && (pcs_tb_top.dut_if.Dout[0] inside {3'b010, 3'b110})))'
Error: "uvm_tb.sv", 2355: pcs_tb_top.AST_SDD_EXACTLY2: at time 2732000 ps
[ASSERT/ORDER] All-±2 output persists after SDD2 (stuck in SDD?) @ 2732000
UVM_ERROR uvm_tb.sv(1312) @ 2748000: uvm_test_top.env.sb [SB/SYM] MISMATCH exp=3d0 act=3c6 ph=PH_CSR cycle=337
UVM_ERROR uvm_tb.sv(1312) @ 2764000: uvm_test_top.env.sb [SB/SYM] MISMATCH exp=d89 act=492 ph=PH_ESD cycle=339
UVM_ERROR uvm_tb.sv(1312) @ 2772000: uvm_test_top.env.sb [SB/SYM] MISMATCH exp=db6 act=592 ph=PH_ESD cycle=340
"uvm_tb.sv", 2372: pcs_tb_top.AST_ESD_EXACTLY2: started at 2748000ps failed at 2780000ps
	Offending '(!((((pcs_tb_top.dut_if.Dout[3] inside {3'b010, 3'b110}) && (pcs_tb_top.dut_if.Dout[2] inside {3'b010, 3'b110})) && (pcs_tb_top.dut_if.Dout[1] inside {3'b010, 3'b110})) && (pcs_tb_top.dut_if.Dout[0] inside {3'b010, 3'b110})))'
Error: "uvm_tb.sv", 2372: pcs_tb_top.AST_ESD_EXACTLY2: at time 2780000 ps
[ASSERT/ORDER] All-±2 output persists after ESD2 (stuck in ESD?) @ 2780000
UVM_ERROR uvm_tb.sv(1312) @ 2788000: uvm_test_top.env.sb [SB/SYM] MISMATCH exp=4b0 act=000 ph=PH_IDLE cycle=342
UVM_ERROR uvm_tb.sv(1312) @ 2796000: uvm_test_top.env.sb [SB/SYM] MISMATCH exp=002 act=000 ph=PH_IDLE cycle=343
UVM_ERROR uvm_tb.sv(1312) @ 2804000: uvm_test_top.env.sb [SB/SYM] MISMATCH exp=c02 act=1b2 ph=PH_SDD cycle=344
"uvm_tb.sv", 2275: pcs_tb_top.AST_SDD1_NONZERO: started at 2804000ps failed at 2804000ps
	Offending '((((pcs_tb_top.dut_if.Dout[3] inside {3'b010, 3'b110}) && (pcs_tb_top.dut_if.Dout[2] inside {3'b010, 3'b110})) && (pcs_tb_top.dut_if.Dout[1] inside {3'b010, 3'b110})) && (pcs_tb_top.dut_if.Dout[0] inside {3'b010, 3'b110}))'
Error: "uvm_tb.sv", 2275: pcs_tb_top.AST_SDD1_NONZERO: at time 2804000 ps
[ASSERT/SDD] SDD1: lane(s) not ±2 at TX_EN rise: got 1b2 @ 2804000
"uvm_tb.sv", 2355: pcs_tb_top.AST_SDD_EXACTLY2: started at 2804000ps failed at 2820000ps
	Offending '(!((((pcs_tb_top.dut_if.Dout[3] inside {3'b010, 3'b110}) && (pcs_tb_top.dut_if.Dout[2] inside {3'b010, 3'b110})) && (pcs_tb_top.dut_if.Dout[1] inside {3'b010, 3'b110})) && (pcs_tb_top.dut_if.Dout[0] inside {3'b010, 3'b110})))'
Error: "uvm_tb.sv", 2355: pcs_tb_top.AST_SDD_EXACTLY2: at time 2820000 ps
[ASSERT/ORDER] All-±2 output persists after SDD2 (stuck in SDD?) @ 2820000
UVM_ERROR uvm_tb.sv(1312) @ 2828000: uvm_test_top.env.sb [SB/SYM] MISMATCH exp=410 act=002 ph=PH_DATA cycle=347
UVM_ERROR uvm_tb.sv(1312) @ 2836000: uvm_test_top.env.sb [SB/SYM] MISMATCH exp=07a act=04a ph=PH_DATA cycle=348
UVM_ERROR uvm_tb.sv(1312) @ 2844000: uvm_test_top.env.sb [SB/SYM] MISMATCH exp=e31 act=e06 ph=PH_DATA cycle=349
UVM_ERROR uvm_tb.sv(1312) @ 2852000: uvm_test_top.env.sb [SB/SYM] MISMATCH exp=278 act=24f ph=PH_DATA cycle=350
UVM_ERROR uvm_tb.sv(1312) @ 2860000: uvm_test_top.env.sb [SB/SYM] MISMATCH exp=0ba act=03f ph=PH_DATA cycle=351
UVM_ERROR uvm_tb.sv(1312) @ 2868000: uvm_test_top.env.sb [SB/SYM] MISMATCH exp=fc8 act=3c8 ph=PH_CSR cycle=352
UVM_ERROR uvm_tb.sv(1312) @ 2876000: uvm_test_top.env.sb [SB/SYM] MISMATCH exp=c56 act=491 ph=PH_CSR cycle=353
UVM_ERROR uvm_tb.sv(1312) @ 2884000: uvm_test_top.env.sb [SB/SYM] MISMATCH exp=d89 act=db6 ph=PH_ESD cycle=354
UVM_ERROR uvm_tb.sv(1312) @ 2892000: uvm_test_top.env.sb [SB/SYM] MISMATCH exp=db6 act=5b2 ph=PH_ESD cycle=355
"uvm_tb.sv", 2372: pcs_tb_top.AST_ESD_EXACTLY2: started at 2868000ps failed at 2900000ps
	Offending '(!((((pcs_tb_top.dut_if.Dout[3] inside {3'b010, 3'b110}) && (pcs_tb_top.dut_if.Dout[2] inside {3'b010, 3'b110})) && (pcs_tb_top.dut_if.Dout[1] inside {3'b010, 3'b110})) && (pcs_tb_top.dut_if.Dout[0] inside {3'b010, 3'b110})))'
Error: "uvm_tb.sv", 2372: pcs_tb_top.AST_ESD_EXACTLY2: at time 2900000 ps
[ASSERT/ORDER] All-±2 output persists after ESD2 (stuck in ESD?) @ 2900000
UVM_ERROR uvm_tb.sv(1312) @ 2908000: uvm_test_top.env.sb [SB/SYM] MISMATCH exp=4b6 act=080 ph=PH_IDLE cycle=357
UVM_ERROR uvm_tb.sv(1312) @ 2916000: uvm_test_top.env.sb [SB/SYM] MISMATCH exp=002 act=032 ph=PH_IDLE cycle=358
UVM_ERROR uvm_tb.sv(1312) @ 2924000: uvm_test_top.env.sb [SB/SYM] MISMATCH exp=190 act=010 ph=PH_IDLE cycle=359
UVM_ERROR uvm_tb.sv(1312) @ 2932000: uvm_test_top.env.sb [SB/SYM] MISMATCH exp=000 act=186 ph=PH_SDD cycle=360
"uvm_tb.sv", 2275: pcs_tb_top.AST_SDD1_NONZERO: started at 2932000ps failed at 2932000ps
	Offending '((((pcs_tb_top.dut_if.Dout[3] inside {3'b010, 3'b110}) && (pcs_tb_top.dut_if.Dout[2] inside {3'b010, 3'b110})) && (pcs_tb_top.dut_if.Dout[1] inside {3'b010, 3'b110})) && (pcs_tb_top.dut_if.Dout[0] inside {3'b010, 3'b110}))'
Error: "uvm_tb.sv", 2275: pcs_tb_top.AST_SDD1_NONZERO: at time 2932000 ps
[ASSERT/SDD] SDD1: lane(s) not ±2 at TX_EN rise: got 186 @ 2932000
"uvm_tb.sv", 2355: pcs_tb_top.AST_SDD_EXACTLY2: started at 2932000ps failed at 2948000ps
	Offending '(!((((pcs_tb_top.dut_if.Dout[3] inside {3'b010, 3'b110}) && (pcs_tb_top.dut_if.Dout[2] inside {3'b010, 3'b110})) && (pcs_tb_top.dut_if.Dout[1] inside {3'b010, 3'b110})) && (pcs_tb_top.dut_if.Dout[0] inside {3'b010, 3'b110})))'
Error: "uvm_tb.sv", 2355: pcs_tb_top.AST_SDD_EXACTLY2: at time 2948000 ps
[ASSERT/ORDER] All-±2 output persists after SDD2 (stuck in SDD?) @ 2948000
UVM_ERROR uvm_tb.sv(1312) @ 2956000: uvm_test_top.env.sb [SB/SYM] MISMATCH exp=000 act=006 ph=PH_DATA cycle=363
UVM_ERROR uvm_tb.sv(1312) @ 2964000: uvm_test_top.env.sb [SB/SYM] MISMATCH exp=1c7 act=071 ph=PH_CSR cycle=364
UVM_ERROR uvm_tb.sv(1312) @ 2972000: uvm_test_top.env.sb [SB/SYM] MISMATCH exp=292 act=c72 ph=PH_CSR cycle=365
UVM_ERROR uvm_tb.sv(1312) @ 2980000: uvm_test_top.env.sb [SB/SYM] MISMATCH exp=d89 act=591 ph=PH_ESD cycle=366
"uvm_tb.sv", 2305: pcs_tb_top.AST_ESD1_NONZERO: started at 2964000ps failed at 2980000ps
	Offending '((((pcs_tb_top.dut_if.Dout[3] inside {3'b010, 3'b110}) && (pcs_tb_top.dut_if.Dout[2] inside {3'b010, 3'b110})) && (pcs_tb_top.dut_if.Dout[1] inside {3'b010, 3'b110})) && (pcs_tb_top.dut_if.Dout[0] inside {3'b010, 3'b110}))'
Error: "uvm_tb.sv", 2305: pcs_tb_top.AST_ESD1_NONZERO: at time 2980000 ps
[ASSERT/ESD] ESD1: lane(s) not ±2 two cycles after TX_EN fall: got 591 @ 2980000
UVM_ERROR uvm_tb.sv(1312) @ 2988000: uvm_test_top.env.sb [SB/SYM] MISMATCH exp=db6 act=c92 ph=PH_ESD cycle=367
"uvm_tb.sv", 2372: pcs_tb_top.AST_ESD_EXACTLY2: started at 2964000ps failed at 2996000ps
	Offending '(!((((pcs_tb_top.dut_if.Dout[3] inside {3'b010, 3'b110}) && (pcs_tb_top.dut_if.Dout[2] inside {3'b010, 3'b110})) && (pcs_tb_top.dut_if.Dout[1] inside {3'b010, 3'b110})) && (pcs_tb_top.dut_if.Dout[0] inside {3'b010, 3'b110})))'
Error: "uvm_tb.sv", 2372: pcs_tb_top.AST_ESD_EXACTLY2: at time 2996000 ps
[ASSERT/ORDER] All-±2 output persists after ESD2 (stuck in ESD?) @ 2996000
UVM_ERROR uvm_tb.sv(1312) @ 3004000: uvm_test_top.env.sb [SB/SYM] MISMATCH exp=080 act=090 ph=PH_IDLE cycle=369
UVM_ERROR uvm_tb.sv(1312) @ 3012000: uvm_test_top.env.sb [SB/SYM] MISMATCH exp=090 act=006 ph=PH_SDD cycle=370
"uvm_tb.sv", 2275: pcs_tb_top.AST_SDD1_NONZERO: started at 3012000ps failed at 3012000ps
	Offending '((((pcs_tb_top.dut_if.Dout[3] inside {3'b010, 3'b110}) && (pcs_tb_top.dut_if.Dout[2] inside {3'b010, 3'b110})) && (pcs_tb_top.dut_if.Dout[1] inside {3'b010, 3'b110})) && (pcs_tb_top.dut_if.Dout[0] inside {3'b010, 3'b110}))'
Error: "uvm_tb.sv", 2275: pcs_tb_top.AST_SDD1_NONZERO: at time 3012000 ps
[ASSERT/SDD] SDD1: lane(s) not ±2 at TX_EN rise: got 006 @ 3012000
"uvm_tb.sv", 2355: pcs_tb_top.AST_SDD_EXACTLY2: started at 3012000ps failed at 3028000ps
	Offending '(!((((pcs_tb_top.dut_if.Dout[3] inside {3'b010, 3'b110}) && (pcs_tb_top.dut_if.Dout[2] inside {3'b010, 3'b110})) && (pcs_tb_top.dut_if.Dout[1] inside {3'b010, 3'b110})) && (pcs_tb_top.dut_if.Dout[0] inside {3'b010, 3'b110})))'
Error: "uvm_tb.sv", 2355: pcs_tb_top.AST_SDD_EXACTLY2: at time 3028000 ps
[ASSERT/ORDER] All-±2 output persists after SDD2 (stuck in SDD?) @ 3028000
UVM_ERROR uvm_tb.sv(1312) @ 3036000: uvm_test_top.env.sb [SB/SYM] MISMATCH exp=410 act=010 ph=PH_DATA cycle=373
UVM_ERROR uvm_tb.sv(1312) @ 3044000: uvm_test_top.env.sb [SB/SYM] MISMATCH exp=ff0 act=5b9 ph=PH_DATA cycle=374
UVM_ERROR uvm_tb.sv(1312) @ 3052000: uvm_test_top.env.sb [SB/SYM] MISMATCH exp=380 act=f80 ph=PH_DATA cycle=375
UVM_ERROR uvm_tb.sv(1312) @ 3060000: uvm_test_top.env.sb [SB/SYM] MISMATCH exp=279 act=3ff ph=PH_DATA cycle=376
UVM_ERROR uvm_tb.sv(1312) @ 3068000: uvm_test_top.env.sb [SB/SYM] MISMATCH exp=1f9 act=1ff ph=PH_DATA cycle=377
UVM_ERROR uvm_tb.sv(1312) @ 3076000: uvm_test_top.env.sb [SB/SYM] MISMATCH exp=4b1 act=4b6 ph=PH_DATA cycle=378
UVM_ERROR uvm_tb.sv(1312) @ 3084000: uvm_test_top.env.sb [SB/SYM] MISMATCH exp=fce act=087 ph=PH_CSR cycle=379
UVM_ERROR uvm_tb.sv(1312) @ 3092000: uvm_test_top.env.sb [SB/SYM] MISMATCH exp=c56 act=5b1 ph=PH_CSR cycle=380
UVM_ERROR uvm_tb.sv(1312) @ 3100000: uvm_test_top.env.sb [SB/SYM] MISMATCH exp=d89 act=cb6 ph=PH_ESD cycle=381
UVM_ERROR uvm_tb.sv(1312) @ 3108000: uvm_test_top.env.sb [SB/SYM] MISMATCH exp=db6 act=5b6 ph=PH_ESD cycle=382
"uvm_tb.sv", 2372: pcs_tb_top.AST_ESD_EXACTLY2: started at 3084000ps failed at 3116000ps
	Offending '(!((((pcs_tb_top.dut_if.Dout[3] inside {3'b010, 3'b110}) && (pcs_tb_top.dut_if.Dout[2] inside {3'b010, 3'b110})) && (pcs_tb_top.dut_if.Dout[1] inside {3'b010, 3'b110})) && (pcs_tb_top.dut_if.Dout[0] inside {3'b010, 3'b110})))'
Error: "uvm_tb.sv", 2372: pcs_tb_top.AST_ESD_EXACTLY2: at time 3116000 ps
[ASSERT/ORDER] All-±2 output persists after ESD2 (stuck in ESD?) @ 3116000
UVM_ERROR uvm_tb.sv(1312) @ 3124000: uvm_test_top.env.sb [SB/SYM] MISMATCH exp=c00 act=002 ph=PH_IDLE cycle=384
UVM_ERROR uvm_tb.sv(1312) @ 3132000: uvm_test_top.env.sb [SB/SYM] MISMATCH exp=196 act=010 ph=PH_IDLE cycle=385
"uvm_tb.sv", 2275: pcs_tb_top.AST_SDD1_NONZERO: started at 3140000ps failed at 3140000ps
	Offending '((((pcs_tb_top.dut_if.Dout[3] inside {3'b010, 3'b110}) && (pcs_tb_top.dut_if.Dout[2] inside {3'b010, 3'b110})) && (pcs_tb_top.dut_if.Dout[1] inside {3'b010, 3'b110})) && (pcs_tb_top.dut_if.Dout[0] inside {3'b010, 3'b110}))'
Error: "uvm_tb.sv", 2275: pcs_tb_top.AST_SDD1_NONZERO: at time 3140000 ps
[ASSERT/SDD] SDD1: lane(s) not ±2 at TX_EN rise: got 182 @ 3140000
"uvm_tb.sv", 2355: pcs_tb_top.AST_SDD_EXACTLY2: started at 3140000ps failed at 3156000ps
	Offending '(!((((pcs_tb_top.dut_if.Dout[3] inside {3'b010, 3'b110}) && (pcs_tb_top.dut_if.Dout[2] inside {3'b010, 3'b110})) && (pcs_tb_top.dut_if.Dout[1] inside {3'b010, 3'b110})) && (pcs_tb_top.dut_if.Dout[0] inside {3'b010, 3'b110})))'
Error: "uvm_tb.sv", 2355: pcs_tb_top.AST_SDD_EXACTLY2: at time 3156000 ps
[ASSERT/ORDER] All-±2 output persists after SDD2 (stuck in SDD?) @ 3156000
UVM_ERROR uvm_tb.sv(1312) @ 3164000: uvm_test_top.env.sb [SB/SYM] MISMATCH exp=180 act=012 ph=PH_DATA cycle=389
UVM_ERROR uvm_tb.sv(1312) @ 3172000: uvm_test_top.env.sb [SB/SYM] MISMATCH exp=dc8 act=dce ph=PH_DATA cycle=390
UVM_ERROR uvm_tb.sv(1312) @ 3180000: uvm_test_top.env.sb [SB/SYM] MISMATCH exp=5f1 act=476 ph=PH_CSR cycle=391
UVM_ERROR uvm_tb.sv(1312) @ 3188000: uvm_test_top.env.sb [SB/SYM] MISMATCH exp=3b1 act=5b6 ph=PH_CSR cycle=392
UVM_ERROR uvm_tb.sv(1312) @ 3196000: uvm_test_top.env.sb [SB/SYM] MISMATCH exp=c96 act=db6 ph=PH_ESD cycle=393
UVM_ERROR uvm_tb.sv(1312) @ 3204000: uvm_test_top.env.sb [SB/SYM] MISMATCH exp=db6 act=d96 ph=PH_ESD cycle=394
"uvm_tb.sv", 2372: pcs_tb_top.AST_ESD_EXACTLY2: started at 3180000ps failed at 3212000ps
	Offending '(!((((pcs_tb_top.dut_if.Dout[3] inside {3'b010, 3'b110}) && (pcs_tb_top.dut_if.Dout[2] inside {3'b010, 3'b110})) && (pcs_tb_top.dut_if.Dout[1] inside {3'b010, 3'b110})) && (pcs_tb_top.dut_if.Dout[0] inside {3'b010, 3'b110})))'
Error: "uvm_tb.sv", 2372: pcs_tb_top.AST_ESD_EXACTLY2: at time 3212000 ps
[ASSERT/ORDER] All-±2 output persists after ESD2 (stuck in ESD?) @ 3212000
UVM_ERROR uvm_tb.sv(1312) @ 3220000: uvm_test_top.env.sb [SB/SYM] MISMATCH exp=002 act=180 ph=PH_IDLE cycle=396
UVM_ERROR uvm_tb.sv(1312) @ 3228000: uvm_test_top.env.sb [SB/SYM] MISMATCH exp=590 act=192 ph=PH_IDLE cycle=397
UVM_ERROR uvm_tb.sv(1312) @ 3236000: uvm_test_top.env.sb [SB/SYM] MISMATCH exp=d80 act=000 ph=PH_IDLE cycle=398
UVM_ERROR uvm_tb.sv(1312) @ 3244000: uvm_test_top.env.sb [SB/SYM] MISMATCH exp=416 act=190 ph=PH_IDLE cycle=399
UVM_ERROR uvm_tb.sv(1312) @ 3252000: uvm_test_top.env.sb [SB/SYM] MISMATCH exp=082 act=002 ph=PH_SDD cycle=400
"uvm_tb.sv", 2275: pcs_tb_top.AST_SDD1_NONZERO: started at 3252000ps failed at 3252000ps
	Offending '((((pcs_tb_top.dut_if.Dout[3] inside {3'b010, 3'b110}) && (pcs_tb_top.dut_if.Dout[2] inside {3'b010, 3'b110})) && (pcs_tb_top.dut_if.Dout[1] inside {3'b010, 3'b110})) && (pcs_tb_top.dut_if.Dout[0] inside {3'b010, 3'b110}))'
Error: "uvm_tb.sv", 2275: pcs_tb_top.AST_SDD1_NONZERO: at time 3252000 ps
[ASSERT/SDD] SDD1: lane(s) not ±2 at TX_EN rise: got 002 @ 3252000
"uvm_tb.sv", 2355: pcs_tb_top.AST_SDD_EXACTLY2: started at 3252000ps failed at 3268000ps
	Offending '(!((((pcs_tb_top.dut_if.Dout[3] inside {3'b010, 3'b110}) && (pcs_tb_top.dut_if.Dout[2] inside {3'b010, 3'b110})) && (pcs_tb_top.dut_if.Dout[1] inside {3'b010, 3'b110})) && (pcs_tb_top.dut_if.Dout[0] inside {3'b010, 3'b110})))'
Error: "uvm_tb.sv", 2355: pcs_tb_top.AST_SDD_EXACTLY2: at time 3268000 ps
[ASSERT/ORDER] All-±2 output persists after SDD2 (stuck in SDD?) @ 3268000
UVM_ERROR uvm_tb.sv(1312) @ 3276000: uvm_test_top.env.sb [SB/SYM] MISMATCH exp=080 act=090 ph=PH_DATA cycle=403
UVM_ERROR uvm_tb.sv(1312) @ 3284000: uvm_test_top.env.sb [SB/SYM] MISMATCH exp=006 act=016 ph=PH_DATA cycle=404
UVM_ERROR uvm_tb.sv(1312) @ 3292000: uvm_test_top.env.sb [SB/SYM] MISMATCH exp=0bf act=18e ph=PH_DATA cycle=405
UVM_ERROR uvm_tb.sv(1312) @ 3300000: uvm_test_top.env.sb [SB/SYM] MISMATCH exp=200 act=e87 ph=PH_DATA cycle=406
UVM_ERROR uvm_tb.sv(1312) @ 3308000: uvm_test_top.env.sb [SB/SYM] MISMATCH exp=dc7 act=1d7 ph=PH_DATA cycle=407
UVM_ERROR uvm_tb.sv(1312) @ 3316000: uvm_test_top.env.sb [SB/SYM] MISMATCH exp=c3f act=256 ph=PH_DATA cycle=408
UVM_ERROR uvm_tb.sv(1312) @ 3324000: uvm_test_top.env.sb [SB/SYM] MISMATCH exp=5f0 act=df1 ph=PH_DATA cycle=409
UVM_ERROR uvm_tb.sv(1312) @ 3332000: uvm_test_top.env.sb [SB/SYM] MISMATCH exp=257 act=3f7 ph=PH_CSR cycle=410
UVM_ERROR uvm_tb.sv(1312) @ 3340000: uvm_test_top.env.sb [SB/SYM] MISMATCH exp=38e act=476 ph=PH_CSR cycle=411
UVM_ERROR uvm_tb.sv(1312) @ 3348000: uvm_test_top.env.sb [SB/SYM] MISMATCH exp=c96 act=d97 ph=PH_ESD cycle=412
"uvm_tb.sv", 2305: pcs_tb_top.AST_ESD1_NONZERO: started at 3332000ps failed at 3348000ps
	Offending '((((pcs_tb_top.dut_if.Dout[3] inside {3'b010, 3'b110}) && (pcs_tb_top.dut_if.Dout[2] inside {3'b010, 3'b110})) && (pcs_tb_top.dut_if.Dout[1] inside {3'b010, 3'b110})) && (pcs_tb_top.dut_if.Dout[0] inside {3'b010, 3'b110}))'
Error: "uvm_tb.sv", 2305: pcs_tb_top.AST_ESD1_NONZERO: at time 3348000 ps
[ASSERT/ESD] ESD1: lane(s) not ±2 two cycles after TX_EN fall: got d97 @ 3348000
UVM_ERROR uvm_tb.sv(1312) @ 3356000: uvm_test_top.env.sb [SB/SYM] MISMATCH exp=db6 act=db2 ph=PH_ESD cycle=413
"uvm_tb.sv", 2372: pcs_tb_top.AST_ESD_EXACTLY2: started at 3332000ps failed at 3364000ps
	Offending '(!((((pcs_tb_top.dut_if.Dout[3] inside {3'b010, 3'b110}) && (pcs_tb_top.dut_if.Dout[2] inside {3'b010, 3'b110})) && (pcs_tb_top.dut_if.Dout[1] inside {3'b010, 3'b110})) && (pcs_tb_top.dut_if.Dout[0] inside {3'b010, 3'b110})))'
Error: "uvm_tb.sv", 2372: pcs_tb_top.AST_ESD_EXACTLY2: at time 3364000 ps
[ASSERT/ORDER] All-±2 output persists after ESD2 (stuck in ESD?) @ 3364000
UVM_ERROR uvm_tb.sv(1312) @ 3372000: uvm_test_top.env.sb [SB/SYM] MISMATCH exp=180 act=192 ph=PH_IDLE cycle=415
UVM_ERROR uvm_tb.sv(1312) @ 3380000: uvm_test_top.env.sb [SB/SYM] MISMATCH exp=0b0 act=000 ph=PH_IDLE cycle=416
UVM_ERROR uvm_tb.sv(1312) @ 3388000: uvm_test_top.env.sb [SB/SYM] MISMATCH exp=c06 act=186 ph=PH_SDD cycle=417
"uvm_tb.sv", 2275: pcs_tb_top.AST_SDD1_NONZERO: started at 3388000ps failed at 3388000ps
	Offending '((((pcs_tb_top.dut_if.Dout[3] inside {3'b010, 3'b110}) && (pcs_tb_top.dut_if.Dout[2] inside {3'b010, 3'b110})) && (pcs_tb_top.dut_if.Dout[1] inside {3'b010, 3'b110})) && (pcs_tb_top.dut_if.Dout[0] inside {3'b010, 3'b110}))'
Error: "uvm_tb.sv", 2275: pcs_tb_top.AST_SDD1_NONZERO: at time 3388000 ps
[ASSERT/SDD] SDD1: lane(s) not ±2 at TX_EN rise: got 186 @ 3388000
"uvm_tb.sv", 2355: pcs_tb_top.AST_SDD_EXACTLY2: started at 3388000ps failed at 3404000ps
	Offending '(!((((pcs_tb_top.dut_if.Dout[3] inside {3'b010, 3'b110}) && (pcs_tb_top.dut_if.Dout[2] inside {3'b010, 3'b110})) && (pcs_tb_top.dut_if.Dout[1] inside {3'b010, 3'b110})) && (pcs_tb_top.dut_if.Dout[0] inside {3'b010, 3'b110})))'
Error: "uvm_tb.sv", 2355: pcs_tb_top.AST_SDD_EXACTLY2: at time 3404000 ps
[ASSERT/ORDER] All-±2 output persists after SDD2 (stuck in SDD?) @ 3404000
UVM_ERROR uvm_tb.sv(1312) @ 3412000: uvm_test_top.env.sb [SB/SYM] MISMATCH exp=030 act=080 ph=PH_DATA cycle=420
UVM_ERROR uvm_tb.sv(1312) @ 3428000: uvm_test_top.env.sb [SB/SYM] MISMATCH exp=4b6 act=582 ph=PH_CSR cycle=422
UVM_ERROR uvm_tb.sv(1312) @ 3436000: uvm_test_top.env.sb [SB/SYM] MISMATCH exp=cb1 act=df2 ph=PH_CSR cycle=423
UVM_ERROR uvm_tb.sv(1312) @ 3444000: uvm_test_top.env.sb [SB/SYM] MISMATCH exp=d89 act=497 ph=PH_ESD cycle=424
"uvm_tb.sv", 2305: pcs_tb_top.AST_ESD1_NONZERO: started at 3428000ps failed at 3444000ps
	Offending '((((pcs_tb_top.dut_if.Dout[3] inside {3'b010, 3'b110}) && (pcs_tb_top.dut_if.Dout[2] inside {3'b010, 3'b110})) && (pcs_tb_top.dut_if.Dout[1] inside {3'b010, 3'b110})) && (pcs_tb_top.dut_if.Dout[0] inside {3'b010, 3'b110}))'
Error: "uvm_tb.sv", 2305: pcs_tb_top.AST_ESD1_NONZERO: at time 3444000 ps
[ASSERT/ESD] ESD1: lane(s) not ±2 two cycles after TX_EN fall: got 497 @ 3444000
UVM_ERROR uvm_tb.sv(1312) @ 3452000: uvm_test_top.env.sb [SB/SYM] MISMATCH exp=db6 act=c96 ph=PH_ESD cycle=425
"uvm_tb.sv", 2372: pcs_tb_top.AST_ESD_EXACTLY2: started at 3428000ps failed at 3460000ps
	Offending '(!((((pcs_tb_top.dut_if.Dout[3] inside {3'b010, 3'b110}) && (pcs_tb_top.dut_if.Dout[2] inside {3'b010, 3'b110})) && (pcs_tb_top.dut_if.Dout[1] inside {3'b010, 3'b110})) && (pcs_tb_top.dut_if.Dout[0] inside {3'b010, 3'b110})))'
Error: "uvm_tb.sv", 2372: pcs_tb_top.AST_ESD_EXACTLY2: at time 3460000 ps
[ASSERT/ORDER] All-±2 output persists after ESD2 (stuck in ESD?) @ 3460000
UVM_ERROR uvm_tb.sv(1312) @ 3468000: uvm_test_top.env.sb [SB/SYM] MISMATCH exp=180 act=002 ph=PH_SDD cycle=427
"uvm_tb.sv", 2275: pcs_tb_top.AST_SDD1_NONZERO: started at 3468000ps failed at 3468000ps
	Offending '((((pcs_tb_top.dut_if.Dout[3] inside {3'b010, 3'b110}) && (pcs_tb_top.dut_if.Dout[2] inside {3'b010, 3'b110})) && (pcs_tb_top.dut_if.Dout[1] inside {3'b010, 3'b110})) && (pcs_tb_top.dut_if.Dout[0] inside {3'b010, 3'b110}))'
Error: "uvm_tb.sv", 2275: pcs_tb_top.AST_SDD1_NONZERO: at time 3468000 ps
[ASSERT/SDD] SDD1: lane(s) not ±2 at TX_EN rise: got 002 @ 3468000
"uvm_tb.sv", 2355: pcs_tb_top.AST_SDD_EXACTLY2: started at 3468000ps failed at 3484000ps
	Offending '(!((((pcs_tb_top.dut_if.Dout[3] inside {3'b010, 3'b110}) && (pcs_tb_top.dut_if.Dout[2] inside {3'b010, 3'b110})) && (pcs_tb_top.dut_if.Dout[1] inside {3'b010, 3'b110})) && (pcs_tb_top.dut_if.Dout[0] inside {3'b010, 3'b110})))'
Error: "uvm_tb.sv", 2355: pcs_tb_top.AST_SDD_EXACTLY2: at time 3484000 ps
[ASSERT/ORDER] All-±2 output persists after SDD2 (stuck in SDD?) @ 3484000
UVM_ERROR uvm_tb.sv(1312) @ 3516000: uvm_test_top.env.sb [SB/SYM] MISMATCH exp=db6 act=c96 ph=PH_ESD cycle=433
"uvm_tb.sv", 2372: pcs_tb_top.AST_ESD_EXACTLY2: started at 3492000ps failed at 3524000ps
	Offending '(!((((pcs_tb_top.dut_if.Dout[3] inside {3'b010, 3'b110}) && (pcs_tb_top.dut_if.Dout[2] inside {3'b010, 3'b110})) && (pcs_tb_top.dut_if.Dout[1] inside {3'b010, 3'b110})) && (pcs_tb_top.dut_if.Dout[0] inside {3'b010, 3'b110})))'
Error: "uvm_tb.sv", 2372: pcs_tb_top.AST_ESD_EXACTLY2: at time 3524000 ps
[ASSERT/ORDER] All-±2 output persists after ESD2 (stuck in ESD?) @ 3524000
UVM_ERROR uvm_tb.sv(1312) @ 3532000: uvm_test_top.env.sb [SB/SYM] MISMATCH exp=010 act=000 ph=PH_SDD cycle=435
"uvm_tb.sv", 2275: pcs_tb_top.AST_SDD1_NONZERO: started at 3532000ps failed at 3532000ps
	Offending '((((pcs_tb_top.dut_if.Dout[3] inside {3'b010, 3'b110}) && (pcs_tb_top.dut_if.Dout[2] inside {3'b010, 3'b110})) && (pcs_tb_top.dut_if.Dout[1] inside {3'b010, 3'b110})) && (pcs_tb_top.dut_if.Dout[0] inside {3'b010, 3'b110}))'
Error: "uvm_tb.sv", 2275: pcs_tb_top.AST_SDD1_NONZERO: at time 3532000 ps
[ASSERT/SDD] SDD1: lane(s) not ±2 at TX_EN rise: got 000 @ 3532000
"uvm_tb.sv", 2355: pcs_tb_top.AST_SDD_EXACTLY2: started at 3532000ps failed at 3548000ps
	Offending '(!((((pcs_tb_top.dut_if.Dout[3] inside {3'b010, 3'b110}) && (pcs_tb_top.dut_if.Dout[2] inside {3'b010, 3'b110})) && (pcs_tb_top.dut_if.Dout[1] inside {3'b010, 3'b110})) && (pcs_tb_top.dut_if.Dout[0] inside {3'b010, 3'b110})))'
Error: "uvm_tb.sv", 2355: pcs_tb_top.AST_SDD_EXACTLY2: at time 3548000 ps
[ASSERT/ORDER] All-±2 output persists after SDD2 (stuck in SDD?) @ 3548000
UVM_ERROR uvm_tb.sv(1312) @ 3556000: uvm_test_top.env.sb [SB/SYM] MISMATCH exp=082 act=002 ph=PH_CSR cycle=438
UVM_ERROR uvm_tb.sv(1312) @ 3580000: uvm_test_top.env.sb [SB/SYM] MISMATCH exp=db6 act=4b2 ph=PH_ESD cycle=441
"uvm_tb.sv", 2372: pcs_tb_top.AST_ESD_EXACTLY2: started at 3556000ps failed at 3588000ps
	Offending '(!((((pcs_tb_top.dut_if.Dout[3] inside {3'b010, 3'b110}) && (pcs_tb_top.dut_if.Dout[2] inside {3'b010, 3'b110})) && (pcs_tb_top.dut_if.Dout[1] inside {3'b010, 3'b110})) && (pcs_tb_top.dut_if.Dout[0] inside {3'b010, 3'b110})))'
Error: "uvm_tb.sv", 2372: pcs_tb_top.AST_ESD_EXACTLY2: at time 3588000 ps
[ASSERT/ORDER] All-±2 output persists after ESD2 (stuck in ESD?) @ 3588000
UVM_ERROR uvm_tb.sv(1312) @ 3596000: uvm_test_top.env.sb [SB/SYM] MISMATCH exp=000 act=0b2 ph=PH_SDD cycle=443
"uvm_tb.sv", 2275: pcs_tb_top.AST_SDD1_NONZERO: started at 3596000ps failed at 3596000ps
	Offending '((((pcs_tb_top.dut_if.Dout[3] inside {3'b010, 3'b110}) && (pcs_tb_top.dut_if.Dout[2] inside {3'b010, 3'b110})) && (pcs_tb_top.dut_if.Dout[1] inside {3'b010, 3'b110})) && (pcs_tb_top.dut_if.Dout[0] inside {3'b010, 3'b110}))'
Error: "uvm_tb.sv", 2275: pcs_tb_top.AST_SDD1_NONZERO: at time 3596000 ps
[ASSERT/SDD] SDD1: lane(s) not ±2 at TX_EN rise: got 0b2 @ 3596000
"uvm_tb.sv", 2355: pcs_tb_top.AST_SDD_EXACTLY2: started at 3596000ps failed at 3612000ps
	Offending '(!((((pcs_tb_top.dut_if.Dout[3] inside {3'b010, 3'b110}) && (pcs_tb_top.dut_if.Dout[2] inside {3'b010, 3'b110})) && (pcs_tb_top.dut_if.Dout[1] inside {3'b010, 3'b110})) && (pcs_tb_top.dut_if.Dout[0] inside {3'b010, 3'b110})))'
Error: "uvm_tb.sv", 2355: pcs_tb_top.AST_SDD_EXACTLY2: at time 3612000 ps
[ASSERT/ORDER] All-±2 output persists after SDD2 (stuck in SDD?) @ 3612000
UVM_ERROR uvm_tb.sv(1312) @ 3620000: uvm_test_top.env.sb [SB/SYM] MISMATCH exp=c90 act=090 ph=PH_DATA cycle=446
UVM_ERROR uvm_tb.sv(1312) @ 3628000: uvm_test_top.env.sb [SB/SYM] MISMATCH exp=dd1 act=dd7 ph=PH_DATA cycle=447
UVM_ERROR uvm_tb.sv(1312) @ 3636000: uvm_test_top.env.sb [SB/SYM] MISMATCH exp=5b7 act=431 ph=PH_DATA cycle=448
UVM_ERROR uvm_tb.sv(1312) @ 3644000: uvm_test_top.env.sb [SB/SYM] MISMATCH exp=1f9 act=078 ph=PH_DATA cycle=449
UVM_ERROR uvm_tb.sv(1312) @ 3652000: uvm_test_top.env.sb [SB/SYM] MISMATCH exp=5c7 act=447 ph=PH_CSR cycle=450
UVM_ERROR uvm_tb.sv(1312) @ 3660000: uvm_test_top.env.sb [SB/SYM] MISMATCH exp=cb1 act=dd6 ph=PH_CSR cycle=451
UVM_ERROR uvm_tb.sv(1312) @ 3668000: uvm_test_top.env.sb [SB/SYM] MISMATCH exp=d89 act=c97 ph=PH_ESD cycle=452
"uvm_tb.sv", 2305: pcs_tb_top.AST_ESD1_NONZERO: started at 3652000ps failed at 3668000ps
	Offending '((((pcs_tb_top.dut_if.Dout[3] inside {3'b010, 3'b110}) && (pcs_tb_top.dut_if.Dout[2] inside {3'b010, 3'b110})) && (pcs_tb_top.dut_if.Dout[1] inside {3'b010, 3'b110})) && (pcs_tb_top.dut_if.Dout[0] inside {3'b010, 3'b110}))'
Error: "uvm_tb.sv", 2305: pcs_tb_top.AST_ESD1_NONZERO: at time 3668000 ps
[ASSERT/ESD] ESD1: lane(s) not ±2 two cycles after TX_EN fall: got c97 @ 3668000
UVM_ERROR uvm_tb.sv(1312) @ 3676000: uvm_test_top.env.sb [SB/SYM] MISMATCH exp=db6 act=496 ph=PH_ESD cycle=453
"uvm_tb.sv", 2372: pcs_tb_top.AST_ESD_EXACTLY2: started at 3652000ps failed at 3684000ps
	Offending '(!((((pcs_tb_top.dut_if.Dout[3] inside {3'b010, 3'b110}) && (pcs_tb_top.dut_if.Dout[2] inside {3'b010, 3'b110})) && (pcs_tb_top.dut_if.Dout[1] inside {3'b010, 3'b110})) && (pcs_tb_top.dut_if.Dout[0] inside {3'b010, 3'b110})))'
Error: "uvm_tb.sv", 2372: pcs_tb_top.AST_ESD_EXACTLY2: at time 3684000 ps
[ASSERT/ORDER] All-±2 output persists after ESD2 (stuck in ESD?) @ 3684000
"uvm_tb.sv", 2355: pcs_tb_top.AST_SDD_EXACTLY2: started at 3684000ps failed at 3700000ps
	Offending '(!((((pcs_tb_top.dut_if.Dout[3] inside {3'b010, 3'b110}) && (pcs_tb_top.dut_if.Dout[2] inside {3'b010, 3'b110})) && (pcs_tb_top.dut_if.Dout[1] inside {3'b010, 3'b110})) && (pcs_tb_top.dut_if.Dout[0] inside {3'b010, 3'b110})))'
Error: "uvm_tb.sv", 2355: pcs_tb_top.AST_SDD_EXACTLY2: at time 3700000 ps
[ASSERT/ORDER] All-±2 output persists after SDD2 (stuck in SDD?) @ 3700000
UVM_ERROR uvm_tb.sv(1312) @ 3708000: uvm_test_top.env.sb [SB/SYM] MISMATCH exp=006 act=080 ph=PH_DATA cycle=457
UVM_ERROR uvm_tb.sv(1312) @ 3716000: uvm_test_top.env.sb [SB/SYM] MISMATCH exp=e46 act=ff6 ph=PH_DATA cycle=458
UVM_ERROR uvm_tb.sv(1312) @ 3724000: uvm_test_top.env.sb [SB/SYM] MISMATCH exp=070 act=dd2 ph=PH_CSR cycle=459
UVM_ERROR uvm_tb.sv(1312) @ 3732000: uvm_test_top.env.sb [SB/SYM] MISMATCH exp=c56 act=c76 ph=PH_CSR cycle=460
UVM_ERROR uvm_tb.sv(1312) @ 3740000: uvm_test_top.env.sb [SB/SYM] MISMATCH exp=d89 act=5b1 ph=PH_ESD cycle=461
"uvm_tb.sv", 2305: pcs_tb_top.AST_ESD1_NONZERO: started at 3724000ps failed at 3740000ps
	Offending '((((pcs_tb_top.dut_if.Dout[3] inside {3'b010, 3'b110}) && (pcs_tb_top.dut_if.Dout[2] inside {3'b010, 3'b110})) && (pcs_tb_top.dut_if.Dout[1] inside {3'b010, 3'b110})) && (pcs_tb_top.dut_if.Dout[0] inside {3'b010, 3'b110}))'
Error: "uvm_tb.sv", 2305: pcs_tb_top.AST_ESD1_NONZERO: at time 3740000 ps
[ASSERT/ESD] ESD1: lane(s) not ±2 two cycles after TX_EN fall: got 5b1 @ 3740000
UVM_ERROR uvm_tb.sv(1312) @ 3748000: uvm_test_top.env.sb [SB/SYM] MISMATCH exp=db6 act=4b6 ph=PH_ESD cycle=462
"uvm_tb.sv", 2372: pcs_tb_top.AST_ESD_EXACTLY2: started at 3724000ps failed at 3756000ps
	Offending '(!((((pcs_tb_top.dut_if.Dout[3] inside {3'b010, 3'b110}) && (pcs_tb_top.dut_if.Dout[2] inside {3'b010, 3'b110})) && (pcs_tb_top.dut_if.Dout[1] inside {3'b010, 3'b110})) && (pcs_tb_top.dut_if.Dout[0] inside {3'b010, 3'b110})))'
Error: "uvm_tb.sv", 2372: pcs_tb_top.AST_ESD_EXACTLY2: at time 3756000 ps
[ASSERT/ORDER] All-±2 output persists after ESD2 (stuck in ESD?) @ 3756000
UVM_ERROR uvm_tb.sv(1312) @ 3764000: uvm_test_top.env.sb [SB/SYM] MISMATCH exp=d92 act=010 ph=PH_IDLE cycle=464
UVM_ERROR uvm_tb.sv(1312) @ 3772000: uvm_test_top.env.sb [SB/SYM] MISMATCH exp=400 act=196 ph=PH_IDLE cycle=465
UVM_ERROR uvm_tb.sv(1312) @ 3780000: uvm_test_top.env.sb [SB/SYM] MISMATCH exp=1b0 act=000 ph=PH_SDD cycle=466
"uvm_tb.sv", 2275: pcs_tb_top.AST_SDD1_NONZERO: started at 3780000ps failed at 3780000ps
	Offending '((((pcs_tb_top.dut_if.Dout[3] inside {3'b010, 3'b110}) && (pcs_tb_top.dut_if.Dout[2] inside {3'b010, 3'b110})) && (pcs_tb_top.dut_if.Dout[1] inside {3'b010, 3'b110})) && (pcs_tb_top.dut_if.Dout[0] inside {3'b010, 3'b110}))'
Error: "uvm_tb.sv", 2275: pcs_tb_top.AST_SDD1_NONZERO: at time 3780000 ps
[ASSERT/SDD] SDD1: lane(s) not ±2 at TX_EN rise: got 000 @ 3780000
"uvm_tb.sv", 2355: pcs_tb_top.AST_SDD_EXACTLY2: started at 3780000ps failed at 3796000ps
	Offending '(!((((pcs_tb_top.dut_if.Dout[3] inside {3'b010, 3'b110}) && (pcs_tb_top.dut_if.Dout[2] inside {3'b010, 3'b110})) && (pcs_tb_top.dut_if.Dout[1] inside {3'b010, 3'b110})) && (pcs_tb_top.dut_if.Dout[0] inside {3'b010, 3'b110})))'
Error: "uvm_tb.sv", 2355: pcs_tb_top.AST_SDD_EXACTLY2: at time 3796000 ps
[ASSERT/ORDER] All-±2 output persists after SDD2 (stuck in SDD?) @ 3796000
UVM_ERROR uvm_tb.sv(1312) @ 3812000: uvm_test_top.env.sb [SB/SYM] MISMATCH exp=e3a act=2ba ph=PH_CSR cycle=470
UVM_ERROR uvm_tb.sv(1312) @ 3820000: uvm_test_top.env.sb [SB/SYM] MISMATCH exp=e96 act=476 ph=PH_CSR cycle=471
UVM_ERROR uvm_tb.sv(1312) @ 3828000: uvm_test_top.env.sb [SB/SYM] MISMATCH exp=d89 act=597 ph=PH_ESD cycle=472
"uvm_tb.sv", 2305: pcs_tb_top.AST_ESD1_NONZERO: started at 3812000ps failed at 3828000ps
	Offending '((((pcs_tb_top.dut_if.Dout[3] inside {3'b010, 3'b110}) && (pcs_tb_top.dut_if.Dout[2] inside {3'b010, 3'b110})) && (pcs_tb_top.dut_if.Dout[1] inside {3'b010, 3'b110})) && (pcs_tb_top.dut_if.Dout[0] inside {3'b010, 3'b110}))'
Error: "uvm_tb.sv", 2305: pcs_tb_top.AST_ESD1_NONZERO: at time 3828000 ps
[ASSERT/ESD] ESD1: lane(s) not ±2 two cycles after TX_EN fall: got 597 @ 3828000
UVM_ERROR uvm_tb.sv(1312) @ 3836000: uvm_test_top.env.sb [SB/SYM] MISMATCH exp=db6 act=c92 ph=PH_ESD cycle=473
"uvm_tb.sv", 2372: pcs_tb_top.AST_ESD_EXACTLY2: started at 3812000ps failed at 3844000ps
	Offending '(!((((pcs_tb_top.dut_if.Dout[3] inside {3'b010, 3'b110}) && (pcs_tb_top.dut_if.Dout[2] inside {3'b010, 3'b110})) && (pcs_tb_top.dut_if.Dout[1] inside {3'b010, 3'b110})) && (pcs_tb_top.dut_if.Dout[0] inside {3'b010, 3'b110})))'
Error: "uvm_tb.sv", 2372: pcs_tb_top.AST_ESD_EXACTLY2: at time 3844000 ps
[ASSERT/ORDER] All-±2 output persists after ESD2 (stuck in ESD?) @ 3844000
UVM_ERROR uvm_tb.sv(1312) @ 3852000: uvm_test_top.env.sb [SB/SYM] MISMATCH exp=000 act=036 ph=PH_IDLE cycle=475
UVM_ERROR uvm_tb.sv(1312) @ 3868000: uvm_test_top.env.sb [SB/SYM] MISMATCH exp=016 act=000 ph=PH_SDD cycle=477
"uvm_tb.sv", 2275: pcs_tb_top.AST_SDD1_NONZERO: started at 3868000ps failed at 3868000ps
	Offending '((((pcs_tb_top.dut_if.Dout[3] inside {3'b010, 3'b110}) && (pcs_tb_top.dut_if.Dout[2] inside {3'b010, 3'b110})) && (pcs_tb_top.dut_if.Dout[1] inside {3'b010, 3'b110})) && (pcs_tb_top.dut_if.Dout[0] inside {3'b010, 3'b110}))'
Error: "uvm_tb.sv", 2275: pcs_tb_top.AST_SDD1_NONZERO: at time 3868000 ps
[ASSERT/SDD] SDD1: lane(s) not ±2 at TX_EN rise: got 000 @ 3868000
"uvm_tb.sv", 2355: pcs_tb_top.AST_SDD_EXACTLY2: started at 3868000ps failed at 3884000ps
	Offending '(!((((pcs_tb_top.dut_if.Dout[3] inside {3'b010, 3'b110}) && (pcs_tb_top.dut_if.Dout[2] inside {3'b010, 3'b110})) && (pcs_tb_top.dut_if.Dout[1] inside {3'b010, 3'b110})) && (pcs_tb_top.dut_if.Dout[0] inside {3'b010, 3'b110})))'
Error: "uvm_tb.sv", 2355: pcs_tb_top.AST_SDD_EXACTLY2: at time 3884000 ps
[ASSERT/ORDER] All-±2 output persists after SDD2 (stuck in SDD?) @ 3884000
UVM_ERROR uvm_tb.sv(1312) @ 3892000: uvm_test_top.env.sb [SB/SYM] MISMATCH exp=010 act=012 ph=PH_DATA cycle=480
UVM_ERROR uvm_tb.sv(1312) @ 3908000: uvm_test_top.env.sb [SB/SYM] MISMATCH exp=dce act=dff ph=PH_DATA cycle=482
UVM_ERROR uvm_tb.sv(1312) @ 3916000: uvm_test_top.env.sb [SB/SYM] MISMATCH exp=ff7 act=276 ph=PH_DATA cycle=483
UVM_ERROR uvm_tb.sv(1312) @ 3924000: uvm_test_top.env.sb [SB/SYM] MISMATCH exp=e97 act=207 ph=PH_DATA cycle=484
UVM_ERROR uvm_tb.sv(1312) @ 3932000: uvm_test_top.env.sb [SB/SYM] MISMATCH exp=fc9 act=e79 ph=PH_DATA cycle=485
UVM_ERROR uvm_tb.sv(1312) @ 3940000: uvm_test_top.env.sb [SB/SYM] MISMATCH exp=e31 act=e10 ph=PH_CSR cycle=486
UVM_ERROR uvm_tb.sv(1312) @ 3948000: uvm_test_top.env.sb [SB/SYM] MISMATCH exp=3b1 act=496 ph=PH_CSR cycle=487
UVM_ERROR uvm_tb.sv(1312) @ 3956000: uvm_test_top.env.sb [SB/SYM] MISMATCH exp=c96 act=5b6 ph=PH_ESD cycle=488
"uvm_tb.sv", 2372: pcs_tb_top.AST_ESD_EXACTLY2: started at 3940000ps failed at 3972000ps
	Offending '(!((((pcs_tb_top.dut_if.Dout[3] inside {3'b010, 3'b110}) && (pcs_tb_top.dut_if.Dout[2] inside {3'b010, 3'b110})) && (pcs_tb_top.dut_if.Dout[1] inside {3'b010, 3'b110})) && (pcs_tb_top.dut_if.Dout[0] inside {3'b010, 3'b110})))'
Error: "uvm_tb.sv", 2372: pcs_tb_top.AST_ESD_EXACTLY2: at time 3972000 ps
[ASSERT/ORDER] All-±2 output persists after ESD2 (stuck in ESD?) @ 3972000
UVM_ERROR uvm_tb.sv(1312) @ 3980000: uvm_test_top.env.sb [SB/SYM] MISMATCH exp=086 act=036 ph=PH_IDLE cycle=491
UVM_ERROR uvm_tb.sv(1312) @ 3988000: uvm_test_top.env.sb [SB/SYM] MISMATCH exp=012 act=080 ph=PH_IDLE cycle=492
UVM_ERROR uvm_tb.sv(1312) @ 3996000: uvm_test_top.env.sb [SB/SYM] MISMATCH exp=180 act=016 ph=PH_IDLE cycle=493
UVM_ERROR uvm_tb.sv(1312) @ 4004000: uvm_test_top.env.sb [SB/SYM] MISMATCH exp=0b0 act=080 ph=PH_IDLE cycle=494
UVM_ERROR uvm_tb.sv(1312) @ 4012000: uvm_test_top.env.sb [SB/SYM] MISMATCH exp=006 act=030 ph=PH_SDD cycle=495
"uvm_tb.sv", 2275: pcs_tb_top.AST_SDD1_NONZERO: started at 4012000ps failed at 4012000ps
	Offending '((((pcs_tb_top.dut_if.Dout[3] inside {3'b010, 3'b110}) && (pcs_tb_top.dut_if.Dout[2] inside {3'b010, 3'b110})) && (pcs_tb_top.dut_if.Dout[1] inside {3'b010, 3'b110})) && (pcs_tb_top.dut_if.Dout[0] inside {3'b010, 3'b110}))'
Error: "uvm_tb.sv", 2275: pcs_tb_top.AST_SDD1_NONZERO: at time 4012000 ps
[ASSERT/SDD] SDD1: lane(s) not ±2 at TX_EN rise: got 030 @ 4012000
"uvm_tb.sv", 2355: pcs_tb_top.AST_SDD_EXACTLY2: started at 4012000ps failed at 4028000ps
	Offending '(!((((pcs_tb_top.dut_if.Dout[3] inside {3'b010, 3'b110}) && (pcs_tb_top.dut_if.Dout[2] inside {3'b010, 3'b110})) && (pcs_tb_top.dut_if.Dout[1] inside {3'b010, 3'b110})) && (pcs_tb_top.dut_if.Dout[0] inside {3'b010, 3'b110})))'
Error: "uvm_tb.sv", 2355: pcs_tb_top.AST_SDD_EXACTLY2: at time 4028000 ps
[ASSERT/ORDER] All-±2 output persists after SDD2 (stuck in SDD?) @ 4028000
UVM_ERROR uvm_tb.sv(1312) @ 4036000: uvm_test_top.env.sb [SB/SYM] MISMATCH exp=096 act=010 ph=PH_DATA cycle=498
UVM_ERROR uvm_tb.sv(1312) @ 4044000: uvm_test_top.env.sb [SB/SYM] MISMATCH exp=c16 act=0b6 ph=PH_DATA cycle=499
UVM_ERROR uvm_tb.sv(1312) @ 4052000: uvm_test_top.env.sb [SB/SYM] MISMATCH exp=f88 act=f8f ph=PH_DATA cycle=500
UVM_ERROR uvm_tb.sv(1312) @ 4060000: uvm_test_top.env.sb [SB/SYM] MISMATCH exp=c38 act=40f ph=PH_DATA cycle=501
UVM_ERROR uvm_tb.sv(1312) @ 4068000: uvm_test_top.env.sb [SB/SYM] MISMATCH exp=412 act=d81 ph=PH_CSR cycle=502
UVM_ERROR uvm_tb.sv(1312) @ 4076000: uvm_test_top.env.sb [SB/SYM] MISMATCH exp=3b1 act=5d2 ph=PH_CSR cycle=503
UVM_ERROR uvm_tb.sv(1312) @ 4084000: uvm_test_top.env.sb [SB/SYM] MISMATCH exp=c96 act=d91 ph=PH_ESD cycle=504
"uvm_tb.sv", 2305: pcs_tb_top.AST_ESD1_NONZERO: started at 4068000ps failed at 4084000ps
	Offending '((((pcs_tb_top.dut_if.Dout[3] inside {3'b010, 3'b110}) && (pcs_tb_top.dut_if.Dout[2] inside {3'b010, 3'b110})) && (pcs_tb_top.dut_if.Dout[1] inside {3'b010, 3'b110})) && (pcs_tb_top.dut_if.Dout[0] inside {3'b010, 3'b110}))'
Error: "uvm_tb.sv", 2305: pcs_tb_top.AST_ESD1_NONZERO: at time 4084000 ps
[ASSERT/ESD] ESD1: lane(s) not ±2 two cycles after TX_EN fall: got d91 @ 4084000
"uvm_tb.sv", 2372: pcs_tb_top.AST_ESD_EXACTLY2: started at 4068000ps failed at 4100000ps
	Offending '(!((((pcs_tb_top.dut_if.Dout[3] inside {3'b010, 3'b110}) && (pcs_tb_top.dut_if.Dout[2] inside {3'b010, 3'b110})) && (pcs_tb_top.dut_if.Dout[1] inside {3'b010, 3'b110})) && (pcs_tb_top.dut_if.Dout[0] inside {3'b010, 3'b110})))'
Error: "uvm_tb.sv", 2372: pcs_tb_top.AST_ESD_EXACTLY2: at time 4100000 ps
[ASSERT/ORDER] All-±2 output persists after ESD2 (stuck in ESD?) @ 4100000
UVM_ERROR uvm_tb.sv(1312) @ 4108000: uvm_test_top.env.sb [SB/SYM] MISMATCH exp=590 act=182 ph=PH_IDLE cycle=507
UVM_ERROR uvm_tb.sv(1312) @ 4116000: uvm_test_top.env.sb [SB/SYM] MISMATCH exp=092 act=010 ph=PH_SDD cycle=508
"uvm_tb.sv", 2275: pcs_tb_top.AST_SDD1_NONZERO: started at 4116000ps failed at 4116000ps
	Offending '((((pcs_tb_top.dut_if.Dout[3] inside {3'b010, 3'b110}) && (pcs_tb_top.dut_if.Dout[2] inside {3'b010, 3'b110})) && (pcs_tb_top.dut_if.Dout[1] inside {3'b010, 3'b110})) && (pcs_tb_top.dut_if.Dout[0] inside {3'b010, 3'b110}))'
Error: "uvm_tb.sv", 2275: pcs_tb_top.AST_SDD1_NONZERO: at time 4116000 ps
[ASSERT/SDD] SDD1: lane(s) not ±2 at TX_EN rise: got 010 @ 4116000
"uvm_tb.sv", 2355: pcs_tb_top.AST_SDD_EXACTLY2: started at 4116000ps failed at 4132000ps
	Offending '(!((((pcs_tb_top.dut_if.Dout[3] inside {3'b010, 3'b110}) && (pcs_tb_top.dut_if.Dout[2] inside {3'b010, 3'b110})) && (pcs_tb_top.dut_if.Dout[1] inside {3'b010, 3'b110})) && (pcs_tb_top.dut_if.Dout[0] inside {3'b010, 3'b110})))'
Error: "uvm_tb.sv", 2355: pcs_tb_top.AST_SDD_EXACTLY2: at time 4132000 ps
[ASSERT/ORDER] All-±2 output persists after SDD2 (stuck in SDD?) @ 4132000
UVM_ERROR uvm_tb.sv(1312) @ 4140000: uvm_test_top.env.sb [SB/SYM] MISMATCH exp=180 act=016 ph=PH_DATA cycle=511
UVM_ERROR uvm_tb.sv(1312) @ 4148000: uvm_test_top.env.sb [SB/SYM] MISMATCH exp=272 act=3c0 ph=PH_CSR cycle=512
UVM_ERROR uvm_tb.sv(1312) @ 4156000: uvm_test_top.env.sb [SB/SYM] MISMATCH exp=591 act=5b6 ph=PH_CSR cycle=513
UVM_ERROR uvm_tb.sv(1312) @ 4164000: uvm_test_top.env.sb [SB/SYM] MISMATCH exp=d89 act=4b2 ph=PH_ESD cycle=514
UVM_ERROR uvm_tb.sv(1312) @ 4172000: uvm_test_top.env.sb [SB/SYM] MISMATCH exp=db6 act=596 ph=PH_ESD cycle=515
"uvm_tb.sv", 2372: pcs_tb_top.AST_ESD_EXACTLY2: started at 4148000ps failed at 4180000ps
	Offending '(!((((pcs_tb_top.dut_if.Dout[3] inside {3'b010, 3'b110}) && (pcs_tb_top.dut_if.Dout[2] inside {3'b010, 3'b110})) && (pcs_tb_top.dut_if.Dout[1] inside {3'b010, 3'b110})) && (pcs_tb_top.dut_if.Dout[0] inside {3'b010, 3'b110})))'
Error: "uvm_tb.sv", 2372: pcs_tb_top.AST_ESD_EXACTLY2: at time 4180000 ps
[ASSERT/ORDER] All-±2 output persists after ESD2 (stuck in ESD?) @ 4180000
UVM_ERROR uvm_tb.sv(1312) @ 4188000: uvm_test_top.env.sb [SB/SYM] MISMATCH exp=c90 act=002 ph=PH_IDLE cycle=517
UVM_ERROR uvm_tb.sv(1312) @ 4196000: uvm_test_top.env.sb [SB/SYM] MISMATCH exp=182 act=190 ph=PH_IDLE cycle=518
UVM_ERROR uvm_tb.sv(1312) @ 4204000: uvm_test_top.env.sb [SB/SYM] MISMATCH exp=010 act=180 ph=PH_IDLE cycle=519
UVM_ERROR uvm_tb.sv(1312) @ 4212000: uvm_test_top.env.sb [SB/SYM] MISMATCH exp=192 act=012 ph=PH_IDLE cycle=520
UVM_ERROR uvm_tb.sv(1312) @ 4220000: uvm_test_top.env.sb [SB/SYM] MISMATCH exp=000 act=010 ph=PH_SDD cycle=521
"uvm_tb.sv", 2275: pcs_tb_top.AST_SDD1_NONZERO: started at 4220000ps failed at 4220000ps
	Offending '((((pcs_tb_top.dut_if.Dout[3] inside {3'b010, 3'b110}) && (pcs_tb_top.dut_if.Dout[2] inside {3'b010, 3'b110})) && (pcs_tb_top.dut_if.Dout[1] inside {3'b010, 3'b110})) && (pcs_tb_top.dut_if.Dout[0] inside {3'b010, 3'b110}))'
Error: "uvm_tb.sv", 2275: pcs_tb_top.AST_SDD1_NONZERO: at time 4220000 ps
[ASSERT/SDD] SDD1: lane(s) not ±2 at TX_EN rise: got 010 @ 4220000
"uvm_tb.sv", 2355: pcs_tb_top.AST_SDD_EXACTLY2: started at 4220000ps failed at 4236000ps
	Offending '(!((((pcs_tb_top.dut_if.Dout[3] inside {3'b010, 3'b110}) && (pcs_tb_top.dut_if.Dout[2] inside {3'b010, 3'b110})) && (pcs_tb_top.dut_if.Dout[1] inside {3'b010, 3'b110})) && (pcs_tb_top.dut_if.Dout[0] inside {3'b010, 3'b110})))'
Error: "uvm_tb.sv", 2355: pcs_tb_top.AST_SDD_EXACTLY2: at time 4236000 ps
[ASSERT/ORDER] All-±2 output persists after SDD2 (stuck in SDD?) @ 4236000
UVM_ERROR uvm_tb.sv(1312) @ 4244000: uvm_test_top.env.sb [SB/SYM] MISMATCH exp=1b0 act=030 ph=PH_CSR cycle=524
UVM_ERROR uvm_tb.sv(1312) @ 4268000: uvm_test_top.env.sb [SB/SYM] MISMATCH exp=db6 act=496 ph=PH_ESD cycle=527
"uvm_tb.sv", 2372: pcs_tb_top.AST_ESD_EXACTLY2: started at 4244000ps failed at 4276000ps
	Offending '(!((((pcs_tb_top.dut_if.Dout[3] inside {3'b010, 3'b110}) && (pcs_tb_top.dut_if.Dout[2] inside {3'b010, 3'b110})) && (pcs_tb_top.dut_if.Dout[1] inside {3'b010, 3'b110})) && (pcs_tb_top.dut_if.Dout[0] inside {3'b010, 3'b110})))'
Error: "uvm_tb.sv", 2372: pcs_tb_top.AST_ESD_EXACTLY2: at time 4276000 ps
[ASSERT/ORDER] All-±2 output persists after ESD2 (stuck in ESD?) @ 4276000
UVM_ERROR uvm_tb.sv(1312) @ 4284000: uvm_test_top.env.sb [SB/SYM] MISMATCH exp=580 act=016 ph=PH_IDLE cycle=529
UVM_ERROR uvm_tb.sv(1312) @ 4292000: uvm_test_top.env.sb [SB/SYM] MISMATCH exp=c30 act=080 ph=PH_SDD cycle=530
"uvm_tb.sv", 2275: pcs_tb_top.AST_SDD1_NONZERO: started at 4292000ps failed at 4292000ps
	Offending '((((pcs_tb_top.dut_if.Dout[3] inside {3'b010, 3'b110}) && (pcs_tb_top.dut_if.Dout[2] inside {3'b010, 3'b110})) && (pcs_tb_top.dut_if.Dout[1] inside {3'b010, 3'b110})) && (pcs_tb_top.dut_if.Dout[0] inside {3'b010, 3'b110}))'
Error: "uvm_tb.sv", 2275: pcs_tb_top.AST_SDD1_NONZERO: at time 4292000 ps
[ASSERT/SDD] SDD1: lane(s) not ±2 at TX_EN rise: got 080 @ 4292000
"uvm_tb.sv", 2355: pcs_tb_top.AST_SDD_EXACTLY2: started at 4292000ps failed at 4308000ps
	Offending '(!((((pcs_tb_top.dut_if.Dout[3] inside {3'b010, 3'b110}) && (pcs_tb_top.dut_if.Dout[2] inside {3'b010, 3'b110})) && (pcs_tb_top.dut_if.Dout[1] inside {3'b010, 3'b110})) && (pcs_tb_top.dut_if.Dout[0] inside {3'b010, 3'b110})))'
Error: "uvm_tb.sv", 2355: pcs_tb_top.AST_SDD_EXACTLY2: at time 4308000 ps
[ASSERT/ORDER] All-±2 output persists after SDD2 (stuck in SDD?) @ 4308000
UVM_ERROR uvm_tb.sv(1312) @ 4316000: uvm_test_top.env.sb [SB/SYM] MISMATCH exp=d90 act=196 ph=PH_DATA cycle=533
UVM_ERROR uvm_tb.sv(1312) @ 4324000: uvm_test_top.env.sb [SB/SYM] MISMATCH exp=412 act=410 ph=PH_CSR cycle=534
UVM_ERROR uvm_tb.sv(1312) @ 4332000: uvm_test_top.env.sb [SB/SYM] MISMATCH exp=492 act=4b7 ph=PH_CSR cycle=535
UVM_ERROR uvm_tb.sv(1312) @ 4340000: uvm_test_top.env.sb [SB/SYM] MISMATCH exp=c96 act=db6 ph=PH_ESD cycle=536
UVM_ERROR uvm_tb.sv(1312) @ 4348000: uvm_test_top.env.sb [SB/SYM] MISMATCH exp=db6 act=c92 ph=PH_ESD cycle=537
"uvm_tb.sv", 2372: pcs_tb_top.AST_ESD_EXACTLY2: started at 4324000ps failed at 4356000ps
	Offending '(!((((pcs_tb_top.dut_if.Dout[3] inside {3'b010, 3'b110}) && (pcs_tb_top.dut_if.Dout[2] inside {3'b010, 3'b110})) && (pcs_tb_top.dut_if.Dout[1] inside {3'b010, 3'b110})) && (pcs_tb_top.dut_if.Dout[0] inside {3'b010, 3'b110})))'
Error: "uvm_tb.sv", 2372: pcs_tb_top.AST_ESD_EXACTLY2: at time 4356000 ps
[ASSERT/ORDER] All-±2 output persists after ESD2 (stuck in ESD?) @ 4356000
UVM_ERROR uvm_tb.sv(1312) @ 4364000: uvm_test_top.env.sb [SB/SYM] MISMATCH exp=430 act=030 ph=PH_IDLE cycle=539
UVM_ERROR uvm_tb.sv(1312) @ 4372000: uvm_test_top.env.sb [SB/SYM] MISMATCH exp=cb2 act=082 ph=PH_IDLE cycle=540
"uvm_tb.sv", 2275: pcs_tb_top.AST_SDD1_NONZERO: started at 4380000ps failed at 4380000ps
	Offending '((((pcs_tb_top.dut_if.Dout[3] inside {3'b010, 3'b110}) && (pcs_tb_top.dut_if.Dout[2] inside {3'b010, 3'b110})) && (pcs_tb_top.dut_if.Dout[1] inside {3'b010, 3'b110})) && (pcs_tb_top.dut_if.Dout[0] inside {3'b010, 3'b110}))'
Error: "uvm_tb.sv", 2275: pcs_tb_top.AST_SDD1_NONZERO: at time 4380000 ps
[ASSERT/SDD] SDD1: lane(s) not ±2 at TX_EN rise: got 000 @ 4380000
"uvm_tb.sv", 2355: pcs_tb_top.AST_SDD_EXACTLY2: started at 4380000ps failed at 4396000ps
	Offending '(!((((pcs_tb_top.dut_if.Dout[3] inside {3'b010, 3'b110}) && (pcs_tb_top.dut_if.Dout[2] inside {3'b010, 3'b110})) && (pcs_tb_top.dut_if.Dout[1] inside {3'b010, 3'b110})) && (pcs_tb_top.dut_if.Dout[0] inside {3'b010, 3'b110})))'
Error: "uvm_tb.sv", 2355: pcs_tb_top.AST_SDD_EXACTLY2: at time 4396000 ps
[ASSERT/ORDER] All-±2 output persists after SDD2 (stuck in SDD?) @ 4396000
UVM_ERROR uvm_tb.sv(1312) @ 4404000: uvm_test_top.env.sb [SB/SYM] MISMATCH exp=012 act=010 ph=PH_CSR cycle=544
UVM_ERROR uvm_tb.sv(1312) @ 4428000: uvm_test_top.env.sb [SB/SYM] MISMATCH exp=db6 act=492 ph=PH_ESD cycle=547
"uvm_tb.sv", 2372: pcs_tb_top.AST_ESD_EXACTLY2: started at 4404000ps failed at 4436000ps
	Offending '(!((((pcs_tb_top.dut_if.Dout[3] inside {3'b010, 3'b110}) && (pcs_tb_top.dut_if.Dout[2] inside {3'b010, 3'b110})) && (pcs_tb_top.dut_if.Dout[1] inside {3'b010, 3'b110})) && (pcs_tb_top.dut_if.Dout[0] inside {3'b010, 3'b110})))'
Error: "uvm_tb.sv", 2372: pcs_tb_top.AST_ESD_EXACTLY2: at time 4436000 ps
[ASSERT/ORDER] All-±2 output persists after ESD2 (stuck in ESD?) @ 4436000
UVM_ERROR uvm_tb.sv(1312) @ 4444000: uvm_test_top.env.sb [SB/SYM] MISMATCH exp=c06 act=180 ph=PH_IDLE cycle=549
UVM_ERROR uvm_tb.sv(1312) @ 4452000: uvm_test_top.env.sb [SB/SYM] MISMATCH exp=db0 act=036 ph=PH_SDD cycle=550
"uvm_tb.sv", 2275: pcs_tb_top.AST_SDD1_NONZERO: started at 4452000ps failed at 4452000ps
	Offending '((((pcs_tb_top.dut_if.Dout[3] inside {3'b010, 3'b110}) && (pcs_tb_top.dut_if.Dout[2] inside {3'b010, 3'b110})) && (pcs_tb_top.dut_if.Dout[1] inside {3'b010, 3'b110})) && (pcs_tb_top.dut_if.Dout[0] inside {3'b010, 3'b110}))'
Error: "uvm_tb.sv", 2275: pcs_tb_top.AST_SDD1_NONZERO: at time 4452000 ps
[ASSERT/SDD] SDD1: lane(s) not ±2 at TX_EN rise: got 036 @ 4452000
"uvm_tb.sv", 2355: pcs_tb_top.AST_SDD_EXACTLY2: started at 4452000ps failed at 4468000ps
	Offending '(!((((pcs_tb_top.dut_if.Dout[3] inside {3'b010, 3'b110}) && (pcs_tb_top.dut_if.Dout[2] inside {3'b010, 3'b110})) && (pcs_tb_top.dut_if.Dout[1] inside {3'b010, 3'b110})) && (pcs_tb_top.dut_if.Dout[0] inside {3'b010, 3'b110})))'
Error: "uvm_tb.sv", 2355: pcs_tb_top.AST_SDD_EXACTLY2: at time 4468000 ps
[ASSERT/ORDER] All-±2 output persists after SDD2 (stuck in SDD?) @ 4468000
UVM_ERROR uvm_tb.sv(1312) @ 4476000: uvm_test_top.env.sb [SB/SYM] MISMATCH exp=c96 act=080 ph=PH_DATA cycle=553
UVM_ERROR uvm_tb.sv(1312) @ 4484000: uvm_test_top.env.sb [SB/SYM] MISMATCH exp=080 act=002 ph=PH_DATA cycle=554
UVM_ERROR uvm_tb.sv(1312) @ 4492000: uvm_test_top.env.sb [SB/SYM] MISMATCH exp=4b2 act=432 ph=PH_DATA cycle=555
UVM_ERROR uvm_tb.sv(1312) @ 4500000: uvm_test_top.env.sb [SB/SYM] MISMATCH exp=231 act=e17 ph=PH_CSR cycle=556
UVM_ERROR uvm_tb.sv(1312) @ 4508000: uvm_test_top.env.sb [SB/SYM] MISMATCH exp=3b1 act=f8a ph=PH_CSR cycle=557
UVM_ERROR uvm_tb.sv(1312) @ 4516000: uvm_test_top.env.sb [SB/SYM] MISMATCH exp=c96 act=c91 ph=PH_ESD cycle=558
"uvm_tb.sv", 2305: pcs_tb_top.AST_ESD1_NONZERO: started at 4500000ps failed at 4516000ps
	Offending '((((pcs_tb_top.dut_if.Dout[3] inside {3'b010, 3'b110}) && (pcs_tb_top.dut_if.Dout[2] inside {3'b010, 3'b110})) && (pcs_tb_top.dut_if.Dout[1] inside {3'b010, 3'b110})) && (pcs_tb_top.dut_if.Dout[0] inside {3'b010, 3'b110}))'
Error: "uvm_tb.sv", 2305: pcs_tb_top.AST_ESD1_NONZERO: at time 4516000 ps
[ASSERT/ESD] ESD1: lane(s) not ±2 two cycles after TX_EN fall: got c91 @ 4516000
UVM_ERROR uvm_tb.sv(1312) @ 4524000: uvm_test_top.env.sb [SB/SYM] MISMATCH exp=db6 act=492 ph=PH_ESD cycle=559
"uvm_tb.sv", 2372: pcs_tb_top.AST_ESD_EXACTLY2: started at 4500000ps failed at 4532000ps
	Offending '(!((((pcs_tb_top.dut_if.Dout[3] inside {3'b010, 3'b110}) && (pcs_tb_top.dut_if.Dout[2] inside {3'b010, 3'b110})) && (pcs_tb_top.dut_if.Dout[1] inside {3'b010, 3'b110})) && (pcs_tb_top.dut_if.Dout[0] inside {3'b010, 3'b110})))'
Error: "uvm_tb.sv", 2372: pcs_tb_top.AST_ESD_EXACTLY2: at time 4532000 ps
[ASSERT/ORDER] All-±2 output persists after ESD2 (stuck in ESD?) @ 4532000
"uvm_tb.sv", 2355: pcs_tb_top.AST_SDD_EXACTLY2: started at 4524000ps failed at 4540000ps
	Offending '(!((((pcs_tb_top.dut_if.Dout[3] inside {3'b010, 3'b110}) && (pcs_tb_top.dut_if.Dout[2] inside {3'b010, 3'b110})) && (pcs_tb_top.dut_if.Dout[1] inside {3'b010, 3'b110})) && (pcs_tb_top.dut_if.Dout[0] inside {3'b010, 3'b110})))'
Error: "uvm_tb.sv", 2355: pcs_tb_top.AST_SDD_EXACTLY2: at time 4540000 ps
[ASSERT/ORDER] All-±2 output persists after SDD2 (stuck in SDD?) @ 4540000
UVM_ERROR uvm_tb.sv(1312) @ 4572000: uvm_test_top.env.sb [SB/SYM] MISMATCH exp=db6 act=5b6 ph=PH_IDLE cycle=565
"uvm_tb.sv", 2372: pcs_tb_top.AST_ESD_EXACTLY2: started at 4548000ps failed at 4580000ps
	Offending '(!((((pcs_tb_top.dut_if.Dout[3] inside {3'b010, 3'b110}) && (pcs_tb_top.dut_if.Dout[2] inside {3'b010, 3'b110})) && (pcs_tb_top.dut_if.Dout[1] inside {3'b010, 3'b110})) && (pcs_tb_top.dut_if.Dout[0] inside {3'b010, 3'b110})))'
Error: "uvm_tb.sv", 2372: pcs_tb_top.AST_ESD_EXACTLY2: at time 4580000 ps
[ASSERT/ORDER] All-±2 output persists after ESD2 (stuck in ESD?) @ 4580000
UVM_ERROR uvm_tb.sv(1312) @ 4588000: uvm_test_top.env.sb [SB/SYM] MISMATCH exp=010 act=012 ph=PH_IDLE cycle=567
UVM_ERROR uvm_tb.sv(1312) @ 4596000: uvm_test_top.env.sb [SB/SYM] MISMATCH exp=000 act=180 ph=PH_IDLE cycle=568
UVM_ERROR uvm_tb.sv(1312) @ 4604000: uvm_test_top.env.sb [SB/SYM] MISMATCH exp=0b6 act=036 ph=PH_SDD cycle=569
"uvm_tb.sv", 2275: pcs_tb_top.AST_SDD1_NONZERO: started at 4604000ps failed at 4604000ps
	Offending '((((pcs_tb_top.dut_if.Dout[3] inside {3'b010, 3'b110}) && (pcs_tb_top.dut_if.Dout[2] inside {3'b010, 3'b110})) && (pcs_tb_top.dut_if.Dout[1] inside {3'b010, 3'b110})) && (pcs_tb_top.dut_if.Dout[0] inside {3'b010, 3'b110}))'
Error: "uvm_tb.sv", 2275: pcs_tb_top.AST_SDD1_NONZERO: at time 4604000 ps
[ASSERT/SDD] SDD1: lane(s) not ±2 at TX_EN rise: got 036 @ 4604000
"uvm_tb.sv", 2355: pcs_tb_top.AST_SDD_EXACTLY2: started at 4604000ps failed at 4620000ps
	Offending '(!((((pcs_tb_top.dut_if.Dout[3] inside {3'b010, 3'b110}) && (pcs_tb_top.dut_if.Dout[2] inside {3'b010, 3'b110})) && (pcs_tb_top.dut_if.Dout[1] inside {3'b010, 3'b110})) && (pcs_tb_top.dut_if.Dout[0] inside {3'b010, 3'b110})))'
Error: "uvm_tb.sv", 2355: pcs_tb_top.AST_SDD_EXACTLY2: at time 4620000 ps
[ASSERT/ORDER] All-±2 output persists after SDD2 (stuck in SDD?) @ 4620000
UVM_ERROR uvm_tb.sv(1312) @ 4628000: uvm_test_top.env.sb [SB/SYM] MISMATCH exp=080 act=010 ph=PH_DATA cycle=572
UVM_ERROR uvm_tb.sv(1312) @ 4636000: uvm_test_top.env.sb [SB/SYM] MISMATCH exp=477 act=c47 ph=PH_DATA cycle=573
UVM_ERROR uvm_tb.sv(1312) @ 4644000: uvm_test_top.env.sb [SB/SYM] MISMATCH exp=e10 act=217 ph=PH_DATA cycle=574
UVM_ERROR uvm_tb.sv(1312) @ 4652000: uvm_test_top.env.sb [SB/SYM] MISMATCH exp=ffe act=186 ph=PH_CSR cycle=575
UVM_ERROR uvm_tb.sv(1312) @ 4660000: uvm_test_top.env.sb [SB/SYM] MISMATCH exp=c56 act=596 ph=PH_CSR cycle=576
UVM_ERROR uvm_tb.sv(1312) @ 4668000: uvm_test_top.env.sb [SB/SYM] MISMATCH exp=d89 act=c96 ph=PH_ESD cycle=577
UVM_ERROR uvm_tb.sv(1312) @ 4676000: uvm_test_top.env.sb [SB/SYM] MISMATCH exp=db6 act=cb6 ph=PH_ESD cycle=578
"uvm_tb.sv", 2372: pcs_tb_top.AST_ESD_EXACTLY2: started at 4652000ps failed at 4684000ps
	Offending '(!((((pcs_tb_top.dut_if.Dout[3] inside {3'b010, 3'b110}) && (pcs_tb_top.dut_if.Dout[2] inside {3'b010, 3'b110})) && (pcs_tb_top.dut_if.Dout[1] inside {3'b010, 3'b110})) && (pcs_tb_top.dut_if.Dout[0] inside {3'b010, 3'b110})))'
Error: "uvm_tb.sv", 2372: pcs_tb_top.AST_ESD_EXACTLY2: at time 4684000 ps
[ASSERT/ORDER] All-±2 output persists after ESD2 (stuck in ESD?) @ 4684000
UVM_ERROR uvm_tb.sv(1312) @ 4692000: uvm_test_top.env.sb [SB/SYM] MISMATCH exp=180 act=182 ph=PH_SDD cycle=580
"uvm_tb.sv", 2275: pcs_tb_top.AST_SDD1_NONZERO: started at 4692000ps failed at 4692000ps
	Offending '((((pcs_tb_top.dut_if.Dout[3] inside {3'b010, 3'b110}) && (pcs_tb_top.dut_if.Dout[2] inside {3'b010, 3'b110})) && (pcs_tb_top.dut_if.Dout[1] inside {3'b010, 3'b110})) && (pcs_tb_top.dut_if.Dout[0] inside {3'b010, 3'b110}))'
Error: "uvm_tb.sv", 2275: pcs_tb_top.AST_SDD1_NONZERO: at time 4692000 ps
[ASSERT/SDD] SDD1: lane(s) not ±2 at TX_EN rise: got 182 @ 4692000
"uvm_tb.sv", 2355: pcs_tb_top.AST_SDD_EXACTLY2: started at 4692000ps failed at 4708000ps
	Offending '(!((((pcs_tb_top.dut_if.Dout[3] inside {3'b010, 3'b110}) && (pcs_tb_top.dut_if.Dout[2] inside {3'b010, 3'b110})) && (pcs_tb_top.dut_if.Dout[1] inside {3'b010, 3'b110})) && (pcs_tb_top.dut_if.Dout[0] inside {3'b010, 3'b110})))'
Error: "uvm_tb.sv", 2355: pcs_tb_top.AST_SDD_EXACTLY2: at time 4708000 ps
[ASSERT/ORDER] All-±2 output persists after SDD2 (stuck in SDD?) @ 4708000
UVM_ERROR uvm_tb.sv(1312) @ 4716000: uvm_test_top.env.sb [SB/SYM] MISMATCH exp=490 act=080 ph=PH_DATA cycle=583
UVM_ERROR uvm_tb.sv(1312) @ 4724000: uvm_test_top.env.sb [SB/SYM] MISMATCH exp=c02 act=db2 ph=PH_DATA cycle=584
UVM_ERROR uvm_tb.sv(1312) @ 4732000: uvm_test_top.env.sb [SB/SYM] MISMATCH exp=1ca act=e32 ph=PH_DATA cycle=585
UVM_ERROR uvm_tb.sv(1312) @ 4740000: uvm_test_top.env.sb [SB/SYM] MISMATCH exp=010 act=186 ph=PH_DATA cycle=586
UVM_ERROR uvm_tb.sv(1312) @ 4756000: uvm_test_top.env.sb [SB/SYM] MISMATCH exp=04a act=1f8 ph=PH_DATA cycle=588
UVM_ERROR uvm_tb.sv(1312) @ 4764000: uvm_test_top.env.sb [SB/SYM] MISMATCH exp=1d6 act=f8e ph=PH_DATA cycle=589
UVM_ERROR uvm_tb.sv(1312) @ 4772000: uvm_test_top.env.sb [SB/SYM] MISMATCH exp=5ba act=489 ph=PH_CSR cycle=590
UVM_ERROR uvm_tb.sv(1312) @ 4780000: uvm_test_top.env.sb [SB/SYM] MISMATCH exp=38e act=4b7 ph=PH_CSR cycle=591
UVM_ERROR uvm_tb.sv(1312) @ 4788000: uvm_test_top.env.sb [SB/SYM] MISMATCH exp=c96 act=db2 ph=PH_ESD cycle=592
UVM_ERROR uvm_tb.sv(1312) @ 4796000: uvm_test_top.env.sb [SB/SYM] MISMATCH exp=db6 act=596 ph=PH_ESD cycle=593
"uvm_tb.sv", 2372: pcs_tb_top.AST_ESD_EXACTLY2: started at 4772000ps failed at 4804000ps
	Offending '(!((((pcs_tb_top.dut_if.Dout[3] inside {3'b010, 3'b110}) && (pcs_tb_top.dut_if.Dout[2] inside {3'b010, 3'b110})) && (pcs_tb_top.dut_if.Dout[1] inside {3'b010, 3'b110})) && (pcs_tb_top.dut_if.Dout[0] inside {3'b010, 3'b110})))'
Error: "uvm_tb.sv", 2372: pcs_tb_top.AST_ESD_EXACTLY2: at time 4804000 ps
[ASSERT/ORDER] All-±2 output persists after ESD2 (stuck in ESD?) @ 4804000
UVM_ERROR uvm_tb.sv(1312) @ 4812000: uvm_test_top.env.sb [SB/SYM] MISMATCH exp=410 act=080 ph=PH_IDLE cycle=595
UVM_ERROR uvm_tb.sv(1312) @ 4820000: uvm_test_top.env.sb [SB/SYM] MISMATCH exp=410 act=012 ph=PH_IDLE cycle=596
UVM_ERROR uvm_tb.sv(1312) @ 4828000: uvm_test_top.env.sb [SB/SYM] MISMATCH exp=086 act=096 ph=PH_IDLE cycle=597
UVM_ERROR uvm_tb.sv(1312) @ 4836000: uvm_test_top.env.sb [SB/SYM] MISMATCH exp=036 act=000 ph=PH_IDLE cycle=598
UVM_ERROR uvm_tb.sv(1312) @ 4844000: uvm_test_top.env.sb [SB/SYM] MISMATCH exp=080 act=016 ph=PH_SDD cycle=599
"uvm_tb.sv", 2275: pcs_tb_top.AST_SDD1_NONZERO: started at 4844000ps failed at 4844000ps
	Offending '((((pcs_tb_top.dut_if.Dout[3] inside {3'b010, 3'b110}) && (pcs_tb_top.dut_if.Dout[2] inside {3'b010, 3'b110})) && (pcs_tb_top.dut_if.Dout[1] inside {3'b010, 3'b110})) && (pcs_tb_top.dut_if.Dout[0] inside {3'b010, 3'b110}))'
Error: "uvm_tb.sv", 2275: pcs_tb_top.AST_SDD1_NONZERO: at time 4844000 ps
[ASSERT/SDD] SDD1: lane(s) not ±2 at TX_EN rise: got 016 @ 4844000
"uvm_tb.sv", 2355: pcs_tb_top.AST_SDD_EXACTLY2: started at 4844000ps failed at 4860000ps
	Offending '(!((((pcs_tb_top.dut_if.Dout[3] inside {3'b010, 3'b110}) && (pcs_tb_top.dut_if.Dout[2] inside {3'b010, 3'b110})) && (pcs_tb_top.dut_if.Dout[1] inside {3'b010, 3'b110})) && (pcs_tb_top.dut_if.Dout[0] inside {3'b010, 3'b110})))'
Error: "uvm_tb.sv", 2355: pcs_tb_top.AST_SDD_EXACTLY2: at time 4860000 ps
[ASSERT/ORDER] All-±2 output persists after SDD2 (stuck in SDD?) @ 4860000
UVM_ERROR uvm_tb.sv(1312) @ 4868000: uvm_test_top.env.sb [SB/SYM] MISMATCH exp=180 act=010 ph=PH_DATA cycle=602
UVM_ERROR uvm_tb.sv(1312) @ 4876000: uvm_test_top.env.sb [SB/SYM] MISMATCH exp=1c8 act=07e ph=PH_DATA cycle=603
UVM_ERROR uvm_tb.sv(1312) @ 4884000: uvm_test_top.env.sb [SB/SYM] MISMATCH exp=f8e act=e38 ph=PH_DATA cycle=604
UVM_ERROR uvm_tb.sv(1312) @ 4892000: uvm_test_top.env.sb [SB/SYM] MISMATCH exp=086 act=181 ph=PH_CSR cycle=605
UVM_ERROR uvm_tb.sv(1312) @ 4900000: uvm_test_top.env.sb [SB/SYM] MISMATCH exp=cb1 act=5b6 ph=PH_CSR cycle=606
UVM_ERROR uvm_tb.sv(1312) @ 4908000: uvm_test_top.env.sb [SB/SYM] MISMATCH exp=d89 act=db6 ph=PH_ESD cycle=607
UVM_ERROR uvm_tb.sv(1312) @ 4916000: uvm_test_top.env.sb [SB/SYM] MISMATCH exp=db6 act=c92 ph=PH_ESD cycle=608
"uvm_tb.sv", 2372: pcs_tb_top.AST_ESD_EXACTLY2: started at 4892000ps failed at 4924000ps
	Offending '(!((((pcs_tb_top.dut_if.Dout[3] inside {3'b010, 3'b110}) && (pcs_tb_top.dut_if.Dout[2] inside {3'b010, 3'b110})) && (pcs_tb_top.dut_if.Dout[1] inside {3'b010, 3'b110})) && (pcs_tb_top.dut_if.Dout[0] inside {3'b010, 3'b110})))'
Error: "uvm_tb.sv", 2372: pcs_tb_top.AST_ESD_EXACTLY2: at time 4924000 ps
[ASSERT/ORDER] All-±2 output persists after ESD2 (stuck in ESD?) @ 4924000
UVM_ERROR uvm_tb.sv(1312) @ 4940000: uvm_test_top.env.sb [SB/SYM] MISMATCH exp=082 act=000 ph=PH_IDLE cycle=611
"uvm_tb.sv", 2275: pcs_tb_top.AST_SDD1_NONZERO: started at 4948000ps failed at 4948000ps
	Offending '((((pcs_tb_top.dut_if.Dout[3] inside {3'b010, 3'b110}) && (pcs_tb_top.dut_if.Dout[2] inside {3'b010, 3'b110})) && (pcs_tb_top.dut_if.Dout[1] inside {3'b010, 3'b110})) && (pcs_tb_top.dut_if.Dout[0] inside {3'b010, 3'b110}))'
Error: "uvm_tb.sv", 2275: pcs_tb_top.AST_SDD1_NONZERO: at time 4948000 ps
[ASSERT/SDD] SDD1: lane(s) not ±2 at TX_EN rise: got 096 @ 4948000
"uvm_tb.sv", 2355: pcs_tb_top.AST_SDD_EXACTLY2: started at 4948000ps failed at 4964000ps
	Offending '(!((((pcs_tb_top.dut_if.Dout[3] inside {3'b010, 3'b110}) && (pcs_tb_top.dut_if.Dout[2] inside {3'b010, 3'b110})) && (pcs_tb_top.dut_if.Dout[1] inside {3'b010, 3'b110})) && (pcs_tb_top.dut_if.Dout[0] inside {3'b010, 3'b110})))'
Error: "uvm_tb.sv", 2355: pcs_tb_top.AST_SDD_EXACTLY2: at time 4964000 ps
[ASSERT/ORDER] All-±2 output persists after SDD2 (stuck in SDD?) @ 4964000
UVM_ERROR uvm_tb.sv(1312) @ 4972000: uvm_test_top.env.sb [SB/SYM] MISMATCH exp=d90 act=002 ph=PH_DATA cycle=615
UVM_ERROR uvm_tb.sv(1312) @ 4980000: uvm_test_top.env.sb [SB/SYM] MISMATCH exp=e56 act=256 ph=PH_DATA cycle=616
UVM_ERROR uvm_tb.sv(1312) @ 4988000: uvm_test_top.env.sb [SB/SYM] MISMATCH exp=db8 act=d8e ph=PH_DATA cycle=617
UVM_ERROR uvm_tb.sv(1312) @ 4996000: uvm_test_top.env.sb [SB/SYM] MISMATCH exp=380 act=387 ph=PH_DATA cycle=618
UVM_ERROR uvm_tb.sv(1312) @ 5004000: uvm_test_top.env.sb [SB/SYM] MISMATCH exp=c48 act=478 ph=PH_DATA cycle=619
UVM_ERROR uvm_tb.sv(1312) @ 5012000: uvm_test_top.env.sb [SB/SYM] MISMATCH exp=1d7 act=056 ph=PH_CSR cycle=620
UVM_ERROR uvm_tb.sv(1312) @ 5020000: uvm_test_top.env.sb [SB/SYM] MISMATCH exp=2b6 act=dd6 ph=PH_CSR cycle=621
UVM_ERROR uvm_tb.sv(1312) @ 5028000: uvm_test_top.env.sb [SB/SYM] MISMATCH exp=d89 act=4b7 ph=PH_ESD cycle=622
"uvm_tb.sv", 2305: pcs_tb_top.AST_ESD1_NONZERO: started at 5012000ps failed at 5028000ps
	Offending '((((pcs_tb_top.dut_if.Dout[3] inside {3'b010, 3'b110}) && (pcs_tb_top.dut_if.Dout[2] inside {3'b010, 3'b110})) && (pcs_tb_top.dut_if.Dout[1] inside {3'b010, 3'b110})) && (pcs_tb_top.dut_if.Dout[0] inside {3'b010, 3'b110}))'
Error: "uvm_tb.sv", 2305: pcs_tb_top.AST_ESD1_NONZERO: at time 5028000 ps
[ASSERT/ESD] ESD1: lane(s) not ±2 two cycles after TX_EN fall: got 4b7 @ 5028000
UVM_ERROR uvm_tb.sv(1312) @ 5036000: uvm_test_top.env.sb [SB/SYM] MISMATCH exp=db6 act=492 ph=PH_ESD cycle=623
"uvm_tb.sv", 2372: pcs_tb_top.AST_ESD_EXACTLY2: started at 5012000ps failed at 5044000ps
	Offending '(!((((pcs_tb_top.dut_if.Dout[3] inside {3'b010, 3'b110}) && (pcs_tb_top.dut_if.Dout[2] inside {3'b010, 3'b110})) && (pcs_tb_top.dut_if.Dout[1] inside {3'b010, 3'b110})) && (pcs_tb_top.dut_if.Dout[0] inside {3'b010, 3'b110})))'
Error: "uvm_tb.sv", 2372: pcs_tb_top.AST_ESD_EXACTLY2: at time 5044000 ps
[ASSERT/ORDER] All-±2 output persists after ESD2 (stuck in ESD?) @ 5044000
UVM_ERROR uvm_tb.sv(1312) @ 5052000: uvm_test_top.env.sb [SB/SYM] MISMATCH exp=5b0 act=1b2 ph=PH_IDLE cycle=625
UVM_ERROR uvm_tb.sv(1312) @ 5060000: uvm_test_top.env.sb [SB/SYM] MISMATCH exp=496 act=000 ph=PH_IDLE cycle=626
UVM_ERROR uvm_tb.sv(1312) @ 5076000: uvm_test_top.env.sb [SB/SYM] MISMATCH exp=016 act=196 ph=PH_IDLE cycle=628
UVM_ERROR uvm_tb.sv(1312) @ 5084000: uvm_test_top.env.sb [SB/SYM] MISMATCH exp=180 act=010 ph=PH_SDD cycle=629
"uvm_tb.sv", 2275: pcs_tb_top.AST_SDD1_NONZERO: started at 5084000ps failed at 5084000ps
	Offending '((((pcs_tb_top.dut_if.Dout[3] inside {3'b010, 3'b110}) && (pcs_tb_top.dut_if.Dout[2] inside {3'b010, 3'b110})) && (pcs_tb_top.dut_if.Dout[1] inside {3'b010, 3'b110})) && (pcs_tb_top.dut_if.Dout[0] inside {3'b010, 3'b110}))'
Error: "uvm_tb.sv", 2275: pcs_tb_top.AST_SDD1_NONZERO: at time 5084000 ps
[ASSERT/SDD] SDD1: lane(s) not ±2 at TX_EN rise: got 010 @ 5084000
"uvm_tb.sv", 2355: pcs_tb_top.AST_SDD_EXACTLY2: started at 5084000ps failed at 5100000ps
	Offending '(!((((pcs_tb_top.dut_if.Dout[3] inside {3'b010, 3'b110}) && (pcs_tb_top.dut_if.Dout[2] inside {3'b010, 3'b110})) && (pcs_tb_top.dut_if.Dout[1] inside {3'b010, 3'b110})) && (pcs_tb_top.dut_if.Dout[0] inside {3'b010, 3'b110})))'
Error: "uvm_tb.sv", 2355: pcs_tb_top.AST_SDD_EXACTLY2: at time 5100000 ps
[ASSERT/ORDER] All-±2 output persists after SDD2 (stuck in SDD?) @ 5100000
UVM_ERROR uvm_tb.sv(1312) @ 5108000: uvm_test_top.env.sb [SB/SYM] MISMATCH exp=cb0 act=c30 ph=PH_DATA cycle=632
UVM_ERROR uvm_tb.sv(1312) @ 5116000: uvm_test_top.env.sb [SB/SYM] MISMATCH exp=e08 act=238 ph=PH_DATA cycle=633
UVM_ERROR uvm_tb.sv(1312) @ 5124000: uvm_test_top.env.sb [SB/SYM] MISMATCH exp=38f act=3b8 ph=PH_DATA cycle=634
UVM_ERROR uvm_tb.sv(1312) @ 5132000: uvm_test_top.env.sb [SB/SYM] MISMATCH exp=e07 act=e86 ph=PH_DATA cycle=635
UVM_ERROR uvm_tb.sv(1312) @ 5140000: uvm_test_top.env.sb [SB/SYM] MISMATCH exp=fce act=191 ph=PH_DATA cycle=636
UVM_ERROR uvm_tb.sv(1312) @ 5148000: uvm_test_top.env.sb [SB/SYM] MISMATCH exp=eb7 act=e17 ph=PH_CSR cycle=637
UVM_ERROR uvm_tb.sv(1312) @ 5156000: uvm_test_top.env.sb [SB/SYM] MISMATCH exp=c96 act=db2 ph=PH_CSR cycle=638
UVM_ERROR uvm_tb.sv(1312) @ 5172000: uvm_test_top.env.sb [SB/SYM] MISMATCH exp=db6 act=592 ph=PH_ESD cycle=640
"uvm_tb.sv", 2372: pcs_tb_top.AST_ESD_EXACTLY2: started at 5148000ps failed at 5180000ps
	Offending '(!((((pcs_tb_top.dut_if.Dout[3] inside {3'b010, 3'b110}) && (pcs_tb_top.dut_if.Dout[2] inside {3'b010, 3'b110})) && (pcs_tb_top.dut_if.Dout[1] inside {3'b010, 3'b110})) && (pcs_tb_top.dut_if.Dout[0] inside {3'b010, 3'b110})))'
Error: "uvm_tb.sv", 2372: pcs_tb_top.AST_ESD_EXACTLY2: at time 5180000 ps
[ASSERT/ORDER] All-±2 output persists after ESD2 (stuck in ESD?) @ 5180000
UVM_ERROR uvm_tb.sv(1312) @ 5188000: uvm_test_top.env.sb [SB/SYM] MISMATCH exp=002 act=080 ph=PH_IDLE cycle=642
UVM_ERROR uvm_tb.sv(1312) @ 5196000: uvm_test_top.env.sb [SB/SYM] MISMATCH exp=0b0 act=000 ph=PH_IDLE cycle=643
UVM_ERROR uvm_tb.sv(1312) @ 5204000: uvm_test_top.env.sb [SB/SYM] MISMATCH exp=016 act=096 ph=PH_SDD cycle=644
"uvm_tb.sv", 2275: pcs_tb_top.AST_SDD1_NONZERO: started at 5204000ps failed at 5204000ps
	Offending '((((pcs_tb_top.dut_if.Dout[3] inside {3'b010, 3'b110}) && (pcs_tb_top.dut_if.Dout[2] inside {3'b010, 3'b110})) && (pcs_tb_top.dut_if.Dout[1] inside {3'b010, 3'b110})) && (pcs_tb_top.dut_if.Dout[0] inside {3'b010, 3'b110}))'
Error: "uvm_tb.sv", 2275: pcs_tb_top.AST_SDD1_NONZERO: at time 5204000 ps
[ASSERT/SDD] SDD1: lane(s) not ±2 at TX_EN rise: got 096 @ 5204000
"uvm_tb.sv", 2355: pcs_tb_top.AST_SDD_EXACTLY2: started at 5204000ps failed at 5220000ps
	Offending '(!((((pcs_tb_top.dut_if.Dout[3] inside {3'b010, 3'b110}) && (pcs_tb_top.dut_if.Dout[2] inside {3'b010, 3'b110})) && (pcs_tb_top.dut_if.Dout[1] inside {3'b010, 3'b110})) && (pcs_tb_top.dut_if.Dout[0] inside {3'b010, 3'b110})))'
Error: "uvm_tb.sv", 2355: pcs_tb_top.AST_SDD_EXACTLY2: at time 5220000 ps
[ASSERT/ORDER] All-±2 output persists after SDD2 (stuck in SDD?) @ 5220000
UVM_ERROR uvm_tb.sv(1312) @ 5228000: uvm_test_top.env.sb [SB/SYM] MISMATCH exp=c30 act=cb6 ph=PH_DATA cycle=647
UVM_ERROR uvm_tb.sv(1312) @ 5236000: uvm_test_top.env.sb [SB/SYM] MISMATCH exp=5c8 act=397 ph=PH_DATA cycle=648
UVM_ERROR uvm_tb.sv(1312) @ 5244000: uvm_test_top.env.sb [SB/SYM] MISMATCH exp=fc2 act=3f2 ph=PH_DATA cycle=649
UVM_ERROR uvm_tb.sv(1312) @ 5252000: uvm_test_top.env.sb [SB/SYM] MISMATCH exp=192 act=3fe ph=PH_DATA cycle=650
UVM_ERROR uvm_tb.sv(1312) @ 5260000: uvm_test_top.env.sb [SB/SYM] MISMATCH exp=c00 act=432 ph=PH_CSR cycle=651
UVM_ERROR uvm_tb.sv(1312) @ 5268000: uvm_test_top.env.sb [SB/SYM] MISMATCH exp=c96 act=3ba ph=PH_CSR cycle=652
UVM_ERROR uvm_tb.sv(1312) @ 5276000: uvm_test_top.env.sb [SB/SYM] MISMATCH exp=c96 act=4b7 ph=PH_ESD cycle=653
"uvm_tb.sv", 2305: pcs_tb_top.AST_ESD1_NONZERO: started at 5260000ps failed at 5276000ps
	Offending '((((pcs_tb_top.dut_if.Dout[3] inside {3'b010, 3'b110}) && (pcs_tb_top.dut_if.Dout[2] inside {3'b010, 3'b110})) && (pcs_tb_top.dut_if.Dout[1] inside {3'b010, 3'b110})) && (pcs_tb_top.dut_if.Dout[0] inside {3'b010, 3'b110}))'
Error: "uvm_tb.sv", 2305: pcs_tb_top.AST_ESD1_NONZERO: at time 5276000 ps
[ASSERT/ESD] ESD1: lane(s) not ±2 two cycles after TX_EN fall: got 4b7 @ 5276000
UVM_ERROR uvm_tb.sv(1312) @ 5284000: uvm_test_top.env.sb [SB/SYM] MISMATCH exp=db6 act=496 ph=PH_ESD cycle=654
"uvm_tb.sv", 2372: pcs_tb_top.AST_ESD_EXACTLY2: started at 5260000ps failed at 5292000ps
	Offending '(!((((pcs_tb_top.dut_if.Dout[3] inside {3'b010, 3'b110}) && (pcs_tb_top.dut_if.Dout[2] inside {3'b010, 3'b110})) && (pcs_tb_top.dut_if.Dout[1] inside {3'b010, 3'b110})) && (pcs_tb_top.dut_if.Dout[0] inside {3'b010, 3'b110})))'
Error: "uvm_tb.sv", 2372: pcs_tb_top.AST_ESD_EXACTLY2: at time 5292000 ps
[ASSERT/ORDER] All-±2 output persists after ESD2 (stuck in ESD?) @ 5292000
UVM_ERROR uvm_tb.sv(1312) @ 5300000: uvm_test_top.env.sb [SB/SYM] MISMATCH exp=180 act=000 ph=PH_SDD cycle=656
"uvm_tb.sv", 2275: pcs_tb_top.AST_SDD1_NONZERO: started at 5300000ps failed at 5300000ps
	Offending '((((pcs_tb_top.dut_if.Dout[3] inside {3'b010, 3'b110}) && (pcs_tb_top.dut_if.Dout[2] inside {3'b010, 3'b110})) && (pcs_tb_top.dut_if.Dout[1] inside {3'b010, 3'b110})) && (pcs_tb_top.dut_if.Dout[0] inside {3'b010, 3'b110}))'
Error: "uvm_tb.sv", 2275: pcs_tb_top.AST_SDD1_NONZERO: at time 5300000 ps
[ASSERT/SDD] SDD1: lane(s) not ±2 at TX_EN rise: got 000 @ 5300000
"uvm_tb.sv", 2355: pcs_tb_top.AST_SDD_EXACTLY2: started at 5300000ps failed at 5316000ps
	Offending '(!((((pcs_tb_top.dut_if.Dout[3] inside {3'b010, 3'b110}) && (pcs_tb_top.dut_if.Dout[2] inside {3'b010, 3'b110})) && (pcs_tb_top.dut_if.Dout[1] inside {3'b010, 3'b110})) && (pcs_tb_top.dut_if.Dout[0] inside {3'b010, 3'b110})))'
Error: "uvm_tb.sv", 2355: pcs_tb_top.AST_SDD_EXACTLY2: at time 5316000 ps
[ASSERT/ORDER] All-±2 output persists after SDD2 (stuck in SDD?) @ 5316000
UVM_ERROR uvm_tb.sv(1312) @ 5324000: uvm_test_top.env.sb [SB/SYM] MISMATCH exp=436 act=5b0 ph=PH_DATA cycle=659
UVM_ERROR uvm_tb.sv(1312) @ 5332000: uvm_test_top.env.sb [SB/SYM] MISMATCH exp=447 act=5c1 ph=PH_DATA cycle=660
UVM_ERROR uvm_tb.sv(1312) @ 5340000: uvm_test_top.env.sb [SB/SYM] MISMATCH exp=056 act=1c7 ph=PH_DATA cycle=661
UVM_ERROR uvm_tb.sv(1312) @ 5348000: uvm_test_top.env.sb [SB/SYM] MISMATCH exp=c10 act=091 ph=PH_DATA cycle=662
UVM_ERROR uvm_tb.sv(1312) @ 5356000: uvm_test_top.env.sb [SB/SYM] MISMATCH exp=056 act=e8e ph=PH_DATA cycle=663
UVM_ERROR uvm_tb.sv(1312) @ 5364000: uvm_test_top.env.sb [SB/SYM] MISMATCH exp=5d1 act=441 ph=PH_DATA cycle=664
UVM_ERROR uvm_tb.sv(1312) @ 5372000: uvm_test_top.env.sb [SB/SYM] MISMATCH exp=c0f act=c08 ph=PH_DATA cycle=665
UVM_ERROR uvm_tb.sv(1312) @ 5380000: uvm_test_top.env.sb [SB/SYM] MISMATCH exp=081 act=182 ph=PH_CSR cycle=666
UVM_ERROR uvm_tb.sv(1312) @ 5388000: uvm_test_top.env.sb [SB/SYM] MISMATCH exp=d89 act=db7 ph=PH_CSR cycle=667
UVM_ERROR uvm_tb.sv(1312) @ 5396000: uvm_test_top.env.sb [SB/SYM] MISMATCH exp=c96 act=5b2 ph=PH_ESD cycle=668
UVM_ERROR uvm_tb.sv(1312) @ 5404000: uvm_test_top.env.sb [SB/SYM] MISMATCH exp=db6 act=4b6 ph=PH_ESD cycle=669
"uvm_tb.sv", 2372: pcs_tb_top.AST_ESD_EXACTLY2: started at 5380000ps failed at 5412000ps
	Offending '(!((((pcs_tb_top.dut_if.Dout[3] inside {3'b010, 3'b110}) && (pcs_tb_top.dut_if.Dout[2] inside {3'b010, 3'b110})) && (pcs_tb_top.dut_if.Dout[1] inside {3'b010, 3'b110})) && (pcs_tb_top.dut_if.Dout[0] inside {3'b010, 3'b110})))'
Error: "uvm_tb.sv", 2372: pcs_tb_top.AST_ESD_EXACTLY2: at time 5412000 ps
[ASSERT/ORDER] All-±2 output persists after ESD2 (stuck in ESD?) @ 5412000
UVM_ERROR uvm_tb.sv(1312) @ 5420000: uvm_test_top.env.sb [SB/SYM] MISMATCH exp=190 act=186 ph=PH_IDLE cycle=671
UVM_ERROR uvm_tb.sv(1312) @ 5428000: uvm_test_top.env.sb [SB/SYM] MISMATCH exp=c90 act=010 ph=PH_IDLE cycle=672
UVM_ERROR uvm_tb.sv(1312) @ 5436000: uvm_test_top.env.sb [SB/SYM] MISMATCH exp=002 act=082 ph=PH_SDD cycle=673
"uvm_tb.sv", 2275: pcs_tb_top.AST_SDD1_NONZERO: started at 5436000ps failed at 5436000ps
	Offending '((((pcs_tb_top.dut_if.Dout[3] inside {3'b010, 3'b110}) && (pcs_tb_top.dut_if.Dout[2] inside {3'b010, 3'b110})) && (pcs_tb_top.dut_if.Dout[1] inside {3'b010, 3'b110})) && (pcs_tb_top.dut_if.Dout[0] inside {3'b010, 3'b110}))'
Error: "uvm_tb.sv", 2275: pcs_tb_top.AST_SDD1_NONZERO: at time 5436000 ps
[ASSERT/SDD] SDD1: lane(s) not ±2 at TX_EN rise: got 082 @ 5436000
"uvm_tb.sv", 2355: pcs_tb_top.AST_SDD_EXACTLY2: started at 5436000ps failed at 5452000ps
	Offending '(!((((pcs_tb_top.dut_if.Dout[3] inside {3'b010, 3'b110}) && (pcs_tb_top.dut_if.Dout[2] inside {3'b010, 3'b110})) && (pcs_tb_top.dut_if.Dout[1] inside {3'b010, 3'b110})) && (pcs_tb_top.dut_if.Dout[0] inside {3'b010, 3'b110})))'
Error: "uvm_tb.sv", 2355: pcs_tb_top.AST_SDD_EXACTLY2: at time 5452000 ps
[ASSERT/ORDER] All-±2 output persists after SDD2 (stuck in SDD?) @ 5452000
UVM_ERROR uvm_tb.sv(1312) @ 5468000: uvm_test_top.env.sb [SB/SYM] MISMATCH exp=237 act=287 ph=PH_CSR cycle=677
UVM_ERROR uvm_tb.sv(1312) @ 5476000: uvm_test_top.env.sb [SB/SYM] MISMATCH exp=391 act=3be ph=PH_CSR cycle=678
UVM_ERROR uvm_tb.sv(1312) @ 5484000: uvm_test_top.env.sb [SB/SYM] MISMATCH exp=c96 act=c91 ph=PH_ESD cycle=679
"uvm_tb.sv", 2305: pcs_tb_top.AST_ESD1_NONZERO: started at 5468000ps failed at 5484000ps
	Offending '((((pcs_tb_top.dut_if.Dout[3] inside {3'b010, 3'b110}) && (pcs_tb_top.dut_if.Dout[2] inside {3'b010, 3'b110})) && (pcs_tb_top.dut_if.Dout[1] inside {3'b010, 3'b110})) && (pcs_tb_top.dut_if.Dout[0] inside {3'b010, 3'b110}))'
Error: "uvm_tb.sv", 2305: pcs_tb_top.AST_ESD1_NONZERO: at time 5484000 ps
[ASSERT/ESD] ESD1: lane(s) not ±2 two cycles after TX_EN fall: got c91 @ 5484000
UVM_ERROR uvm_tb.sv(1312) @ 5492000: uvm_test_top.env.sb [SB/SYM] MISMATCH exp=db6 act=db2 ph=PH_ESD cycle=680
"uvm_tb.sv", 2372: pcs_tb_top.AST_ESD_EXACTLY2: started at 5468000ps failed at 5500000ps
	Offending '(!((((pcs_tb_top.dut_if.Dout[3] inside {3'b010, 3'b110}) && (pcs_tb_top.dut_if.Dout[2] inside {3'b010, 3'b110})) && (pcs_tb_top.dut_if.Dout[1] inside {3'b010, 3'b110})) && (pcs_tb_top.dut_if.Dout[0] inside {3'b010, 3'b110})))'
Error: "uvm_tb.sv", 2372: pcs_tb_top.AST_ESD_EXACTLY2: at time 5500000 ps
[ASSERT/ORDER] All-±2 output persists after ESD2 (stuck in ESD?) @ 5500000
UVM_ERROR uvm_tb.sv(1312) @ 5508000: uvm_test_top.env.sb [SB/SYM] MISMATCH exp=d90 act=186 ph=PH_IDLE cycle=682
UVM_ERROR uvm_tb.sv(1312) @ 5516000: uvm_test_top.env.sb [SB/SYM] MISMATCH exp=006 act=086 ph=PH_IDLE cycle=683
UVM_ERROR uvm_tb.sv(1312) @ 5524000: uvm_test_top.env.sb [SB/SYM] MISMATCH exp=000 act=030 ph=PH_SDD cycle=684
"uvm_tb.sv", 2275: pcs_tb_top.AST_SDD1_NONZERO: started at 5524000ps failed at 5524000ps
	Offending '((((pcs_tb_top.dut_if.Dout[3] inside {3'b010, 3'b110}) && (pcs_tb_top.dut_if.Dout[2] inside {3'b010, 3'b110})) && (pcs_tb_top.dut_if.Dout[1] inside {3'b010, 3'b110})) && (pcs_tb_top.dut_if.Dout[0] inside {3'b010, 3'b110}))'
Error: "uvm_tb.sv", 2275: pcs_tb_top.AST_SDD1_NONZERO: at time 5524000 ps
[ASSERT/SDD] SDD1: lane(s) not ±2 at TX_EN rise: got 030 @ 5524000
"uvm_tb.sv", 2355: pcs_tb_top.AST_SDD_EXACTLY2: started at 5524000ps failed at 5540000ps
	Offending '(!((((pcs_tb_top.dut_if.Dout[3] inside {3'b010, 3'b110}) && (pcs_tb_top.dut_if.Dout[2] inside {3'b010, 3'b110})) && (pcs_tb_top.dut_if.Dout[1] inside {3'b010, 3'b110})) && (pcs_tb_top.dut_if.Dout[0] inside {3'b010, 3'b110})))'
Error: "uvm_tb.sv", 2355: pcs_tb_top.AST_SDD_EXACTLY2: at time 5540000 ps
[ASSERT/ORDER] All-±2 output persists after SDD2 (stuck in SDD?) @ 5540000
UVM_ERROR uvm_tb.sv(1312) @ 5548000: uvm_test_top.env.sb [SB/SYM] MISMATCH exp=c96 act=096 ph=PH_DATA cycle=687
UVM_ERROR uvm_tb.sv(1312) @ 5564000: uvm_test_top.env.sb [SB/SYM] MISMATCH exp=e91 act=478 ph=PH_DATA cycle=689
UVM_ERROR uvm_tb.sv(1312) @ 5572000: uvm_test_top.env.sb [SB/SYM] MISMATCH exp=e70 act=3d2 ph=PH_DATA cycle=690
UVM_ERROR uvm_tb.sv(1312) @ 5588000: uvm_test_top.env.sb [SB/SYM] MISMATCH exp=1b9 act=18f ph=PH_DATA cycle=692
UVM_ERROR uvm_tb.sv(1312) @ 5596000: uvm_test_top.env.sb [SB/SYM] MISMATCH exp=4b7 act=c32 ph=PH_CSR cycle=693
UVM_ERROR uvm_tb.sv(1312) @ 5604000: uvm_test_top.env.sb [SB/SYM] MISMATCH exp=d89 act=5d2 ph=PH_CSR cycle=694
UVM_ERROR uvm_tb.sv(1312) @ 5612000: uvm_test_top.env.sb [SB/SYM] MISMATCH exp=c96 act=591 ph=PH_ESD cycle=695
"uvm_tb.sv", 2305: pcs_tb_top.AST_ESD1_NONZERO: started at 5596000ps failed at 5612000ps
	Offending '((((pcs_tb_top.dut_if.Dout[3] inside {3'b010, 3'b110}) && (pcs_tb_top.dut_if.Dout[2] inside {3'b010, 3'b110})) && (pcs_tb_top.dut_if.Dout[1] inside {3'b010, 3'b110})) && (pcs_tb_top.dut_if.Dout[0] inside {3'b010, 3'b110}))'
Error: "uvm_tb.sv", 2305: pcs_tb_top.AST_ESD1_NONZERO: at time 5612000 ps
[ASSERT/ESD] ESD1: lane(s) not ±2 two cycles after TX_EN fall: got 591 @ 5612000
UVM_ERROR uvm_tb.sv(1312) @ 5620000: uvm_test_top.env.sb [SB/SYM] MISMATCH exp=db6 act=db2 ph=PH_ESD cycle=696
"uvm_tb.sv", 2372: pcs_tb_top.AST_ESD_EXACTLY2: started at 5596000ps failed at 5628000ps
	Offending '(!((((pcs_tb_top.dut_if.Dout[3] inside {3'b010, 3'b110}) && (pcs_tb_top.dut_if.Dout[2] inside {3'b010, 3'b110})) && (pcs_tb_top.dut_if.Dout[1] inside {3'b010, 3'b110})) && (pcs_tb_top.dut_if.Dout[0] inside {3'b010, 3'b110})))'
Error: "uvm_tb.sv", 2372: pcs_tb_top.AST_ESD_EXACTLY2: at time 5628000 ps
[ASSERT/ORDER] All-±2 output persists after ESD2 (stuck in ESD?) @ 5628000
UVM_ERROR uvm_tb.sv(1312) @ 5636000: uvm_test_top.env.sb [SB/SYM] MISMATCH exp=0b0 act=032 ph=PH_IDLE cycle=698
UVM_ERROR uvm_tb.sv(1312) @ 5644000: uvm_test_top.env.sb [SB/SYM] MISMATCH exp=c06 act=000 ph=PH_IDLE cycle=699
UVM_ERROR uvm_tb.sv(1312) @ 5652000: uvm_test_top.env.sb [SB/SYM] MISMATCH exp=436 act=0b6 ph=PH_SDD cycle=700
"uvm_tb.sv", 2275: pcs_tb_top.AST_SDD1_NONZERO: started at 5652000ps failed at 5652000ps
	Offending '((((pcs_tb_top.dut_if.Dout[3] inside {3'b010, 3'b110}) && (pcs_tb_top.dut_if.Dout[2] inside {3'b010, 3'b110})) && (pcs_tb_top.dut_if.Dout[1] inside {3'b010, 3'b110})) && (pcs_tb_top.dut_if.Dout[0] inside {3'b010, 3'b110}))'
Error: "uvm_tb.sv", 2275: pcs_tb_top.AST_SDD1_NONZERO: at time 5652000 ps
[ASSERT/SDD] SDD1: lane(s) not ±2 at TX_EN rise: got 0b6 @ 5652000
"uvm_tb.sv", 2355: pcs_tb_top.AST_SDD_EXACTLY2: started at 5652000ps failed at 5668000ps
	Offending '(!((((pcs_tb_top.dut_if.Dout[3] inside {3'b010, 3'b110}) && (pcs_tb_top.dut_if.Dout[2] inside {3'b010, 3'b110})) && (pcs_tb_top.dut_if.Dout[1] inside {3'b010, 3'b110})) && (pcs_tb_top.dut_if.Dout[0] inside {3'b010, 3'b110})))'
Error: "uvm_tb.sv", 2355: pcs_tb_top.AST_SDD_EXACTLY2: at time 5668000 ps
[ASSERT/ORDER] All-±2 output persists after SDD2 (stuck in SDD?) @ 5668000
UVM_ERROR uvm_tb.sv(1312) @ 5676000: uvm_test_top.env.sb [SB/SYM] MISMATCH exp=096 act=010 ph=PH_CSR cycle=703
UVM_ERROR uvm_tb.sv(1312) @ 5700000: uvm_test_top.env.sb [SB/SYM] MISMATCH exp=db6 act=cb2 ph=PH_ESD cycle=706
"uvm_tb.sv", 2372: pcs_tb_top.AST_ESD_EXACTLY2: started at 5676000ps failed at 5708000ps
	Offending '(!((((pcs_tb_top.dut_if.Dout[3] inside {3'b010, 3'b110}) && (pcs_tb_top.dut_if.Dout[2] inside {3'b010, 3'b110})) && (pcs_tb_top.dut_if.Dout[1] inside {3'b010, 3'b110})) && (pcs_tb_top.dut_if.Dout[0] inside {3'b010, 3'b110})))'
Error: "uvm_tb.sv", 2372: pcs_tb_top.AST_ESD_EXACTLY2: at time 5708000 ps
[ASSERT/ORDER] All-±2 output persists after ESD2 (stuck in ESD?) @ 5708000
UVM_ERROR uvm_tb.sv(1312) @ 5716000: uvm_test_top.env.sb [SB/SYM] MISMATCH exp=406 act=030 ph=PH_SDD cycle=708
"uvm_tb.sv", 2275: pcs_tb_top.AST_SDD1_NONZERO: started at 5716000ps failed at 5716000ps
	Offending '((((pcs_tb_top.dut_if.Dout[3] inside {3'b010, 3'b110}) && (pcs_tb_top.dut_if.Dout[2] inside {3'b010, 3'b110})) && (pcs_tb_top.dut_if.Dout[1] inside {3'b010, 3'b110})) && (pcs_tb_top.dut_if.Dout[0] inside {3'b010, 3'b110}))'
Error: "uvm_tb.sv", 2275: pcs_tb_top.AST_SDD1_NONZERO: at time 5716000 ps
[ASSERT/SDD] SDD1: lane(s) not ±2 at TX_EN rise: got 030 @ 5716000
"uvm_tb.sv", 2355: pcs_tb_top.AST_SDD_EXACTLY2: started at 5716000ps failed at 5732000ps
	Offending '(!((((pcs_tb_top.dut_if.Dout[3] inside {3'b010, 3'b110}) && (pcs_tb_top.dut_if.Dout[2] inside {3'b010, 3'b110})) && (pcs_tb_top.dut_if.Dout[1] inside {3'b010, 3'b110})) && (pcs_tb_top.dut_if.Dout[0] inside {3'b010, 3'b110})))'
Error: "uvm_tb.sv", 2355: pcs_tb_top.AST_SDD_EXACTLY2: at time 5732000 ps
[ASSERT/ORDER] All-±2 output persists after SDD2 (stuck in SDD?) @ 5732000
UVM_ERROR uvm_tb.sv(1312) @ 5740000: uvm_test_top.env.sb [SB/SYM] MISMATCH exp=c30 act=c00 ph=PH_DATA cycle=711
UVM_ERROR uvm_tb.sv(1312) @ 5748000: uvm_test_top.env.sb [SB/SYM] MISMATCH exp=cb9 act=08f ph=PH_DATA cycle=712
UVM_ERROR uvm_tb.sv(1312) @ 5756000: uvm_test_top.env.sb [SB/SYM] MISMATCH exp=248 act=27f ph=PH_DATA cycle=713
UVM_ERROR uvm_tb.sv(1312) @ 5764000: uvm_test_top.env.sb [SB/SYM] MISMATCH exp=250 act=e70 ph=PH_DATA cycle=714
UVM_ERROR uvm_tb.sv(1312) @ 5772000: uvm_test_top.env.sb [SB/SYM] MISMATCH exp=1b8 act=1bf ph=PH_CSR cycle=715
UVM_ERROR uvm_tb.sv(1312) @ 5780000: uvm_test_top.env.sb [SB/SYM] MISMATCH exp=d89 act=5b7 ph=PH_CSR cycle=716
UVM_ERROR uvm_tb.sv(1312) @ 5788000: uvm_test_top.env.sb [SB/SYM] MISMATCH exp=c96 act=d92 ph=PH_ESD cycle=717
UVM_ERROR uvm_tb.sv(1312) @ 5796000: uvm_test_top.env.sb [SB/SYM] MISMATCH exp=db6 act=c96 ph=PH_ESD cycle=718
"uvm_tb.sv", 2372: pcs_tb_top.AST_ESD_EXACTLY2: started at 5772000ps failed at 5804000ps
	Offending '(!((((pcs_tb_top.dut_if.Dout[3] inside {3'b010, 3'b110}) && (pcs_tb_top.dut_if.Dout[2] inside {3'b010, 3'b110})) && (pcs_tb_top.dut_if.Dout[1] inside {3'b010, 3'b110})) && (pcs_tb_top.dut_if.Dout[0] inside {3'b010, 3'b110})))'
Error: "uvm_tb.sv", 2372: pcs_tb_top.AST_ESD_EXACTLY2: at time 5804000 ps
[ASSERT/ORDER] All-±2 output persists after ESD2 (stuck in ESD?) @ 5804000
UVM_ERROR uvm_tb.sv(1312) @ 5812000: uvm_test_top.env.sb [SB/SYM] MISMATCH exp=480 act=0b0 ph=PH_IDLE cycle=720
UVM_ERROR uvm_tb.sv(1312) @ 5820000: uvm_test_top.env.sb [SB/SYM] MISMATCH exp=032 act=0b2 ph=PH_IDLE cycle=721
UVM_ERROR uvm_tb.sv(1312) @ 5828000: uvm_test_top.env.sb [SB/SYM] MISMATCH exp=016 act=000 ph=PH_IDLE cycle=722
UVM_ERROR uvm_tb.sv(1312) @ 5836000: uvm_test_top.env.sb [SB/SYM] MISMATCH exp=180 act=190 ph=PH_IDLE cycle=723
UVM_ERROR uvm_tb.sv(1312) @ 5844000: uvm_test_top.env.sb [SB/SYM] MISMATCH exp=080 act=002 ph=PH_SDD cycle=724
"uvm_tb.sv", 2275: pcs_tb_top.AST_SDD1_NONZERO: started at 5844000ps failed at 5844000ps
	Offending '((((pcs_tb_top.dut_if.Dout[3] inside {3'b010, 3'b110}) && (pcs_tb_top.dut_if.Dout[2] inside {3'b010, 3'b110})) && (pcs_tb_top.dut_if.Dout[1] inside {3'b010, 3'b110})) && (pcs_tb_top.dut_if.Dout[0] inside {3'b010, 3'b110}))'
Error: "uvm_tb.sv", 2275: pcs_tb_top.AST_SDD1_NONZERO: at time 5844000 ps
[ASSERT/SDD] SDD1: lane(s) not ±2 at TX_EN rise: got 002 @ 5844000
"uvm_tb.sv", 2355: pcs_tb_top.AST_SDD_EXACTLY2: started at 5844000ps failed at 5860000ps
	Offending '(!((((pcs_tb_top.dut_if.Dout[3] inside {3'b010, 3'b110}) && (pcs_tb_top.dut_if.Dout[2] inside {3'b010, 3'b110})) && (pcs_tb_top.dut_if.Dout[1] inside {3'b010, 3'b110})) && (pcs_tb_top.dut_if.Dout[0] inside {3'b010, 3'b110})))'
Error: "uvm_tb.sv", 2355: pcs_tb_top.AST_SDD_EXACTLY2: at time 5860000 ps
[ASSERT/ORDER] All-±2 output persists after SDD2 (stuck in SDD?) @ 5860000
UVM_ERROR uvm_tb.sv(1312) @ 5876000: uvm_test_top.env.sb [SB/SYM] MISMATCH exp=4bf act=089 ph=PH_DATA cycle=728
UVM_ERROR uvm_tb.sv(1312) @ 5884000: uvm_test_top.env.sb [SB/SYM] MISMATCH exp=c88 act=dbe ph=PH_DATA cycle=729
UVM_ERROR uvm_tb.sv(1312) @ 5892000: uvm_test_top.env.sb [SB/SYM] MISMATCH exp=5f9 act=04e ph=PH_CSR cycle=730
UVM_ERROR uvm_tb.sv(1312) @ 5900000: uvm_test_top.env.sb [SB/SYM] MISMATCH exp=d89 act=28e ph=PH_CSR cycle=731
UVM_ERROR uvm_tb.sv(1312) @ 5908000: uvm_test_top.env.sb [SB/SYM] MISMATCH exp=c96 act=591 ph=PH_ESD cycle=732
"uvm_tb.sv", 2305: pcs_tb_top.AST_ESD1_NONZERO: started at 5892000ps failed at 5908000ps
	Offending '((((pcs_tb_top.dut_if.Dout[3] inside {3'b010, 3'b110}) && (pcs_tb_top.dut_if.Dout[2] inside {3'b010, 3'b110})) && (pcs_tb_top.dut_if.Dout[1] inside {3'b010, 3'b110})) && (pcs_tb_top.dut_if.Dout[0] inside {3'b010, 3'b110}))'
Error: "uvm_tb.sv", 2305: pcs_tb_top.AST_ESD1_NONZERO: at time 5908000 ps
[ASSERT/ESD] ESD1: lane(s) not ±2 two cycles after TX_EN fall: got 591 @ 5908000
"uvm_tb.sv", 2372: pcs_tb_top.AST_ESD_EXACTLY2: started at 5892000ps failed at 5924000ps
	Offending '(!((((pcs_tb_top.dut_if.Dout[3] inside {3'b010, 3'b110}) && (pcs_tb_top.dut_if.Dout[2] inside {3'b010, 3'b110})) && (pcs_tb_top.dut_if.Dout[1] inside {3'b010, 3'b110})) && (pcs_tb_top.dut_if.Dout[0] inside {3'b010, 3'b110})))'
Error: "uvm_tb.sv", 2372: pcs_tb_top.AST_ESD_EXACTLY2: at time 5924000 ps
[ASSERT/ORDER] All-±2 output persists after ESD2 (stuck in ESD?) @ 5924000
"uvm_tb.sv", 2355: pcs_tb_top.AST_SDD_EXACTLY2: started at 5924000ps failed at 5940000ps
	Offending '(!((((pcs_tb_top.dut_if.Dout[3] inside {3'b010, 3'b110}) && (pcs_tb_top.dut_if.Dout[2] inside {3'b010, 3'b110})) && (pcs_tb_top.dut_if.Dout[1] inside {3'b010, 3'b110})) && (pcs_tb_top.dut_if.Dout[0] inside {3'b010, 3'b110})))'
Error: "uvm_tb.sv", 2355: pcs_tb_top.AST_SDD_EXACTLY2: at time 5940000 ps
[ASSERT/ORDER] All-±2 output persists after SDD2 (stuck in SDD?) @ 5940000
UVM_ERROR uvm_tb.sv(1312) @ 5948000: uvm_test_top.env.sb [SB/SYM] MISMATCH exp=c82 act=c02 ph=PH_DATA cycle=737
UVM_ERROR uvm_tb.sv(1312) @ 5956000: uvm_test_top.env.sb [SB/SYM] MISMATCH exp=c82 act=c30 ph=PH_DATA cycle=738
UVM_ERROR uvm_tb.sv(1312) @ 5964000: uvm_test_top.env.sb [SB/SYM] MISMATCH exp=002 act=087 ph=PH_DATA cycle=739
UVM_ERROR uvm_tb.sv(1312) @ 5972000: uvm_test_top.env.sb [SB/SYM] MISMATCH exp=582 act=c86 ph=PH_DATA cycle=740
UVM_ERROR uvm_tb.sv(1312) @ 5980000: uvm_test_top.env.sb [SB/SYM] MISMATCH exp=3c6 act=e42 ph=PH_CSR cycle=741
UVM_ERROR uvm_tb.sv(1312) @ 5988000: uvm_test_top.env.sb [SB/SYM] MISMATCH exp=cb1 act=cb2 ph=PH_CSR cycle=742
UVM_ERROR uvm_tb.sv(1312) @ 5996000: uvm_test_top.env.sb [SB/SYM] MISMATCH exp=d89 act=5b2 ph=PH_ESD cycle=743
UVM_ERROR uvm_tb.sv(1312) @ 6004000: uvm_test_top.env.sb [SB/SYM] MISMATCH exp=db6 act=cb6 ph=PH_ESD cycle=744
"uvm_tb.sv", 2372: pcs_tb_top.AST_ESD_EXACTLY2: started at 5980000ps failed at 6012000ps
	Offending '(!((((pcs_tb_top.dut_if.Dout[3] inside {3'b010, 3'b110}) && (pcs_tb_top.dut_if.Dout[2] inside {3'b010, 3'b110})) && (pcs_tb_top.dut_if.Dout[1] inside {3'b010, 3'b110})) && (pcs_tb_top.dut_if.Dout[0] inside {3'b010, 3'b110})))'
Error: "uvm_tb.sv", 2372: pcs_tb_top.AST_ESD_EXACTLY2: at time 6012000 ps
[ASSERT/ORDER] All-±2 output persists after ESD2 (stuck in ESD?) @ 6012000
"uvm_tb.sv", 2355: pcs_tb_top.AST_SDD_EXACTLY2: started at 6004000ps failed at 6020000ps
	Offending '(!((((pcs_tb_top.dut_if.Dout[3] inside {3'b010, 3'b110}) && (pcs_tb_top.dut_if.Dout[2] inside {3'b010, 3'b110})) && (pcs_tb_top.dut_if.Dout[1] inside {3'b010, 3'b110})) && (pcs_tb_top.dut_if.Dout[0] inside {3'b010, 3'b110})))'
Error: "uvm_tb.sv", 2355: pcs_tb_top.AST_SDD_EXACTLY2: at time 6020000 ps
[ASSERT/ORDER] All-±2 output persists after SDD2 (stuck in SDD?) @ 6020000
UVM_ERROR uvm_tb.sv(1312) @ 6036000: uvm_test_top.env.sb [SB/SYM] MISMATCH exp=f91 act=c4e ph=PH_IDLE cycle=748
UVM_ERROR uvm_tb.sv(1312) @ 6044000: uvm_test_top.env.sb [SB/SYM] MISMATCH exp=471 act=476 ph=PH_IDLE cycle=749
UVM_ERROR uvm_tb.sv(1312) @ 6060000: uvm_test_top.env.sb [SB/SYM] MISMATCH exp=e82 act=382 ph=PH_IDLE cycle=751
UVM_ERROR uvm_tb.sv(1312) @ 6068000: uvm_test_top.env.sb [SB/SYM] MISMATCH exp=089 act=08e ph=PH_IDLE cycle=752
UVM_ERROR uvm_tb.sv(1312) @ 6076000: uvm_test_top.env.sb [SB/SYM] MISMATCH exp=208 act=38a ph=PH_IDLE cycle=753
UVM_ERROR uvm_tb.sv(1312) @ 6084000: uvm_test_top.env.sb [SB/SYM] MISMATCH exp=c47 act=5f7 ph=PH_IDLE cycle=754
UVM_ERROR uvm_tb.sv(1312) @ 6092000: uvm_test_top.env.sb [SB/SYM] MISMATCH exp=3b1 act=452 ph=PH_IDLE cycle=755
UVM_ERROR uvm_tb.sv(1312) @ 6100000: uvm_test_top.env.sb [SB/SYM] MISMATCH exp=c96 act=5b1 ph=PH_IDLE cycle=756
"uvm_tb.sv", 2305: pcs_tb_top.AST_ESD1_NONZERO: started at 6084000ps failed at 6100000ps
	Offending '((((pcs_tb_top.dut_if.Dout[3] inside {3'b010, 3'b110}) && (pcs_tb_top.dut_if.Dout[2] inside {3'b010, 3'b110})) && (pcs_tb_top.dut_if.Dout[1] inside {3'b010, 3'b110})) && (pcs_tb_top.dut_if.Dout[0] inside {3'b010, 3'b110}))'
Error: "uvm_tb.sv", 2305: pcs_tb_top.AST_ESD1_NONZERO: at time 6100000 ps
[ASSERT/ESD] ESD1: lane(s) not ±2 two cycles after TX_EN fall: got 5b1 @ 6100000
UVM_ERROR uvm_tb.sv(1312) @ 6108000: uvm_test_top.env.sb [SB/SYM] MISMATCH exp=db6 act=592 ph=PH_IDLE cycle=757
"uvm_tb.sv", 2372: pcs_tb_top.AST_ESD_EXACTLY2: started at 6084000ps failed at 6116000ps
	Offending '(!((((pcs_tb_top.dut_if.Dout[3] inside {3'b010, 3'b110}) && (pcs_tb_top.dut_if.Dout[2] inside {3'b010, 3'b110})) && (pcs_tb_top.dut_if.Dout[1] inside {3'b010, 3'b110})) && (pcs_tb_top.dut_if.Dout[0] inside {3'b010, 3'b110})))'
Error: "uvm_tb.sv", 2372: pcs_tb_top.AST_ESD_EXACTLY2: at time 6116000 ps
[ASSERT/ORDER] All-±2 output persists after ESD2 (stuck in ESD?) @ 6116000
UVM_ERROR uvm_tb.sv(1312) @ 6124000: uvm_test_top.env.sb [SB/SYM] MISMATCH exp=012 act=002 ph=PH_IDLE cycle=759
UVM_ERROR uvm_tb.sv(1312) @ 6132000: uvm_test_top.env.sb [SB/SYM] MISMATCH exp=c80 act=0b0 ph=PH_IDLE cycle=760
UVM_ERROR uvm_tb.sv(1312) @ 6140000: uvm_test_top.env.sb [SB/SYM] MISMATCH exp=016 act=196 ph=PH_IDLE cycle=761
UVM_ERROR uvm_tb.sv(1312) @ 6148000: uvm_test_top.env.sb [SB/SYM] MISMATCH exp=182 act=000 ph=PH_IDLE cycle=762
UVM_ERROR uvm_tb.sv(1312) @ 6156000: uvm_test_top.env.sb [SB/SYM] MISMATCH exp=430 act=002 ph=PH_SDD cycle=763
"uvm_tb.sv", 2275: pcs_tb_top.AST_SDD1_NONZERO: started at 6156000ps failed at 6156000ps
	Offending '((((pcs_tb_top.dut_if.Dout[3] inside {3'b010, 3'b110}) && (pcs_tb_top.dut_if.Dout[2] inside {3'b010, 3'b110})) && (pcs_tb_top.dut_if.Dout[1] inside {3'b010, 3'b110})) && (pcs_tb_top.dut_if.Dout[0] inside {3'b010, 3'b110}))'
Error: "uvm_tb.sv", 2275: pcs_tb_top.AST_SDD1_NONZERO: at time 6156000 ps
[ASSERT/SDD] SDD1: lane(s) not ±2 at TX_EN rise: got 002 @ 6156000
"uvm_tb.sv", 2355: pcs_tb_top.AST_SDD_EXACTLY2: started at 6156000ps failed at 6172000ps
	Offending '(!((((pcs_tb_top.dut_if.Dout[3] inside {3'b010, 3'b110}) && (pcs_tb_top.dut_if.Dout[2] inside {3'b010, 3'b110})) && (pcs_tb_top.dut_if.Dout[1] inside {3'b010, 3'b110})) && (pcs_tb_top.dut_if.Dout[0] inside {3'b010, 3'b110})))'
Error: "uvm_tb.sv", 2355: pcs_tb_top.AST_SDD_EXACTLY2: at time 6172000 ps
[ASSERT/ORDER] All-±2 output persists after SDD2 (stuck in SDD?) @ 6172000
UVM_ERROR uvm_tb.sv(1312) @ 6180000: uvm_test_top.env.sb [SB/SYM] MISMATCH exp=486 act=490 ph=PH_DATA cycle=766
UVM_ERROR uvm_tb.sv(1312) @ 6188000: uvm_test_top.env.sb [SB/SYM] MISMATCH exp=c7e act=1fe ph=PH_DATA cycle=767
UVM_ERROR uvm_tb.sv(1312) @ 6196000: uvm_test_top.env.sb [SB/SYM] MISMATCH exp=3c2 act=242 ph=PH_DATA cycle=768
UVM_ERROR uvm_tb.sv(1312) @ 6204000: uvm_test_top.env.sb [SB/SYM] MISMATCH exp=482 act=086 ph=PH_DATA cycle=769
UVM_ERROR uvm_tb.sv(1312) @ 6212000: uvm_test_top.env.sb [SB/SYM] MISMATCH exp=c09 act=40f ph=PH_DATA cycle=770
UVM_ERROR uvm_tb.sv(1312) @ 6220000: uvm_test_top.env.sb [SB/SYM] MISMATCH exp=f92 act=1ca ph=PH_CSR cycle=771
UVM_ERROR uvm_tb.sv(1312) @ 6228000: uvm_test_top.env.sb [SB/SYM] MISMATCH exp=38e act=4b1 ph=PH_CSR cycle=772
UVM_ERROR uvm_tb.sv(1312) @ 6236000: uvm_test_top.env.sb [SB/SYM] MISMATCH exp=c96 act=496 ph=PH_ESD cycle=773
UVM_ERROR uvm_tb.sv(1312) @ 6244000: uvm_test_top.env.sb [SB/SYM] MISMATCH exp=db6 act=492 ph=PH_ESD cycle=774
"uvm_tb.sv", 2372: pcs_tb_top.AST_ESD_EXACTLY2: started at 6220000ps failed at 6252000ps
	Offending '(!((((pcs_tb_top.dut_if.Dout[3] inside {3'b010, 3'b110}) && (pcs_tb_top.dut_if.Dout[2] inside {3'b010, 3'b110})) && (pcs_tb_top.dut_if.Dout[1] inside {3'b010, 3'b110})) && (pcs_tb_top.dut_if.Dout[0] inside {3'b010, 3'b110})))'
Error: "uvm_tb.sv", 2372: pcs_tb_top.AST_ESD_EXACTLY2: at time 6252000 ps
[ASSERT/ORDER] All-±2 output persists after ESD2 (stuck in ESD?) @ 6252000
UVM_ERROR uvm_tb.sv(1312) @ 6260000: uvm_test_top.env.sb [SB/SYM] MISMATCH exp=006 act=086 ph=PH_SDD cycle=776
"uvm_tb.sv", 2275: pcs_tb_top.AST_SDD1_NONZERO: started at 6260000ps failed at 6260000ps
	Offending '((((pcs_tb_top.dut_if.Dout[3] inside {3'b010, 3'b110}) && (pcs_tb_top.dut_if.Dout[2] inside {3'b010, 3'b110})) && (pcs_tb_top.dut_if.Dout[1] inside {3'b010, 3'b110})) && (pcs_tb_top.dut_if.Dout[0] inside {3'b010, 3'b110}))'
Error: "uvm_tb.sv", 2275: pcs_tb_top.AST_SDD1_NONZERO: at time 6260000 ps
[ASSERT/SDD] SDD1: lane(s) not ±2 at TX_EN rise: got 086 @ 6260000
"uvm_tb.sv", 2355: pcs_tb_top.AST_SDD_EXACTLY2: started at 6260000ps failed at 6276000ps
	Offending '(!((((pcs_tb_top.dut_if.Dout[3] inside {3'b010, 3'b110}) && (pcs_tb_top.dut_if.Dout[2] inside {3'b010, 3'b110})) && (pcs_tb_top.dut_if.Dout[1] inside {3'b010, 3'b110})) && (pcs_tb_top.dut_if.Dout[0] inside {3'b010, 3'b110})))'
Error: "uvm_tb.sv", 2355: pcs_tb_top.AST_SDD_EXACTLY2: at time 6276000 ps
[ASSERT/ORDER] All-±2 output persists after SDD2 (stuck in SDD?) @ 6276000
UVM_ERROR uvm_tb.sv(1312) @ 6284000: uvm_test_top.env.sb [SB/SYM] MISMATCH exp=c00 act=000 ph=PH_DATA cycle=779
UVM_ERROR uvm_tb.sv(1312) @ 6292000: uvm_test_top.env.sb [SB/SYM] MISMATCH exp=3c2 act=272 ph=PH_DATA cycle=780
UVM_ERROR uvm_tb.sv(1312) @ 6300000: uvm_test_top.env.sb [SB/SYM] MISMATCH exp=cb1 act=c01 ph=PH_DATA cycle=781
UVM_ERROR uvm_tb.sv(1312) @ 6308000: uvm_test_top.env.sb [SB/SYM] MISMATCH exp=c82 act=437 ph=PH_DATA cycle=782
UVM_ERROR uvm_tb.sv(1312) @ 6324000: uvm_test_top.env.sb [SB/SYM] MISMATCH exp=28f act=e8f ph=PH_CSR cycle=784
UVM_ERROR uvm_tb.sv(1312) @ 6332000: uvm_test_top.env.sb [SB/SYM] MISMATCH exp=38e act=db6 ph=PH_CSR cycle=785
UVM_ERROR uvm_tb.sv(1312) @ 6340000: uvm_test_top.env.sb [SB/SYM] MISMATCH exp=c96 act=492 ph=PH_ESD cycle=786
"uvm_tb.sv", 2372: pcs_tb_top.AST_ESD_EXACTLY2: started at 6324000ps failed at 6356000ps
	Offending '(!((((pcs_tb_top.dut_if.Dout[3] inside {3'b010, 3'b110}) && (pcs_tb_top.dut_if.Dout[2] inside {3'b010, 3'b110})) && (pcs_tb_top.dut_if.Dout[1] inside {3'b010, 3'b110})) && (pcs_tb_top.dut_if.Dout[0] inside {3'b010, 3'b110})))'
Error: "uvm_tb.sv", 2372: pcs_tb_top.AST_ESD_EXACTLY2: at time 6356000 ps
[ASSERT/ORDER] All-±2 output persists after ESD2 (stuck in ESD?) @ 6356000
UVM_ERROR uvm_tb.sv(1312) @ 6364000: uvm_test_top.env.sb [SB/SYM] MISMATCH exp=cb2 act=032 ph=PH_SDD cycle=789
"uvm_tb.sv", 2275: pcs_tb_top.AST_SDD1_NONZERO: started at 6364000ps failed at 6364000ps
	Offending '((((pcs_tb_top.dut_if.Dout[3] inside {3'b010, 3'b110}) && (pcs_tb_top.dut_if.Dout[2] inside {3'b010, 3'b110})) && (pcs_tb_top.dut_if.Dout[1] inside {3'b010, 3'b110})) && (pcs_tb_top.dut_if.Dout[0] inside {3'b010, 3'b110}))'
Error: "uvm_tb.sv", 2275: pcs_tb_top.AST_SDD1_NONZERO: at time 6364000 ps
[ASSERT/SDD] SDD1: lane(s) not ±2 at TX_EN rise: got 032 @ 6364000
"uvm_tb.sv", 2355: pcs_tb_top.AST_SDD_EXACTLY2: started at 6364000ps failed at 6380000ps
	Offending '(!((((pcs_tb_top.dut_if.Dout[3] inside {3'b010, 3'b110}) && (pcs_tb_top.dut_if.Dout[2] inside {3'b010, 3'b110})) && (pcs_tb_top.dut_if.Dout[1] inside {3'b010, 3'b110})) && (pcs_tb_top.dut_if.Dout[0] inside {3'b010, 3'b110})))'
Error: "uvm_tb.sv", 2355: pcs_tb_top.AST_SDD_EXACTLY2: at time 6380000 ps
[ASSERT/ORDER] All-±2 output persists after SDD2 (stuck in SDD?) @ 6380000
UVM_ERROR uvm_tb.sv(1312) @ 6388000: uvm_test_top.env.sb [SB/SYM] MISMATCH exp=592 act=000 ph=PH_CSR cycle=792
UVM_ERROR uvm_tb.sv(1312) @ 6412000: uvm_test_top.env.sb [SB/SYM] MISMATCH exp=db6 act=cb2 ph=PH_ESD cycle=795
"uvm_tb.sv", 2372: pcs_tb_top.AST_ESD_EXACTLY2: started at 6388000ps failed at 6420000ps
	Offending '(!((((pcs_tb_top.dut_if.Dout[3] inside {3'b010, 3'b110}) && (pcs_tb_top.dut_if.Dout[2] inside {3'b010, 3'b110})) && (pcs_tb_top.dut_if.Dout[1] inside {3'b010, 3'b110})) && (pcs_tb_top.dut_if.Dout[0] inside {3'b010, 3'b110})))'
Error: "uvm_tb.sv", 2372: pcs_tb_top.AST_ESD_EXACTLY2: at time 6420000 ps
[ASSERT/ORDER] All-±2 output persists after ESD2 (stuck in ESD?) @ 6420000
"uvm_tb.sv", 2355: pcs_tb_top.AST_SDD_EXACTLY2: started at 6412000ps failed at 6428000ps
	Offending '(!((((pcs_tb_top.dut_if.Dout[3] inside {3'b010, 3'b110}) && (pcs_tb_top.dut_if.Dout[2] inside {3'b010, 3'b110})) && (pcs_tb_top.dut_if.Dout[1] inside {3'b010, 3'b110})) && (pcs_tb_top.dut_if.Dout[0] inside {3'b010, 3'b110})))'
Error: "uvm_tb.sv", 2355: pcs_tb_top.AST_SDD_EXACTLY2: at time 6428000 ps
[ASSERT/ORDER] All-±2 output persists after SDD2 (stuck in SDD?) @ 6428000
UVM_ERROR uvm_tb.sv(1312) @ 6444000: uvm_test_top.env.sb [SB/SYM] MISMATCH exp=002 act=000 ph=PH_IDLE cycle=799
UVM_ERROR uvm_tb.sv(1312) @ 6452000: uvm_test_top.env.sb [SB/SYM] MISMATCH exp=db2 act=d97 ph=PH_IDLE cycle=800
UVM_ERROR uvm_tb.sv(1312) @ 6460000: uvm_test_top.env.sb [SB/SYM] MISMATCH exp=c96 act=4b2 ph=PH_IDLE cycle=801
UVM_ERROR uvm_tb.sv(1312) @ 6468000: uvm_test_top.env.sb [SB/SYM] MISMATCH exp=db6 act=d92 ph=PH_IDLE cycle=802
"uvm_tb.sv", 2372: pcs_tb_top.AST_ESD_EXACTLY2: started at 6444000ps failed at 6476000ps
	Offending '(!((((pcs_tb_top.dut_if.Dout[3] inside {3'b010, 3'b110}) && (pcs_tb_top.dut_if.Dout[2] inside {3'b010, 3'b110})) && (pcs_tb_top.dut_if.Dout[1] inside {3'b010, 3'b110})) && (pcs_tb_top.dut_if.Dout[0] inside {3'b010, 3'b110})))'
Error: "uvm_tb.sv", 2372: pcs_tb_top.AST_ESD_EXACTLY2: at time 6476000 ps
[ASSERT/ORDER] All-±2 output persists after ESD2 (stuck in ESD?) @ 6476000
UVM_ERROR uvm_tb.sv(1312) @ 6484000: uvm_test_top.env.sb [SB/SYM] MISMATCH exp=010 act=006 ph=PH_SDD cycle=804
"uvm_tb.sv", 2275: pcs_tb_top.AST_SDD1_NONZERO: started at 6484000ps failed at 6484000ps
	Offending '((((pcs_tb_top.dut_if.Dout[3] inside {3'b010, 3'b110}) && (pcs_tb_top.dut_if.Dout[2] inside {3'b010, 3'b110})) && (pcs_tb_top.dut_if.Dout[1] inside {3'b010, 3'b110})) && (pcs_tb_top.dut_if.Dout[0] inside {3'b010, 3'b110}))'
Error: "uvm_tb.sv", 2275: pcs_tb_top.AST_SDD1_NONZERO: at time 6484000 ps
[ASSERT/SDD] SDD1: lane(s) not ±2 at TX_EN rise: got 006 @ 6484000
"uvm_tb.sv", 2355: pcs_tb_top.AST_SDD_EXACTLY2: started at 6484000ps failed at 6500000ps
	Offending '(!((((pcs_tb_top.dut_if.Dout[3] inside {3'b010, 3'b110}) && (pcs_tb_top.dut_if.Dout[2] inside {3'b010, 3'b110})) && (pcs_tb_top.dut_if.Dout[1] inside {3'b010, 3'b110})) && (pcs_tb_top.dut_if.Dout[0] inside {3'b010, 3'b110})))'
Error: "uvm_tb.sv", 2355: pcs_tb_top.AST_SDD_EXACTLY2: at time 6500000 ps
[ASSERT/ORDER] All-±2 output persists after SDD2 (stuck in SDD?) @ 6500000
UVM_ERROR uvm_tb.sv(1312) @ 6508000: uvm_test_top.env.sb [SB/SYM] MISMATCH exp=c30 act=036 ph=PH_DATA cycle=807
UVM_ERROR uvm_tb.sv(1312) @ 6516000: uvm_test_top.env.sb [SB/SYM] MISMATCH exp=201 act=211 ph=PH_DATA cycle=808
UVM_ERROR uvm_tb.sv(1312) @ 6524000: uvm_test_top.env.sb [SB/SYM] MISMATCH exp=fc0 act=277 ph=PH_DATA cycle=809
UVM_ERROR uvm_tb.sv(1312) @ 6532000: uvm_test_top.env.sb [SB/SYM] MISMATCH exp=c3f act=43e ph=PH_CSR cycle=810
UVM_ERROR uvm_tb.sv(1312) @ 6540000: uvm_test_top.env.sb [SB/SYM] MISMATCH exp=cb1 act=476 ph=PH_CSR cycle=811
UVM_ERROR uvm_tb.sv(1312) @ 6548000: uvm_test_top.env.sb [SB/SYM] MISMATCH exp=d89 act=db1 ph=PH_ESD cycle=812
"uvm_tb.sv", 2305: pcs_tb_top.AST_ESD1_NONZERO: started at 6532000ps failed at 6548000ps
	Offending '((((pcs_tb_top.dut_if.Dout[3] inside {3'b010, 3'b110}) && (pcs_tb_top.dut_if.Dout[2] inside {3'b010, 3'b110})) && (pcs_tb_top.dut_if.Dout[1] inside {3'b010, 3'b110})) && (pcs_tb_top.dut_if.Dout[0] inside {3'b010, 3'b110}))'
Error: "uvm_tb.sv", 2305: pcs_tb_top.AST_ESD1_NONZERO: at time 6548000 ps
[ASSERT/ESD] ESD1: lane(s) not ±2 two cycles after TX_EN fall: got db1 @ 6548000
UVM_ERROR uvm_tb.sv(1312) @ 6556000: uvm_test_top.env.sb [SB/SYM] MISMATCH exp=db6 act=d96 ph=PH_ESD cycle=813
"uvm_tb.sv", 2372: pcs_tb_top.AST_ESD_EXACTLY2: started at 6532000ps failed at 6564000ps
	Offending '(!((((pcs_tb_top.dut_if.Dout[3] inside {3'b010, 3'b110}) && (pcs_tb_top.dut_if.Dout[2] inside {3'b010, 3'b110})) && (pcs_tb_top.dut_if.Dout[1] inside {3'b010, 3'b110})) && (pcs_tb_top.dut_if.Dout[0] inside {3'b010, 3'b110})))'
Error: "uvm_tb.sv", 2372: pcs_tb_top.AST_ESD_EXACTLY2: at time 6564000 ps
[ASSERT/ORDER] All-±2 output persists after ESD2 (stuck in ESD?) @ 6564000
"uvm_tb.sv", 2355: pcs_tb_top.AST_SDD_EXACTLY2: started at 6556000ps failed at 6572000ps
	Offending '(!((((pcs_tb_top.dut_if.Dout[3] inside {3'b010, 3'b110}) && (pcs_tb_top.dut_if.Dout[2] inside {3'b010, 3'b110})) && (pcs_tb_top.dut_if.Dout[1] inside {3'b010, 3'b110})) && (pcs_tb_top.dut_if.Dout[0] inside {3'b010, 3'b110})))'
Error: "uvm_tb.sv", 2355: pcs_tb_top.AST_SDD_EXACTLY2: at time 6572000 ps
[ASSERT/ORDER] All-±2 output persists after SDD2 (stuck in SDD?) @ 6572000
UVM_ERROR uvm_tb.sv(1312) @ 6588000: uvm_test_top.env.sb [SB/SYM] MISMATCH exp=381 act=e01 ph=PH_IDLE cycle=817
UVM_ERROR uvm_tb.sv(1312) @ 6596000: uvm_test_top.env.sb [SB/SYM] MISMATCH exp=e76 act=e71 ph=PH_IDLE cycle=818
UVM_ERROR uvm_tb.sv(1312) @ 6604000: uvm_test_top.env.sb [SB/SYM] MISMATCH exp=1ce act=f87 ph=PH_IDLE cycle=819
UVM_ERROR uvm_tb.sv(1312) @ 6612000: uvm_test_top.env.sb [SB/SYM] MISMATCH exp=fcf act=ffa ph=PH_IDLE cycle=820
UVM_ERROR uvm_tb.sv(1312) @ 6620000: uvm_test_top.env.sb [SB/SYM] MISMATCH exp=487 act=000 ph=PH_IDLE cycle=821
UVM_ERROR uvm_tb.sv(1312) @ 6628000: uvm_test_top.env.sb [SB/SYM] MISMATCH exp=c82 act=c90 ph=PH_IDLE cycle=822
UVM_ERROR uvm_tb.sv(1312) @ 6636000: uvm_test_top.env.sb [SB/SYM] MISMATCH exp=3b1 act=5b6 ph=PH_IDLE cycle=823
UVM_ERROR uvm_tb.sv(1312) @ 6644000: uvm_test_top.env.sb [SB/SYM] MISMATCH exp=c96 act=592 ph=PH_IDLE cycle=824
UVM_ERROR uvm_tb.sv(1312) @ 6652000: uvm_test_top.env.sb [SB/SYM] MISMATCH exp=db6 act=492 ph=PH_IDLE cycle=825
"uvm_tb.sv", 2372: pcs_tb_top.AST_ESD_EXACTLY2: started at 6628000ps failed at 6660000ps
	Offending '(!((((pcs_tb_top.dut_if.Dout[3] inside {3'b010, 3'b110}) && (pcs_tb_top.dut_if.Dout[2] inside {3'b010, 3'b110})) && (pcs_tb_top.dut_if.Dout[1] inside {3'b010, 3'b110})) && (pcs_tb_top.dut_if.Dout[0] inside {3'b010, 3'b110})))'
Error: "uvm_tb.sv", 2372: pcs_tb_top.AST_ESD_EXACTLY2: at time 6660000 ps
[ASSERT/ORDER] All-±2 output persists after ESD2 (stuck in ESD?) @ 6660000
UVM_ERROR uvm_tb.sv(1312) @ 6668000: uvm_test_top.env.sb [SB/SYM] MISMATCH exp=032 act=030 ph=PH_IDLE cycle=827
UVM_ERROR uvm_tb.sv(1312) @ 6676000: uvm_test_top.env.sb [SB/SYM] MISMATCH exp=090 act=082 ph=PH_IDLE cycle=828
UVM_ERROR uvm_tb.sv(1312) @ 6684000: uvm_test_top.env.sb [SB/SYM] MISMATCH exp=402 act=012 ph=PH_IDLE cycle=829
UVM_ERROR uvm_tb.sv(1312) @ 6692000: uvm_test_top.env.sb [SB/SYM] MISMATCH exp=1b2 act=180 ph=PH_IDLE cycle=830
UVM_ERROR uvm_tb.sv(1312) @ 6700000: uvm_test_top.env.sb [SB/SYM] MISMATCH exp=000 act=180 ph=PH_SDD cycle=831
"uvm_tb.sv", 2275: pcs_tb_top.AST_SDD1_NONZERO: started at 6700000ps failed at 6700000ps
	Offending '((((pcs_tb_top.dut_if.Dout[3] inside {3'b010, 3'b110}) && (pcs_tb_top.dut_if.Dout[2] inside {3'b010, 3'b110})) && (pcs_tb_top.dut_if.Dout[1] inside {3'b010, 3'b110})) && (pcs_tb_top.dut_if.Dout[0] inside {3'b010, 3'b110}))'
Error: "uvm_tb.sv", 2275: pcs_tb_top.AST_SDD1_NONZERO: at time 6700000 ps
[ASSERT/SDD] SDD1: lane(s) not ±2 at TX_EN rise: got 180 @ 6700000
"uvm_tb.sv", 2355: pcs_tb_top.AST_SDD_EXACTLY2: started at 6700000ps failed at 6716000ps
	Offending '(!((((pcs_tb_top.dut_if.Dout[3] inside {3'b010, 3'b110}) && (pcs_tb_top.dut_if.Dout[2] inside {3'b010, 3'b110})) && (pcs_tb_top.dut_if.Dout[1] inside {3'b010, 3'b110})) && (pcs_tb_top.dut_if.Dout[0] inside {3'b010, 3'b110})))'
Error: "uvm_tb.sv", 2355: pcs_tb_top.AST_SDD_EXACTLY2: at time 6716000 ps
[ASSERT/ORDER] All-±2 output persists after SDD2 (stuck in SDD?) @ 6716000
UVM_ERROR uvm_tb.sv(1312) @ 6724000: uvm_test_top.env.sb [SB/SYM] MISMATCH exp=5b6 act=580 ph=PH_DATA cycle=834
UVM_ERROR uvm_tb.sv(1312) @ 6732000: uvm_test_top.env.sb [SB/SYM] MISMATCH exp=c90 act=c92 ph=PH_DATA cycle=835
UVM_ERROR uvm_tb.sv(1312) @ 6740000: uvm_test_top.env.sb [SB/SYM] MISMATCH exp=5ca act=2b6 ph=PH_DATA cycle=836
UVM_ERROR uvm_tb.sv(1312) @ 6748000: uvm_test_top.env.sb [SB/SYM] MISMATCH exp=c10 act=031 ph=PH_DATA cycle=837
UVM_ERROR uvm_tb.sv(1312) @ 6756000: uvm_test_top.env.sb [SB/SYM] MISMATCH exp=e09 act=e89 ph=PH_DATA cycle=838
UVM_ERROR uvm_tb.sv(1312) @ 6764000: uvm_test_top.env.sb [SB/SYM] MISMATCH exp=271 act=dbe ph=PH_DATA cycle=839
UVM_ERROR uvm_tb.sv(1312) @ 6772000: uvm_test_top.env.sb [SB/SYM] MISMATCH exp=478 act=1ce ph=PH_DATA cycle=840
UVM_ERROR uvm_tb.sv(1312) @ 6780000: uvm_test_top.env.sb [SB/SYM] MISMATCH exp=1cf act=1c8 ph=PH_CSR cycle=841
UVM_ERROR uvm_tb.sv(1312) @ 6788000: uvm_test_top.env.sb [SB/SYM] MISMATCH exp=38e act=5b6 ph=PH_CSR cycle=842
UVM_ERROR uvm_tb.sv(1312) @ 6796000: uvm_test_top.env.sb [SB/SYM] MISMATCH exp=c96 act=496 ph=PH_ESD cycle=843
UVM_ERROR uvm_tb.sv(1312) @ 6804000: uvm_test_top.env.sb [SB/SYM] MISMATCH exp=db6 act=5b2 ph=PH_ESD cycle=844
"uvm_tb.sv", 2372: pcs_tb_top.AST_ESD_EXACTLY2: started at 6780000ps failed at 6812000ps
	Offending '(!((((pcs_tb_top.dut_if.Dout[3] inside {3'b010, 3'b110}) && (pcs_tb_top.dut_if.Dout[2] inside {3'b010, 3'b110})) && (pcs_tb_top.dut_if.Dout[1] inside {3'b010, 3'b110})) && (pcs_tb_top.dut_if.Dout[0] inside {3'b010, 3'b110})))'
Error: "uvm_tb.sv", 2372: pcs_tb_top.AST_ESD_EXACTLY2: at time 6812000 ps
[ASSERT/ORDER] All-±2 output persists after ESD2 (stuck in ESD?) @ 6812000
UVM_ERROR uvm_tb.sv(1312) @ 6820000: uvm_test_top.env.sb [SB/SYM] MISMATCH exp=580 act=180 ph=PH_IDLE cycle=846
UVM_ERROR uvm_tb.sv(1312) @ 6828000: uvm_test_top.env.sb [SB/SYM] MISMATCH exp=016 act=090 ph=PH_IDLE cycle=847
UVM_ERROR uvm_tb.sv(1312) @ 6836000: uvm_test_top.env.sb [SB/SYM] MISMATCH exp=c82 act=002 ph=PH_SDD cycle=848
"uvm_tb.sv", 2275: pcs_tb_top.AST_SDD1_NONZERO: started at 6836000ps failed at 6836000ps
	Offending '((((pcs_tb_top.dut_if.Dout[3] inside {3'b010, 3'b110}) && (pcs_tb_top.dut_if.Dout[2] inside {3'b010, 3'b110})) && (pcs_tb_top.dut_if.Dout[1] inside {3'b010, 3'b110})) && (pcs_tb_top.dut_if.Dout[0] inside {3'b010, 3'b110}))'
Error: "uvm_tb.sv", 2275: pcs_tb_top.AST_SDD1_NONZERO: at time 6836000 ps
[ASSERT/SDD] SDD1: lane(s) not ±2 at TX_EN rise: got 002 @ 6836000
"uvm_tb.sv", 2355: pcs_tb_top.AST_SDD_EXACTLY2: started at 6836000ps failed at 6852000ps
	Offending '(!((((pcs_tb_top.dut_if.Dout[3] inside {3'b010, 3'b110}) && (pcs_tb_top.dut_if.Dout[2] inside {3'b010, 3'b110})) && (pcs_tb_top.dut_if.Dout[1] inside {3'b010, 3'b110})) && (pcs_tb_top.dut_if.Dout[0] inside {3'b010, 3'b110})))'
Error: "uvm_tb.sv", 2355: pcs_tb_top.AST_SDD_EXACTLY2: at time 6852000 ps
[ASSERT/ORDER] All-±2 output persists after SDD2 (stuck in SDD?) @ 6852000
UVM_ERROR uvm_tb.sv(1312) @ 6868000: uvm_test_top.env.sb [SB/SYM] MISMATCH exp=f8a act=fb8 ph=PH_DATA cycle=852
UVM_ERROR uvm_tb.sv(1312) @ 6876000: uvm_test_top.env.sb [SB/SYM] MISMATCH exp=037 act=401 ph=PH_DATA cycle=853
UVM_ERROR uvm_tb.sv(1312) @ 6884000: uvm_test_top.env.sb [SB/SYM] MISMATCH exp=407 act=c96 ph=PH_DATA cycle=854
UVM_ERROR uvm_tb.sv(1312) @ 6892000: uvm_test_top.env.sb [SB/SYM] MISMATCH exp=400 act=c02 ph=PH_DATA cycle=855
UVM_ERROR uvm_tb.sv(1312) @ 6900000: uvm_test_top.env.sb [SB/SYM] MISMATCH exp=232 act=47e ph=PH_CSR cycle=856
UVM_ERROR uvm_tb.sv(1312) @ 6908000: uvm_test_top.env.sb [SB/SYM] MISMATCH exp=c56 act=497 ph=PH_CSR cycle=857
UVM_ERROR uvm_tb.sv(1312) @ 6916000: uvm_test_top.env.sb [SB/SYM] MISMATCH exp=d89 act=cb6 ph=PH_ESD cycle=858
UVM_ERROR uvm_tb.sv(1312) @ 6924000: uvm_test_top.env.sb [SB/SYM] MISMATCH exp=db6 act=5b6 ph=PH_ESD cycle=859
"uvm_tb.sv", 2372: pcs_tb_top.AST_ESD_EXACTLY2: started at 6900000ps failed at 6932000ps
	Offending '(!((((pcs_tb_top.dut_if.Dout[3] inside {3'b010, 3'b110}) && (pcs_tb_top.dut_if.Dout[2] inside {3'b010, 3'b110})) && (pcs_tb_top.dut_if.Dout[1] inside {3'b010, 3'b110})) && (pcs_tb_top.dut_if.Dout[0] inside {3'b010, 3'b110})))'
Error: "uvm_tb.sv", 2372: pcs_tb_top.AST_ESD_EXACTLY2: at time 6932000 ps
[ASSERT/ORDER] All-±2 output persists after ESD2 (stuck in ESD?) @ 6932000
UVM_ERROR uvm_tb.sv(1312) @ 6940000: uvm_test_top.env.sb [SB/SYM] MISMATCH exp=482 act=0b2 ph=PH_IDLE cycle=861
UVM_ERROR uvm_tb.sv(1312) @ 6948000: uvm_test_top.env.sb [SB/SYM] MISMATCH exp=c06 act=000 ph=PH_IDLE cycle=862
UVM_ERROR uvm_tb.sv(1312) @ 6964000: uvm_test_top.env.sb [SB/SYM] MISMATCH exp=000 act=006 ph=PH_IDLE cycle=864
UVM_ERROR uvm_tb.sv(1312) @ 6972000: uvm_test_top.env.sb [SB/SYM] MISMATCH exp=d96 act=190 ph=PH_SDD cycle=865
"uvm_tb.sv", 2275: pcs_tb_top.AST_SDD1_NONZERO: started at 6972000ps failed at 6972000ps
	Offending '((((pcs_tb_top.dut_if.Dout[3] inside {3'b010, 3'b110}) && (pcs_tb_top.dut_if.Dout[2] inside {3'b010, 3'b110})) && (pcs_tb_top.dut_if.Dout[1] inside {3'b010, 3'b110})) && (pcs_tb_top.dut_if.Dout[0] inside {3'b010, 3'b110}))'
Error: "uvm_tb.sv", 2275: pcs_tb_top.AST_SDD1_NONZERO: at time 6972000 ps
[ASSERT/SDD] SDD1: lane(s) not ±2 at TX_EN rise: got 190 @ 6972000
"uvm_tb.sv", 2355: pcs_tb_top.AST_SDD_EXACTLY2: started at 6972000ps failed at 6988000ps
	Offending '(!((((pcs_tb_top.dut_if.Dout[3] inside {3'b010, 3'b110}) && (pcs_tb_top.dut_if.Dout[2] inside {3'b010, 3'b110})) && (pcs_tb_top.dut_if.Dout[1] inside {3'b010, 3'b110})) && (pcs_tb_top.dut_if.Dout[0] inside {3'b010, 3'b110})))'
Error: "uvm_tb.sv", 2355: pcs_tb_top.AST_SDD_EXACTLY2: at time 6988000 ps
[ASSERT/ORDER] All-±2 output persists after SDD2 (stuck in SDD?) @ 6988000
UVM_ERROR uvm_tb.sv(1312) @ 6996000: uvm_test_top.env.sb [SB/SYM] MISMATCH exp=002 act=080 ph=PH_DATA cycle=868
UVM_ERROR uvm_tb.sv(1312) @ 7004000: uvm_test_top.env.sb [SB/SYM] MISMATCH exp=3c0 act=246 ph=PH_DATA cycle=869
UVM_ERROR uvm_tb.sv(1312) @ 7012000: uvm_test_top.env.sb [SB/SYM] MISMATCH exp=206 act=237 ph=PH_DATA cycle=870
UVM_ERROR uvm_tb.sv(1312) @ 7020000: uvm_test_top.env.sb [SB/SYM] MISMATCH exp=477 act=5c0 ph=PH_DATA cycle=871
UVM_ERROR uvm_tb.sv(1312) @ 7028000: uvm_test_top.env.sb [SB/SYM] MISMATCH exp=0b2 act=011 ph=PH_DATA cycle=872
UVM_ERROR uvm_tb.sv(1312) @ 7036000: uvm_test_top.env.sb [SB/SYM] MISMATCH exp=190 act=092 ph=PH_DATA cycle=873
UVM_ERROR uvm_tb.sv(1312) @ 7044000: uvm_test_top.env.sb [SB/SYM] MISMATCH exp=e42 act=ff0 ph=PH_DATA cycle=874
UVM_ERROR uvm_tb.sv(1312) @ 7052000: uvm_test_top.env.sb [SB/SYM] MISMATCH exp=097 act=031 ph=PH_CSR cycle=875
UVM_ERROR uvm_tb.sv(1312) @ 7060000: uvm_test_top.env.sb [SB/SYM] MISMATCH exp=d89 act=d91 ph=PH_CSR cycle=876
UVM_ERROR uvm_tb.sv(1312) @ 7068000: uvm_test_top.env.sb [SB/SYM] MISMATCH exp=c96 act=cb2 ph=PH_ESD cycle=877
"uvm_tb.sv", 2372: pcs_tb_top.AST_ESD_EXACTLY2: started at 7052000ps failed at 7084000ps
	Offending '(!((((pcs_tb_top.dut_if.Dout[3] inside {3'b010, 3'b110}) && (pcs_tb_top.dut_if.Dout[2] inside {3'b010, 3'b110})) && (pcs_tb_top.dut_if.Dout[1] inside {3'b010, 3'b110})) && (pcs_tb_top.dut_if.Dout[0] inside {3'b010, 3'b110})))'
Error: "uvm_tb.sv", 2372: pcs_tb_top.AST_ESD_EXACTLY2: at time 7084000 ps
[ASSERT/ORDER] All-±2 output persists after ESD2 (stuck in ESD?) @ 7084000
"uvm_tb.sv", 2355: pcs_tb_top.AST_SDD_EXACTLY2: started at 7084000ps failed at 7100000ps
	Offending '(!((((pcs_tb_top.dut_if.Dout[3] inside {3'b010, 3'b110}) && (pcs_tb_top.dut_if.Dout[2] inside {3'b010, 3'b110})) && (pcs_tb_top.dut_if.Dout[1] inside {3'b010, 3'b110})) && (pcs_tb_top.dut_if.Dout[0] inside {3'b010, 3'b110})))'
Error: "uvm_tb.sv", 2355: pcs_tb_top.AST_SDD_EXACTLY2: at time 7100000 ps
[ASSERT/ORDER] All-±2 output persists after SDD2 (stuck in SDD?) @ 7100000
UVM_ERROR uvm_tb.sv(1312) @ 7108000: uvm_test_top.env.sb [SB/SYM] MISMATCH exp=016 act=096 ph=PH_DATA cycle=882
UVM_ERROR uvm_tb.sv(1312) @ 7116000: uvm_test_top.env.sb [SB/SYM] MISMATCH exp=086 act=190 ph=PH_DATA cycle=883
UVM_ERROR uvm_tb.sv(1312) @ 7124000: uvm_test_top.env.sb [SB/SYM] MISMATCH exp=c32 act=c31 ph=PH_DATA cycle=884
UVM_ERROR uvm_tb.sv(1312) @ 7132000: uvm_test_top.env.sb [SB/SYM] MISMATCH exp=448 act=1f8 ph=PH_DATA cycle=885
UVM_ERROR uvm_tb.sv(1312) @ 7140000: uvm_test_top.env.sb [SB/SYM] MISMATCH exp=092 act=007 ph=PH_DATA cycle=886
UVM_ERROR uvm_tb.sv(1312) @ 7148000: uvm_test_top.env.sb [SB/SYM] MISMATCH exp=2bf act=28e ph=PH_DATA cycle=887
UVM_ERROR uvm_tb.sv(1312) @ 7156000: uvm_test_top.env.sb [SB/SYM] MISMATCH exp=290 act=286 ph=PH_DATA cycle=888
UVM_ERROR uvm_tb.sv(1312) @ 7164000: uvm_test_top.env.sb [SB/SYM] MISMATCH exp=070 act=dc2 ph=PH_CSR cycle=889
UVM_ERROR uvm_tb.sv(1312) @ 7172000: uvm_test_top.env.sb [SB/SYM] MISMATCH exp=c8e act=db2 ph=PH_CSR cycle=890
UVM_ERROR uvm_tb.sv(1312) @ 7180000: uvm_test_top.env.sb [SB/SYM] MISMATCH exp=d89 act=592 ph=PH_ESD cycle=891
UVM_ERROR uvm_tb.sv(1312) @ 7188000: uvm_test_top.env.sb [SB/SYM] MISMATCH exp=db6 act=4b6 ph=PH_ESD cycle=892
"uvm_tb.sv", 2372: pcs_tb_top.AST_ESD_EXACTLY2: started at 7164000ps failed at 7196000ps
	Offending '(!((((pcs_tb_top.dut_if.Dout[3] inside {3'b010, 3'b110}) && (pcs_tb_top.dut_if.Dout[2] inside {3'b010, 3'b110})) && (pcs_tb_top.dut_if.Dout[1] inside {3'b010, 3'b110})) && (pcs_tb_top.dut_if.Dout[0] inside {3'b010, 3'b110})))'
Error: "uvm_tb.sv", 2372: pcs_tb_top.AST_ESD_EXACTLY2: at time 7196000 ps
[ASSERT/ORDER] All-±2 output persists after ESD2 (stuck in ESD?) @ 7196000
"uvm_tb.sv", 2355: pcs_tb_top.AST_SDD_EXACTLY2: started at 7188000ps failed at 7204000ps
	Offending '(!((((pcs_tb_top.dut_if.Dout[3] inside {3'b010, 3'b110}) && (pcs_tb_top.dut_if.Dout[2] inside {3'b010, 3'b110})) && (pcs_tb_top.dut_if.Dout[1] inside {3'b010, 3'b110})) && (pcs_tb_top.dut_if.Dout[0] inside {3'b010, 3'b110})))'
Error: "uvm_tb.sv", 2355: pcs_tb_top.AST_SDD_EXACTLY2: at time 7204000 ps
[ASSERT/ORDER] All-±2 output persists after SDD2 (stuck in SDD?) @ 7204000
UVM_ERROR uvm_tb.sv(1312) @ 7220000: uvm_test_top.env.sb [SB/SYM] MISMATCH exp=fc9 act=e49 ph=PH_IDLE cycle=896
UVM_ERROR uvm_tb.sv(1312) @ 7228000: uvm_test_top.env.sb [SB/SYM] MISMATCH exp=3b7 act=387 ph=PH_IDLE cycle=897
UVM_ERROR uvm_tb.sv(1312) @ 7236000: uvm_test_top.env.sb [SB/SYM] MISMATCH exp=fd6 act=18e ph=PH_IDLE cycle=898
UVM_ERROR uvm_tb.sv(1312) @ 7244000: uvm_test_top.env.sb [SB/SYM] MISMATCH exp=1fe act=07a ph=PH_IDLE cycle=899
UVM_ERROR uvm_tb.sv(1312) @ 7252000: uvm_test_top.env.sb [SB/SYM] MISMATCH exp=490 act=037 ph=PH_IDLE cycle=900
UVM_ERROR uvm_tb.sv(1312) @ 7260000: uvm_test_top.env.sb [SB/SYM] MISMATCH exp=1f0 act=c41 ph=PH_IDLE cycle=901
UVM_ERROR uvm_tb.sv(1312) @ 7268000: uvm_test_top.env.sb [SB/SYM] MISMATCH exp=c56 act=38a ph=PH_IDLE cycle=902
UVM_ERROR uvm_tb.sv(1312) @ 7276000: uvm_test_top.env.sb [SB/SYM] MISMATCH exp=d89 act=4b1 ph=PH_IDLE cycle=903
"uvm_tb.sv", 2305: pcs_tb_top.AST_ESD1_NONZERO: started at 7260000ps failed at 7276000ps
	Offending '((((pcs_tb_top.dut_if.Dout[3] inside {3'b010, 3'b110}) && (pcs_tb_top.dut_if.Dout[2] inside {3'b010, 3'b110})) && (pcs_tb_top.dut_if.Dout[1] inside {3'b010, 3'b110})) && (pcs_tb_top.dut_if.Dout[0] inside {3'b010, 3'b110}))'
Error: "uvm_tb.sv", 2305: pcs_tb_top.AST_ESD1_NONZERO: at time 7276000 ps
[ASSERT/ESD] ESD1: lane(s) not ±2 two cycles after TX_EN fall: got 4b1 @ 7276000
UVM_ERROR uvm_tb.sv(1312) @ 7284000: uvm_test_top.env.sb [SB/SYM] MISMATCH exp=db6 act=4b6 ph=PH_SDD cycle=904
"uvm_tb.sv", 2372: pcs_tb_top.AST_ESD_EXACTLY2: started at 7260000ps failed at 7292000ps
	Offending '(!((((pcs_tb_top.dut_if.Dout[3] inside {3'b010, 3'b110}) && (pcs_tb_top.dut_if.Dout[2] inside {3'b010, 3'b110})) && (pcs_tb_top.dut_if.Dout[1] inside {3'b010, 3'b110})) && (pcs_tb_top.dut_if.Dout[0] inside {3'b010, 3'b110})))'
Error: "uvm_tb.sv", 2372: pcs_tb_top.AST_ESD_EXACTLY2: at time 7292000 ps
[ASSERT/ORDER] All-±2 output persists after ESD2 (stuck in ESD?) @ 7292000
"uvm_tb.sv", 2355: pcs_tb_top.AST_SDD_EXACTLY2: started at 7284000ps failed at 7300000ps
	Offending '(!((((pcs_tb_top.dut_if.Dout[3] inside {3'b010, 3'b110}) && (pcs_tb_top.dut_if.Dout[2] inside {3'b010, 3'b110})) && (pcs_tb_top.dut_if.Dout[1] inside {3'b010, 3'b110})) && (pcs_tb_top.dut_if.Dout[0] inside {3'b010, 3'b110})))'
Error: "uvm_tb.sv", 2355: pcs_tb_top.AST_SDD_EXACTLY2: at time 7300000 ps
[ASSERT/ORDER] All-±2 output persists after SDD2 (stuck in SDD?) @ 7300000
UVM_ERROR uvm_tb.sv(1312) @ 7324000: uvm_test_top.env.sb [SB/SYM] MISMATCH exp=eb6 act=eb1 ph=PH_DATA cycle=909
UVM_ERROR uvm_tb.sv(1312) @ 7332000: uvm_test_top.env.sb [SB/SYM] MISMATCH exp=2b9 act=289 ph=PH_CSR cycle=910
UVM_ERROR uvm_tb.sv(1312) @ 7340000: uvm_test_top.env.sb [SB/SYM] MISMATCH exp=d89 act=fba ph=PH_CSR cycle=911
UVM_ERROR uvm_tb.sv(1312) @ 7348000: uvm_test_top.env.sb [SB/SYM] MISMATCH exp=c96 act=5b7 ph=PH_ESD cycle=912
"uvm_tb.sv", 2305: pcs_tb_top.AST_ESD1_NONZERO: started at 7332000ps failed at 7348000ps
	Offending '((((pcs_tb_top.dut_if.Dout[3] inside {3'b010, 3'b110}) && (pcs_tb_top.dut_if.Dout[2] inside {3'b010, 3'b110})) && (pcs_tb_top.dut_if.Dout[1] inside {3'b010, 3'b110})) && (pcs_tb_top.dut_if.Dout[0] inside {3'b010, 3'b110}))'
Error: "uvm_tb.sv", 2305: pcs_tb_top.AST_ESD1_NONZERO: at time 7348000 ps
[ASSERT/ESD] ESD1: lane(s) not ±2 two cycles after TX_EN fall: got 5b7 @ 7348000
UVM_ERROR uvm_tb.sv(1312) @ 7356000: uvm_test_top.env.sb [SB/SYM] MISMATCH exp=db6 act=492 ph=PH_ESD cycle=913
"uvm_tb.sv", 2372: pcs_tb_top.AST_ESD_EXACTLY2: started at 7332000ps failed at 7364000ps
	Offending '(!((((pcs_tb_top.dut_if.Dout[3] inside {3'b010, 3'b110}) && (pcs_tb_top.dut_if.Dout[2] inside {3'b010, 3'b110})) && (pcs_tb_top.dut_if.Dout[1] inside {3'b010, 3'b110})) && (pcs_tb_top.dut_if.Dout[0] inside {3'b010, 3'b110})))'
Error: "uvm_tb.sv", 2372: pcs_tb_top.AST_ESD_EXACTLY2: at time 7364000 ps
[ASSERT/ORDER] All-±2 output persists after ESD2 (stuck in ESD?) @ 7364000
UVM_ERROR uvm_tb.sv(1312) @ 7372000: uvm_test_top.env.sb [SB/SYM] MISMATCH exp=002 act=092 ph=PH_IDLE cycle=915
UVM_ERROR uvm_tb.sv(1312) @ 7380000: uvm_test_top.env.sb [SB/SYM] MISMATCH exp=c80 act=000 ph=PH_IDLE cycle=916
UVM_ERROR uvm_tb.sv(1312) @ 7388000: uvm_test_top.env.sb [SB/SYM] MISMATCH exp=012 act=190 ph=PH_SDD cycle=917
"uvm_tb.sv", 2275: pcs_tb_top.AST_SDD1_NONZERO: started at 7388000ps failed at 7388000ps
	Offending '((((pcs_tb_top.dut_if.Dout[3] inside {3'b010, 3'b110}) && (pcs_tb_top.dut_if.Dout[2] inside {3'b010, 3'b110})) && (pcs_tb_top.dut_if.Dout[1] inside {3'b010, 3'b110})) && (pcs_tb_top.dut_if.Dout[0] inside {3'b010, 3'b110}))'
Error: "uvm_tb.sv", 2275: pcs_tb_top.AST_SDD1_NONZERO: at time 7388000 ps
[ASSERT/SDD] SDD1: lane(s) not ±2 at TX_EN rise: got 190 @ 7388000
"uvm_tb.sv", 2355: pcs_tb_top.AST_SDD_EXACTLY2: started at 7388000ps failed at 7404000ps
	Offending '(!((((pcs_tb_top.dut_if.Dout[3] inside {3'b010, 3'b110}) && (pcs_tb_top.dut_if.Dout[2] inside {3'b010, 3'b110})) && (pcs_tb_top.dut_if.Dout[1] inside {3'b010, 3'b110})) && (pcs_tb_top.dut_if.Dout[0] inside {3'b010, 3'b110})))'
Error: "uvm_tb.sv", 2355: pcs_tb_top.AST_SDD_EXACTLY2: at time 7404000 ps
[ASSERT/ORDER] All-±2 output persists after SDD2 (stuck in SDD?) @ 7404000
UVM_ERROR uvm_tb.sv(1312) @ 7412000: uvm_test_top.env.sb [SB/SYM] MISMATCH exp=0b6 act=080 ph=PH_CSR cycle=920
UVM_ERROR uvm_tb.sv(1312) @ 7436000: uvm_test_top.env.sb [SB/SYM] MISMATCH exp=db6 act=5b2 ph=PH_ESD cycle=923
"uvm_tb.sv", 2372: pcs_tb_top.AST_ESD_EXACTLY2: started at 7412000ps failed at 7444000ps
	Offending '(!((((pcs_tb_top.dut_if.Dout[3] inside {3'b010, 3'b110}) && (pcs_tb_top.dut_if.Dout[2] inside {3'b010, 3'b110})) && (pcs_tb_top.dut_if.Dout[1] inside {3'b010, 3'b110})) && (pcs_tb_top.dut_if.Dout[0] inside {3'b010, 3'b110})))'
Error: "uvm_tb.sv", 2372: pcs_tb_top.AST_ESD_EXACTLY2: at time 7444000 ps
[ASSERT/ORDER] All-±2 output persists after ESD2 (stuck in ESD?) @ 7444000
"uvm_tb.sv", 2355: pcs_tb_top.AST_SDD_EXACTLY2: started at 7444000ps failed at 7460000ps
	Offending '(!((((pcs_tb_top.dut_if.Dout[3] inside {3'b010, 3'b110}) && (pcs_tb_top.dut_if.Dout[2] inside {3'b010, 3'b110})) && (pcs_tb_top.dut_if.Dout[1] inside {3'b010, 3'b110})) && (pcs_tb_top.dut_if.Dout[0] inside {3'b010, 3'b110})))'
Error: "uvm_tb.sv", 2355: pcs_tb_top.AST_SDD_EXACTLY2: at time 7460000 ps
[ASSERT/ORDER] All-±2 output persists after SDD2 (stuck in SDD?) @ 7460000
UVM_ERROR uvm_tb.sv(1312) @ 7468000: uvm_test_top.env.sb [SB/SYM] MISMATCH exp=182 act=012 ph=PH_DATA cycle=927
UVM_ERROR uvm_tb.sv(1312) @ 7476000: uvm_test_top.env.sb [SB/SYM] MISMATCH exp=3f6 act=0b9 ph=PH_DATA cycle=928
UVM_ERROR uvm_tb.sv(1312) @ 7484000: uvm_test_top.env.sb [SB/SYM] MISMATCH exp=e39 act=2bf ph=PH_CSR cycle=929
UVM_ERROR uvm_tb.sv(1312) @ 7492000: uvm_test_top.env.sb [SB/SYM] MISMATCH exp=c56 act=df6 ph=PH_CSR cycle=930
UVM_ERROR uvm_tb.sv(1312) @ 7500000: uvm_test_top.env.sb [SB/SYM] MISMATCH exp=d89 act=c97 ph=PH_ESD cycle=931
"uvm_tb.sv", 2305: pcs_tb_top.AST_ESD1_NONZERO: started at 7484000ps failed at 7500000ps
	Offending '((((pcs_tb_top.dut_if.Dout[3] inside {3'b010, 3'b110}) && (pcs_tb_top.dut_if.Dout[2] inside {3'b010, 3'b110})) && (pcs_tb_top.dut_if.Dout[1] inside {3'b010, 3'b110})) && (pcs_tb_top.dut_if.Dout[0] inside {3'b010, 3'b110}))'
Error: "uvm_tb.sv", 2305: pcs_tb_top.AST_ESD1_NONZERO: at time 7500000 ps
[ASSERT/ESD] ESD1: lane(s) not ±2 two cycles after TX_EN fall: got c97 @ 7500000
UVM_ERROR uvm_tb.sv(1312) @ 7508000: uvm_test_top.env.sb [SB/SYM] MISMATCH exp=db6 act=5b6 ph=PH_ESD cycle=932
"uvm_tb.sv", 2372: pcs_tb_top.AST_ESD_EXACTLY2: started at 7484000ps failed at 7516000ps
	Offending '(!((((pcs_tb_top.dut_if.Dout[3] inside {3'b010, 3'b110}) && (pcs_tb_top.dut_if.Dout[2] inside {3'b010, 3'b110})) && (pcs_tb_top.dut_if.Dout[1] inside {3'b010, 3'b110})) && (pcs_tb_top.dut_if.Dout[0] inside {3'b010, 3'b110})))'
Error: "uvm_tb.sv", 2372: pcs_tb_top.AST_ESD_EXACTLY2: at time 7516000 ps
[ASSERT/ORDER] All-±2 output persists after ESD2 (stuck in ESD?) @ 7516000
UVM_ERROR uvm_tb.sv(1312) @ 7524000: uvm_test_top.env.sb [SB/SYM] MISMATCH exp=000 act=030 ph=PH_SDD cycle=934
"uvm_tb.sv", 2275: pcs_tb_top.AST_SDD1_NONZERO: started at 7524000ps failed at 7524000ps
	Offending '((((pcs_tb_top.dut_if.Dout[3] inside {3'b010, 3'b110}) && (pcs_tb_top.dut_if.Dout[2] inside {3'b010, 3'b110})) && (pcs_tb_top.dut_if.Dout[1] inside {3'b010, 3'b110})) && (pcs_tb_top.dut_if.Dout[0] inside {3'b010, 3'b110}))'
Error: "uvm_tb.sv", 2275: pcs_tb_top.AST_SDD1_NONZERO: at time 7524000 ps
[ASSERT/SDD] SDD1: lane(s) not ±2 at TX_EN rise: got 030 @ 7524000
"uvm_tb.sv", 2355: pcs_tb_top.AST_SDD_EXACTLY2: started at 7524000ps failed at 7540000ps
	Offending '(!((((pcs_tb_top.dut_if.Dout[3] inside {3'b010, 3'b110}) && (pcs_tb_top.dut_if.Dout[2] inside {3'b010, 3'b110})) && (pcs_tb_top.dut_if.Dout[1] inside {3'b010, 3'b110})) && (pcs_tb_top.dut_if.Dout[0] inside {3'b010, 3'b110})))'
Error: "uvm_tb.sv", 2355: pcs_tb_top.AST_SDD_EXACTLY2: at time 7540000 ps
[ASSERT/ORDER] All-±2 output persists after SDD2 (stuck in SDD?) @ 7540000
UVM_ERROR uvm_tb.sv(1312) @ 7548000: uvm_test_top.env.sb [SB/SYM] MISMATCH exp=002 act=030 ph=PH_DATA cycle=937
UVM_ERROR uvm_tb.sv(1312) @ 7556000: uvm_test_top.env.sb [SB/SYM] MISMATCH exp=3c9 act=3cf ph=PH_CSR cycle=938
UVM_ERROR uvm_tb.sv(1312) @ 7564000: uvm_test_top.env.sb [SB/SYM] MISMATCH exp=5b6 act=591 ph=PH_CSR cycle=939
UVM_ERROR uvm_tb.sv(1312) @ 7572000: uvm_test_top.env.sb [SB/SYM] MISMATCH exp=c96 act=db6 ph=PH_ESD cycle=940
UVM_ERROR uvm_tb.sv(1312) @ 7580000: uvm_test_top.env.sb [SB/SYM] MISMATCH exp=db6 act=496 ph=PH_ESD cycle=941
"uvm_tb.sv", 2372: pcs_tb_top.AST_ESD_EXACTLY2: started at 7556000ps failed at 7588000ps
	Offending '(!((((pcs_tb_top.dut_if.Dout[3] inside {3'b010, 3'b110}) && (pcs_tb_top.dut_if.Dout[2] inside {3'b010, 3'b110})) && (pcs_tb_top.dut_if.Dout[1] inside {3'b010, 3'b110})) && (pcs_tb_top.dut_if.Dout[0] inside {3'b010, 3'b110})))'
Error: "uvm_tb.sv", 2372: pcs_tb_top.AST_ESD_EXACTLY2: at time 7588000 ps
[ASSERT/ORDER] All-±2 output persists after ESD2 (stuck in ESD?) @ 7588000
"uvm_tb.sv", 2355: pcs_tb_top.AST_SDD_EXACTLY2: started at 7588000ps failed at 7604000ps
	Offending '(!((((pcs_tb_top.dut_if.Dout[3] inside {3'b010, 3'b110}) && (pcs_tb_top.dut_if.Dout[2] inside {3'b010, 3'b110})) && (pcs_tb_top.dut_if.Dout[1] inside {3'b010, 3'b110})) && (pcs_tb_top.dut_if.Dout[0] inside {3'b010, 3'b110})))'
Error: "uvm_tb.sv", 2355: pcs_tb_top.AST_SDD_EXACTLY2: at time 7604000 ps
[ASSERT/ORDER] All-±2 output persists after SDD2 (stuck in SDD?) @ 7604000
UVM_ERROR uvm_tb.sv(1312) @ 7612000: uvm_test_top.env.sb [SB/SYM] MISMATCH exp=082 act=000 ph=PH_DATA cycle=945
UVM_ERROR uvm_tb.sv(1312) @ 7620000: uvm_test_top.env.sb [SB/SYM] MISMATCH exp=1f7 act=441 ph=PH_DATA cycle=946
UVM_ERROR uvm_tb.sv(1312) @ 7628000: uvm_test_top.env.sb [SB/SYM] MISMATCH exp=3b9 act=20a ph=PH_DATA cycle=947
UVM_ERROR uvm_tb.sv(1312) @ 7636000: uvm_test_top.env.sb [SB/SYM] MISMATCH exp=f8a act=2ba ph=PH_DATA cycle=948
UVM_ERROR uvm_tb.sv(1312) @ 7644000: uvm_test_top.env.sb [SB/SYM] MISMATCH exp=5bf act=08a ph=PH_DATA cycle=949
UVM_ERROR uvm_tb.sv(1312) @ 7652000: uvm_test_top.env.sb [SB/SYM] MISMATCH exp=e7e act=190 ph=PH_DATA cycle=950
UVM_ERROR uvm_tb.sv(1312) @ 7660000: uvm_test_top.env.sb [SB/SYM] MISMATCH exp=43f act=039 ph=PH_DATA cycle=951
UVM_ERROR uvm_tb.sv(1312) @ 7668000: uvm_test_top.env.sb [SB/SYM] MISMATCH exp=c38 act=ff0 ph=PH_CSR cycle=952
UVM_ERROR uvm_tb.sv(1312) @ 7676000: uvm_test_top.env.sb [SB/SYM] MISMATCH exp=d89 act=fbe ph=PH_CSR cycle=953
UVM_ERROR uvm_tb.sv(1312) @ 7684000: uvm_test_top.env.sb [SB/SYM] MISMATCH exp=c96 act=db7 ph=PH_ESD cycle=954
"uvm_tb.sv", 2305: pcs_tb_top.AST_ESD1_NONZERO: started at 7668000ps failed at 7684000ps
	Offending '((((pcs_tb_top.dut_if.Dout[3] inside {3'b010, 3'b110}) && (pcs_tb_top.dut_if.Dout[2] inside {3'b010, 3'b110})) && (pcs_tb_top.dut_if.Dout[1] inside {3'b010, 3'b110})) && (pcs_tb_top.dut_if.Dout[0] inside {3'b010, 3'b110}))'
Error: "uvm_tb.sv", 2305: pcs_tb_top.AST_ESD1_NONZERO: at time 7684000 ps
[ASSERT/ESD] ESD1: lane(s) not ±2 two cycles after TX_EN fall: got db7 @ 7684000
UVM_ERROR uvm_tb.sv(1312) @ 7692000: uvm_test_top.env.sb [SB/SYM] MISMATCH exp=db6 act=5b2 ph=PH_ESD cycle=955
"uvm_tb.sv", 2372: pcs_tb_top.AST_ESD_EXACTLY2: started at 7668000ps failed at 7700000ps
	Offending '(!((((pcs_tb_top.dut_if.Dout[3] inside {3'b010, 3'b110}) && (pcs_tb_top.dut_if.Dout[2] inside {3'b010, 3'b110})) && (pcs_tb_top.dut_if.Dout[1] inside {3'b010, 3'b110})) && (pcs_tb_top.dut_if.Dout[0] inside {3'b010, 3'b110})))'
Error: "uvm_tb.sv", 2372: pcs_tb_top.AST_ESD_EXACTLY2: at time 7700000 ps
[ASSERT/ORDER] All-±2 output persists after ESD2 (stuck in ESD?) @ 7700000
UVM_ERROR uvm_tb.sv(1312) @ 7716000: uvm_test_top.env.sb [SB/SYM] MISMATCH exp=000 act=0b6 ph=PH_IDLE cycle=958
UVM_ERROR uvm_tb.sv(1312) @ 7724000: uvm_test_top.env.sb [SB/SYM] MISMATCH exp=0b6 act=080 ph=PH_IDLE cycle=959
UVM_ERROR uvm_tb.sv(1312) @ 7732000: uvm_test_top.env.sb [SB/SYM] MISMATCH exp=1b6 act=036 ph=PH_SDD cycle=960
"uvm_tb.sv", 2275: pcs_tb_top.AST_SDD1_NONZERO: started at 7732000ps failed at 7732000ps
	Offending '((((pcs_tb_top.dut_if.Dout[3] inside {3'b010, 3'b110}) && (pcs_tb_top.dut_if.Dout[2] inside {3'b010, 3'b110})) && (pcs_tb_top.dut_if.Dout[1] inside {3'b010, 3'b110})) && (pcs_tb_top.dut_if.Dout[0] inside {3'b010, 3'b110}))'
Error: "uvm_tb.sv", 2275: pcs_tb_top.AST_SDD1_NONZERO: at time 7732000 ps
[ASSERT/SDD] SDD1: lane(s) not ±2 at TX_EN rise: got 036 @ 7732000
"uvm_tb.sv", 2355: pcs_tb_top.AST_SDD_EXACTLY2: started at 7732000ps failed at 7748000ps
	Offending '(!((((pcs_tb_top.dut_if.Dout[3] inside {3'b010, 3'b110}) && (pcs_tb_top.dut_if.Dout[2] inside {3'b010, 3'b110})) && (pcs_tb_top.dut_if.Dout[1] inside {3'b010, 3'b110})) && (pcs_tb_top.dut_if.Dout[0] inside {3'b010, 3'b110})))'
Error: "uvm_tb.sv", 2355: pcs_tb_top.AST_SDD_EXACTLY2: at time 7748000 ps
[ASSERT/ORDER] All-±2 output persists after SDD2 (stuck in SDD?) @ 7748000
UVM_ERROR uvm_tb.sv(1312) @ 7780000: uvm_test_top.env.sb [SB/SYM] MISMATCH exp=db6 act=c96 ph=PH_ESD cycle=966
"uvm_tb.sv", 2372: pcs_tb_top.AST_ESD_EXACTLY2: started at 7756000ps failed at 7788000ps
	Offending '(!((((pcs_tb_top.dut_if.Dout[3] inside {3'b010, 3'b110}) && (pcs_tb_top.dut_if.Dout[2] inside {3'b010, 3'b110})) && (pcs_tb_top.dut_if.Dout[1] inside {3'b010, 3'b110})) && (pcs_tb_top.dut_if.Dout[0] inside {3'b010, 3'b110})))'
Error: "uvm_tb.sv", 2372: pcs_tb_top.AST_ESD_EXACTLY2: at time 7788000 ps
[ASSERT/ORDER] All-±2 output persists after ESD2 (stuck in ESD?) @ 7788000
"uvm_tb.sv", 2355: pcs_tb_top.AST_SDD_EXACTLY2: started at 7788000ps failed at 7804000ps
	Offending '(!((((pcs_tb_top.dut_if.Dout[3] inside {3'b010, 3'b110}) && (pcs_tb_top.dut_if.Dout[2] inside {3'b010, 3'b110})) && (pcs_tb_top.dut_if.Dout[1] inside {3'b010, 3'b110})) && (pcs_tb_top.dut_if.Dout[0] inside {3'b010, 3'b110})))'
Error: "uvm_tb.sv", 2355: pcs_tb_top.AST_SDD_EXACTLY2: at time 7804000 ps
[ASSERT/ORDER] All-±2 output persists after SDD2 (stuck in SDD?) @ 7804000
UVM_ERROR uvm_tb.sv(1312) @ 7812000: uvm_test_top.env.sb [SB/SYM] MISMATCH exp=180 act=010 ph=PH_DATA cycle=970
UVM_ERROR uvm_tb.sv(1312) @ 7820000: uvm_test_top.env.sb [SB/SYM] MISMATCH exp=1f7 act=1c1 ph=PH_DATA cycle=971
UVM_ERROR uvm_tb.sv(1312) @ 7828000: uvm_test_top.env.sb [SB/SYM] MISMATCH exp=e71 act=270 ph=PH_DATA cycle=972
UVM_ERROR uvm_tb.sv(1312) @ 7836000: uvm_test_top.env.sb [SB/SYM] MISMATCH exp=47a act=c78 ph=PH_DATA cycle=973
UVM_ERROR uvm_tb.sv(1312) @ 7844000: uvm_test_top.env.sb [SB/SYM] MISMATCH exp=412 act=5b1 ph=PH_DATA cycle=974
UVM_ERROR uvm_tb.sv(1312) @ 7852000: uvm_test_top.env.sb [SB/SYM] MISMATCH exp=43f act=038 ph=PH_DATA cycle=975
UVM_ERROR uvm_tb.sv(1312) @ 7860000: uvm_test_top.env.sb [SB/SYM] MISMATCH exp=47f act=c4f ph=PH_DATA cycle=976
UVM_ERROR uvm_tb.sv(1312) @ 7868000: uvm_test_top.env.sb [SB/SYM] MISMATCH exp=1ca act=04e ph=PH_CSR cycle=977
UVM_ERROR uvm_tb.sv(1312) @ 7876000: uvm_test_top.env.sb [SB/SYM] MISMATCH exp=cb1 act=cb6 ph=PH_CSR cycle=978
UVM_ERROR uvm_tb.sv(1312) @ 7884000: uvm_test_top.env.sb [SB/SYM] MISMATCH exp=d89 act=4b6 ph=PH_ESD cycle=979
UVM_ERROR uvm_tb.sv(1312) @ 7892000: uvm_test_top.env.sb [SB/SYM] MISMATCH exp=db6 act=cb6 ph=PH_ESD cycle=980
"uvm_tb.sv", 2372: pcs_tb_top.AST_ESD_EXACTLY2: started at 7868000ps failed at 7900000ps
	Offending '(!((((pcs_tb_top.dut_if.Dout[3] inside {3'b010, 3'b110}) && (pcs_tb_top.dut_if.Dout[2] inside {3'b010, 3'b110})) && (pcs_tb_top.dut_if.Dout[1] inside {3'b010, 3'b110})) && (pcs_tb_top.dut_if.Dout[0] inside {3'b010, 3'b110})))'
Error: "uvm_tb.sv", 2372: pcs_tb_top.AST_ESD_EXACTLY2: at time 7900000 ps
[ASSERT/ORDER] All-±2 output persists after ESD2 (stuck in ESD?) @ 7900000
UVM_ERROR uvm_tb.sv(1312) @ 7908000: uvm_test_top.env.sb [SB/SYM] MISMATCH exp=182 act=000 ph=PH_IDLE cycle=982
UVM_ERROR uvm_tb.sv(1312) @ 7924000: uvm_test_top.env.sb [SB/SYM] MISMATCH exp=002 act=182 ph=PH_IDLE cycle=984
UVM_ERROR uvm_tb.sv(1312) @ 7932000: uvm_test_top.env.sb [SB/SYM] MISMATCH exp=cb0 act=032 ph=PH_IDLE cycle=985
UVM_ERROR uvm_tb.sv(1312) @ 7940000: uvm_test_top.env.sb [SB/SYM] MISMATCH exp=0b0 act=080 ph=PH_SDD cycle=986
"uvm_tb.sv", 2275: pcs_tb_top.AST_SDD1_NONZERO: started at 7940000ps failed at 7940000ps
	Offending '((((pcs_tb_top.dut_if.Dout[3] inside {3'b010, 3'b110}) && (pcs_tb_top.dut_if.Dout[2] inside {3'b010, 3'b110})) && (pcs_tb_top.dut_if.Dout[1] inside {3'b010, 3'b110})) && (pcs_tb_top.dut_if.Dout[0] inside {3'b010, 3'b110}))'
Error: "uvm_tb.sv", 2275: pcs_tb_top.AST_SDD1_NONZERO: at time 7940000 ps
[ASSERT/SDD] SDD1: lane(s) not ±2 at TX_EN rise: got 080 @ 7940000
"uvm_tb.sv", 2355: pcs_tb_top.AST_SDD_EXACTLY2: started at 7940000ps failed at 7956000ps
	Offending '(!((((pcs_tb_top.dut_if.Dout[3] inside {3'b010, 3'b110}) && (pcs_tb_top.dut_if.Dout[2] inside {3'b010, 3'b110})) && (pcs_tb_top.dut_if.Dout[1] inside {3'b010, 3'b110})) && (pcs_tb_top.dut_if.Dout[0] inside {3'b010, 3'b110})))'
Error: "uvm_tb.sv", 2355: pcs_tb_top.AST_SDD_EXACTLY2: at time 7956000 ps
[ASSERT/ORDER] All-±2 output persists after SDD2 (stuck in SDD?) @ 7956000
UVM_ERROR uvm_tb.sv(1312) @ 7964000: uvm_test_top.env.sb [SB/SYM] MISMATCH exp=db2 act=c02 ph=PH_DATA cycle=989
UVM_ERROR uvm_tb.sv(1312) @ 7972000: uvm_test_top.env.sb [SB/SYM] MISMATCH exp=480 act=0b2 ph=PH_DATA cycle=990
UVM_ERROR uvm_tb.sv(1312) @ 7980000: uvm_test_top.env.sb [SB/SYM] MISMATCH exp=eba act=dd2 ph=PH_DATA cycle=991
UVM_ERROR uvm_tb.sv(1312) @ 7988000: uvm_test_top.env.sb [SB/SYM] MISMATCH exp=2b0 act=f91 ph=PH_DATA cycle=992
UVM_ERROR uvm_tb.sv(1312) @ 7996000: uvm_test_top.env.sb [SB/SYM] MISMATCH exp=5f9 act=c78 ph=PH_DATA cycle=993
UVM_ERROR uvm_tb.sv(1312) @ 8004000: uvm_test_top.env.sb [SB/SYM] MISMATCH exp=382 act=397 ph=PH_DATA cycle=994
UVM_ERROR uvm_tb.sv(1312) @ 8012000: uvm_test_top.env.sb [SB/SYM] MISMATCH exp=48f act=43a ph=PH_DATA cycle=995
UVM_ERROR uvm_tb.sv(1312) @ 8020000: uvm_test_top.env.sb [SB/SYM] MISMATCH exp=581 act=ffa ph=PH_CSR cycle=996
UVM_ERROR uvm_tb.sv(1312) @ 8028000: uvm_test_top.env.sb [SB/SYM] MISMATCH exp=c8e act=496 ph=PH_CSR cycle=997
UVM_ERROR uvm_tb.sv(1312) @ 8036000: uvm_test_top.env.sb [SB/SYM] MISMATCH exp=d89 act=cb6 ph=PH_ESD cycle=998
UVM_ERROR uvm_tb.sv(1312) @ 8044000: uvm_test_top.env.sb [SB/SYM] MISMATCH exp=db6 act=d96 ph=PH_ESD cycle=999
"uvm_tb.sv", 2372: pcs_tb_top.AST_ESD_EXACTLY2: started at 8020000ps failed at 8052000ps
	Offending '(!((((pcs_tb_top.dut_if.Dout[3] inside {3'b010, 3'b110}) && (pcs_tb_top.dut_if.Dout[2] inside {3'b010, 3'b110})) && (pcs_tb_top.dut_if.Dout[1] inside {3'b010, 3'b110})) && (pcs_tb_top.dut_if.Dout[0] inside {3'b010, 3'b110})))'
Error: "uvm_tb.sv", 2372: pcs_tb_top.AST_ESD_EXACTLY2: at time 8052000 ps
[ASSERT/ORDER] All-±2 output persists after ESD2 (stuck in ESD?) @ 8052000
"uvm_tb.sv", 2355: pcs_tb_top.AST_SDD_EXACTLY2: started at 8044000ps failed at 8060000ps
	Offending '(!((((pcs_tb_top.dut_if.Dout[3] inside {3'b010, 3'b110}) && (pcs_tb_top.dut_if.Dout[2] inside {3'b010, 3'b110})) && (pcs_tb_top.dut_if.Dout[1] inside {3'b010, 3'b110})) && (pcs_tb_top.dut_if.Dout[0] inside {3'b010, 3'b110})))'
Error: "uvm_tb.sv", 2355: pcs_tb_top.AST_SDD_EXACTLY2: at time 8060000 ps
[ASSERT/ORDER] All-±2 output persists after SDD2 (stuck in SDD?) @ 8060000
UVM_ERROR uvm_tb.sv(1312) @ 8076000: uvm_test_top.env.sb [SB/SYM] MISMATCH exp=cb6 act=0b6 ph=PH_IDLE cycle=1003
UVM_ERROR uvm_tb.sv(1312) @ 8084000: uvm_test_top.env.sb [SB/SYM] MISMATCH exp=47a act=049 ph=PH_IDLE cycle=1004
UVM_ERROR uvm_tb.sv(1312) @ 8092000: uvm_test_top.env.sb [SB/SYM] MISMATCH exp=e38 act=fb8 ph=PH_IDLE cycle=1005
UVM_ERROR uvm_tb.sv(1312) @ 8100000: uvm_test_top.env.sb [SB/SYM] MISMATCH exp=3b1 act=592 ph=PH_IDLE cycle=1006
UVM_ERROR uvm_tb.sv(1312) @ 8108000: uvm_test_top.env.sb [SB/SYM] MISMATCH exp=c96 act=496 ph=PH_IDLE cycle=1007
UVM_ERROR uvm_tb.sv(1312) @ 8116000: uvm_test_top.env.sb [SB/SYM] MISMATCH exp=db6 act=c92 ph=PH_IDLE cycle=1008
"uvm_tb.sv", 2372: pcs_tb_top.AST_ESD_EXACTLY2: started at 8092000ps failed at 8124000ps
	Offending '(!((((pcs_tb_top.dut_if.Dout[3] inside {3'b010, 3'b110}) && (pcs_tb_top.dut_if.Dout[2] inside {3'b010, 3'b110})) && (pcs_tb_top.dut_if.Dout[1] inside {3'b010, 3'b110})) && (pcs_tb_top.dut_if.Dout[0] inside {3'b010, 3'b110})))'
Error: "uvm_tb.sv", 2372: pcs_tb_top.AST_ESD_EXACTLY2: at time 8124000 ps
[ASSERT/ORDER] All-±2 output persists after ESD2 (stuck in ESD?) @ 8124000
UVM_ERROR uvm_tb.sv(1312) @ 8140000: uvm_test_top.env.sb [SB/SYM] MISMATCH exp=c30 act=1b6 ph=PH_IDLE cycle=1011
UVM_ERROR uvm_tb.sv(1312) @ 8148000: uvm_test_top.env.sb [SB/SYM] MISMATCH exp=430 act=000 ph=PH_SDD cycle=1012
"uvm_tb.sv", 2275: pcs_tb_top.AST_SDD1_NONZERO: started at 8148000ps failed at 8148000ps
	Offending '((((pcs_tb_top.dut_if.Dout[3] inside {3'b010, 3'b110}) && (pcs_tb_top.dut_if.Dout[2] inside {3'b010, 3'b110})) && (pcs_tb_top.dut_if.Dout[1] inside {3'b010, 3'b110})) && (pcs_tb_top.dut_if.Dout[0] inside {3'b010, 3'b110}))'
Error: "uvm_tb.sv", 2275: pcs_tb_top.AST_SDD1_NONZERO: at time 8148000 ps
[ASSERT/SDD] SDD1: lane(s) not ±2 at TX_EN rise: got 000 @ 8148000
"uvm_tb.sv", 2355: pcs_tb_top.AST_SDD_EXACTLY2: started at 8148000ps failed at 8164000ps
	Offending '(!((((pcs_tb_top.dut_if.Dout[3] inside {3'b010, 3'b110}) && (pcs_tb_top.dut_if.Dout[2] inside {3'b010, 3'b110})) && (pcs_tb_top.dut_if.Dout[1] inside {3'b010, 3'b110})) && (pcs_tb_top.dut_if.Dout[0] inside {3'b010, 3'b110})))'
Error: "uvm_tb.sv", 2355: pcs_tb_top.AST_SDD_EXACTLY2: at time 8164000 ps
[ASSERT/ORDER] All-±2 output persists after SDD2 (stuck in SDD?) @ 8164000
UVM_ERROR uvm_tb.sv(1312) @ 8172000: uvm_test_top.env.sb [SB/SYM] MISMATCH exp=082 act=012 ph=PH_DATA cycle=1015
UVM_ERROR uvm_tb.sv(1312) @ 8180000: uvm_test_top.env.sb [SB/SYM] MISMATCH exp=38e act=2ba ph=PH_DATA cycle=1016
UVM_ERROR uvm_tb.sv(1312) @ 8188000: uvm_test_top.env.sb [SB/SYM] MISMATCH exp=050 act=046 ph=PH_DATA cycle=1017
UVM_ERROR uvm_tb.sv(1312) @ 8196000: uvm_test_top.env.sb [SB/SYM] MISMATCH exp=e8e act=e0a ph=PH_CSR cycle=1018
UVM_ERROR uvm_tb.sv(1312) @ 8204000: uvm_test_top.env.sb [SB/SYM] MISMATCH exp=c96 act=f8a ph=PH_CSR cycle=1019
UVM_ERROR uvm_tb.sv(1312) @ 8212000: uvm_test_top.env.sb [SB/SYM] MISMATCH exp=c96 act=497 ph=PH_ESD cycle=1020
"uvm_tb.sv", 2305: pcs_tb_top.AST_ESD1_NONZERO: started at 8196000ps failed at 8212000ps
	Offending '((((pcs_tb_top.dut_if.Dout[3] inside {3'b010, 3'b110}) && (pcs_tb_top.dut_if.Dout[2] inside {3'b010, 3'b110})) && (pcs_tb_top.dut_if.Dout[1] inside {3'b010, 3'b110})) && (pcs_tb_top.dut_if.Dout[0] inside {3'b010, 3'b110}))'
Error: "uvm_tb.sv", 2305: pcs_tb_top.AST_ESD1_NONZERO: at time 8212000 ps
[ASSERT/ESD] ESD1: lane(s) not ±2 two cycles after TX_EN fall: got 497 @ 8212000
"uvm_tb.sv", 2372: pcs_tb_top.AST_ESD_EXACTLY2: started at 8196000ps failed at 8228000ps
	Offending '(!((((pcs_tb_top.dut_if.Dout[3] inside {3'b010, 3'b110}) && (pcs_tb_top.dut_if.Dout[2] inside {3'b010, 3'b110})) && (pcs_tb_top.dut_if.Dout[1] inside {3'b010, 3'b110})) && (pcs_tb_top.dut_if.Dout[0] inside {3'b010, 3'b110})))'
Error: "uvm_tb.sv", 2372: pcs_tb_top.AST_ESD_EXACTLY2: at time 8228000 ps
[ASSERT/ORDER] All-±2 output persists after ESD2 (stuck in ESD?) @ 8228000
"uvm_tb.sv", 2355: pcs_tb_top.AST_SDD_EXACTLY2: started at 8228000ps failed at 8244000ps
	Offending '(!((((pcs_tb_top.dut_if.Dout[3] inside {3'b010, 3'b110}) && (pcs_tb_top.dut_if.Dout[2] inside {3'b010, 3'b110})) && (pcs_tb_top.dut_if.Dout[1] inside {3'b010, 3'b110})) && (pcs_tb_top.dut_if.Dout[0] inside {3'b010, 3'b110})))'
Error: "uvm_tb.sv", 2355: pcs_tb_top.AST_SDD_EXACTLY2: at time 8244000 ps
[ASSERT/ORDER] All-±2 output persists after SDD2 (stuck in SDD?) @ 8244000
UVM_ERROR uvm_tb.sv(1312) @ 8252000: uvm_test_top.env.sb [SB/SYM] MISMATCH exp=430 act=182 ph=PH_DATA cycle=1025
UVM_ERROR uvm_tb.sv(1312) @ 8260000: uvm_test_top.env.sb [SB/SYM] MISMATCH exp=fb8 act=fbe ph=PH_DATA cycle=1026
UVM_ERROR uvm_tb.sv(1312) @ 8268000: uvm_test_top.env.sb [SB/SYM] MISMATCH exp=3c8 act=27e ph=PH_DATA cycle=1027
UVM_ERROR uvm_tb.sv(1312) @ 8276000: uvm_test_top.env.sb [SB/SYM] MISMATCH exp=e02 act=e97 ph=PH_DATA cycle=1028
UVM_ERROR uvm_tb.sv(1312) @ 8284000: uvm_test_top.env.sb [SB/SYM] MISMATCH exp=5bf act=e42 ph=PH_DATA cycle=1029
UVM_ERROR uvm_tb.sv(1312) @ 8292000: uvm_test_top.env.sb [SB/SYM] MISMATCH exp=e82 act=210 ph=PH_CSR cycle=1030
UVM_ERROR uvm_tb.sv(1312) @ 8300000: uvm_test_top.env.sb [SB/SYM] MISMATCH exp=c56 act=5d6 ph=PH_CSR cycle=1031
UVM_ERROR uvm_tb.sv(1312) @ 8308000: uvm_test_top.env.sb [SB/SYM] MISMATCH exp=d89 act=db1 ph=PH_ESD cycle=1032
"uvm_tb.sv", 2305: pcs_tb_top.AST_ESD1_NONZERO: started at 8292000ps failed at 8308000ps
	Offending '((((pcs_tb_top.dut_if.Dout[3] inside {3'b010, 3'b110}) && (pcs_tb_top.dut_if.Dout[2] inside {3'b010, 3'b110})) && (pcs_tb_top.dut_if.Dout[1] inside {3'b010, 3'b110})) && (pcs_tb_top.dut_if.Dout[0] inside {3'b010, 3'b110}))'
Error: "uvm_tb.sv", 2305: pcs_tb_top.AST_ESD1_NONZERO: at time 8308000 ps
[ASSERT/ESD] ESD1: lane(s) not ±2 two cycles after TX_EN fall: got db1 @ 8308000
"uvm_tb.sv", 2372: pcs_tb_top.AST_ESD_EXACTLY2: started at 8292000ps failed at 8324000ps
	Offending '(!((((pcs_tb_top.dut_if.Dout[3] inside {3'b010, 3'b110}) && (pcs_tb_top.dut_if.Dout[2] inside {3'b010, 3'b110})) && (pcs_tb_top.dut_if.Dout[1] inside {3'b010, 3'b110})) && (pcs_tb_top.dut_if.Dout[0] inside {3'b010, 3'b110})))'
Error: "uvm_tb.sv", 2372: pcs_tb_top.AST_ESD_EXACTLY2: at time 8324000 ps
[ASSERT/ORDER] All-±2 output persists after ESD2 (stuck in ESD?) @ 8324000
"uvm_tb.sv", 2355: pcs_tb_top.AST_SDD_EXACTLY2: started at 8316000ps failed at 8332000ps
	Offending '(!((((pcs_tb_top.dut_if.Dout[3] inside {3'b010, 3'b110}) && (pcs_tb_top.dut_if.Dout[2] inside {3'b010, 3'b110})) && (pcs_tb_top.dut_if.Dout[1] inside {3'b010, 3'b110})) && (pcs_tb_top.dut_if.Dout[0] inside {3'b010, 3'b110})))'
Error: "uvm_tb.sv", 2355: pcs_tb_top.AST_SDD_EXACTLY2: at time 8332000 ps
[ASSERT/ORDER] All-±2 output persists after SDD2 (stuck in SDD?) @ 8332000
UVM_ERROR uvm_tb.sv(1312) @ 8348000: uvm_test_top.env.sb [SB/SYM] MISMATCH exp=5f7 act=051 ph=PH_IDLE cycle=1037
UVM_ERROR uvm_tb.sv(1312) @ 8356000: uvm_test_top.env.sb [SB/SYM] MISMATCH exp=011 act=090 ph=PH_IDLE cycle=1038
UVM_ERROR uvm_tb.sv(1312) @ 8364000: uvm_test_top.env.sb [SB/SYM] MISMATCH exp=47f act=c4f ph=PH_IDLE cycle=1039
UVM_ERROR uvm_tb.sv(1312) @ 8380000: uvm_test_top.env.sb [SB/SYM] MISMATCH exp=3d6 act=1bf ph=PH_IDLE cycle=1041
UVM_ERROR uvm_tb.sv(1312) @ 8388000: uvm_test_top.env.sb [SB/SYM] MISMATCH exp=5f8 act=07e ph=PH_IDLE cycle=1042
UVM_ERROR uvm_tb.sv(1312) @ 8396000: uvm_test_top.env.sb [SB/SYM] MISMATCH exp=3b1 act=c76 ph=PH_IDLE cycle=1043
UVM_ERROR uvm_tb.sv(1312) @ 8404000: uvm_test_top.env.sb [SB/SYM] MISMATCH exp=c96 act=5b1 ph=PH_IDLE cycle=1044
"uvm_tb.sv", 2305: pcs_tb_top.AST_ESD1_NONZERO: started at 8388000ps failed at 8404000ps
	Offending '((((pcs_tb_top.dut_if.Dout[3] inside {3'b010, 3'b110}) && (pcs_tb_top.dut_if.Dout[2] inside {3'b010, 3'b110})) && (pcs_tb_top.dut_if.Dout[1] inside {3'b010, 3'b110})) && (pcs_tb_top.dut_if.Dout[0] inside {3'b010, 3'b110}))'
Error: "uvm_tb.sv", 2305: pcs_tb_top.AST_ESD1_NONZERO: at time 8404000 ps
[ASSERT/ESD] ESD1: lane(s) not ±2 two cycles after TX_EN fall: got 5b1 @ 8404000
UVM_ERROR uvm_tb.sv(1312) @ 8412000: uvm_test_top.env.sb [SB/SYM] MISMATCH exp=db6 act=4b6 ph=PH_IDLE cycle=1045
"uvm_tb.sv", 2372: pcs_tb_top.AST_ESD_EXACTLY2: started at 8388000ps failed at 8420000ps
	Offending '(!((((pcs_tb_top.dut_if.Dout[3] inside {3'b010, 3'b110}) && (pcs_tb_top.dut_if.Dout[2] inside {3'b010, 3'b110})) && (pcs_tb_top.dut_if.Dout[1] inside {3'b010, 3'b110})) && (pcs_tb_top.dut_if.Dout[0] inside {3'b010, 3'b110})))'
Error: "uvm_tb.sv", 2372: pcs_tb_top.AST_ESD_EXACTLY2: at time 8420000 ps
[ASSERT/ORDER] All-±2 output persists after ESD2 (stuck in ESD?) @ 8420000
"uvm_tb.sv", 2355: pcs_tb_top.AST_SDD_EXACTLY2: started at 8420000ps failed at 8436000ps
	Offending '(!((((pcs_tb_top.dut_if.Dout[3] inside {3'b010, 3'b110}) && (pcs_tb_top.dut_if.Dout[2] inside {3'b010, 3'b110})) && (pcs_tb_top.dut_if.Dout[1] inside {3'b010, 3'b110})) && (pcs_tb_top.dut_if.Dout[0] inside {3'b010, 3'b110})))'
Error: "uvm_tb.sv", 2355: pcs_tb_top.AST_SDD_EXACTLY2: at time 8436000 ps
[ASSERT/ORDER] All-±2 output persists after SDD2 (stuck in SDD?) @ 8436000
UVM_ERROR uvm_tb.sv(1312) @ 8444000: uvm_test_top.env.sb [SB/SYM] MISMATCH exp=406 act=000 ph=PH_DATA cycle=1049
UVM_ERROR uvm_tb.sv(1312) @ 8452000: uvm_test_top.env.sb [SB/SYM] MISMATCH exp=1c7 act=071 ph=PH_CSR cycle=1050
UVM_ERROR uvm_tb.sv(1312) @ 8460000: uvm_test_top.env.sb [SB/SYM] MISMATCH exp=fb6 act=e8e ph=PH_CSR cycle=1051
UVM_ERROR uvm_tb.sv(1312) @ 8468000: uvm_test_top.env.sb [SB/SYM] MISMATCH exp=d89 act=4b1 ph=PH_ESD cycle=1052
"uvm_tb.sv", 2305: pcs_tb_top.AST_ESD1_NONZERO: started at 8452000ps failed at 8468000ps
	Offending '((((pcs_tb_top.dut_if.Dout[3] inside {3'b010, 3'b110}) && (pcs_tb_top.dut_if.Dout[2] inside {3'b010, 3'b110})) && (pcs_tb_top.dut_if.Dout[1] inside {3'b010, 3'b110})) && (pcs_tb_top.dut_if.Dout[0] inside {3'b010, 3'b110}))'
Error: "uvm_tb.sv", 2305: pcs_tb_top.AST_ESD1_NONZERO: at time 8468000 ps
[ASSERT/ESD] ESD1: lane(s) not ±2 two cycles after TX_EN fall: got 4b1 @ 8468000
UVM_ERROR uvm_tb.sv(1312) @ 8476000: uvm_test_top.env.sb [SB/SYM] MISMATCH exp=db6 act=d92 ph=PH_ESD cycle=1053
"uvm_tb.sv", 2372: pcs_tb_top.AST_ESD_EXACTLY2: started at 8452000ps failed at 8484000ps
	Offending '(!((((pcs_tb_top.dut_if.Dout[3] inside {3'b010, 3'b110}) && (pcs_tb_top.dut_if.Dout[2] inside {3'b010, 3'b110})) && (pcs_tb_top.dut_if.Dout[1] inside {3'b010, 3'b110})) && (pcs_tb_top.dut_if.Dout[0] inside {3'b010, 3'b110})))'
Error: "uvm_tb.sv", 2372: pcs_tb_top.AST_ESD_EXACTLY2: at time 8484000 ps
[ASSERT/ORDER] All-±2 output persists after ESD2 (stuck in ESD?) @ 8484000
UVM_ERROR uvm_tb.sv(1312) @ 8492000: uvm_test_top.env.sb [SB/SYM] MISMATCH exp=030 act=1b0 ph=PH_IDLE cycle=1055
UVM_ERROR uvm_tb.sv(1312) @ 8500000: uvm_test_top.env.sb [SB/SYM] MISMATCH exp=c00 act=006 ph=PH_IDLE cycle=1056
UVM_ERROR uvm_tb.sv(1312) @ 8508000: uvm_test_top.env.sb [SB/SYM] MISMATCH exp=596 act=016 ph=PH_SDD cycle=1057
"uvm_tb.sv", 2275: pcs_tb_top.AST_SDD1_NONZERO: started at 8508000ps failed at 8508000ps
	Offending '((((pcs_tb_top.dut_if.Dout[3] inside {3'b010, 3'b110}) && (pcs_tb_top.dut_if.Dout[2] inside {3'b010, 3'b110})) && (pcs_tb_top.dut_if.Dout[1] inside {3'b010, 3'b110})) && (pcs_tb_top.dut_if.Dout[0] inside {3'b010, 3'b110}))'
Error: "uvm_tb.sv", 2275: pcs_tb_top.AST_SDD1_NONZERO: at time 8508000 ps
[ASSERT/SDD] SDD1: lane(s) not ±2 at TX_EN rise: got 016 @ 8508000
"uvm_tb.sv", 2355: pcs_tb_top.AST_SDD_EXACTLY2: started at 8508000ps failed at 8524000ps
	Offending '(!((((pcs_tb_top.dut_if.Dout[3] inside {3'b010, 3'b110}) && (pcs_tb_top.dut_if.Dout[2] inside {3'b010, 3'b110})) && (pcs_tb_top.dut_if.Dout[1] inside {3'b010, 3'b110})) && (pcs_tb_top.dut_if.Dout[0] inside {3'b010, 3'b110})))'
Error: "uvm_tb.sv", 2355: pcs_tb_top.AST_SDD_EXACTLY2: at time 8524000 ps
[ASSERT/ORDER] All-±2 output persists after SDD2 (stuck in SDD?) @ 8524000
UVM_ERROR uvm_tb.sv(1312) @ 8532000: uvm_test_top.env.sb [SB/SYM] MISMATCH exp=016 act=096 ph=PH_DATA cycle=1060
UVM_ERROR uvm_tb.sv(1312) @ 8540000: uvm_test_top.env.sb [SB/SYM] MISMATCH exp=20a act=3be ph=PH_DATA cycle=1061
UVM_ERROR uvm_tb.sv(1312) @ 8548000: uvm_test_top.env.sb [SB/SYM] MISMATCH exp=24e act=5b7 ph=PH_DATA cycle=1062
UVM_ERROR uvm_tb.sv(1312) @ 8556000: uvm_test_top.env.sb [SB/SYM] MISMATCH exp=280 act=e36 ph=PH_DATA cycle=1063
UVM_ERROR uvm_tb.sv(1312) @ 8564000: uvm_test_top.env.sb [SB/SYM] MISMATCH exp=447 act=1c2 ph=PH_DATA cycle=1064
UVM_ERROR uvm_tb.sv(1312) @ 8572000: uvm_test_top.env.sb [SB/SYM] MISMATCH exp=e00 act=e01 ph=PH_DATA cycle=1065
UVM_ERROR uvm_tb.sv(1312) @ 8580000: uvm_test_top.env.sb [SB/SYM] MISMATCH exp=489 act=db8 ph=PH_DATA cycle=1066
UVM_ERROR uvm_tb.sv(1312) @ 8588000: uvm_test_top.env.sb [SB/SYM] MISMATCH exp=f88 act=3be ph=PH_CSR cycle=1067
UVM_ERROR uvm_tb.sv(1312) @ 8596000: uvm_test_top.env.sb [SB/SYM] MISMATCH exp=3b1 act=3be ph=PH_CSR cycle=1068
UVM_ERROR uvm_tb.sv(1312) @ 8604000: uvm_test_top.env.sb [SB/SYM] MISMATCH exp=c96 act=497 ph=PH_ESD cycle=1069
"uvm_tb.sv", 2305: pcs_tb_top.AST_ESD1_NONZERO: started at 8588000ps failed at 8604000ps
	Offending '((((pcs_tb_top.dut_if.Dout[3] inside {3'b010, 3'b110}) && (pcs_tb_top.dut_if.Dout[2] inside {3'b010, 3'b110})) && (pcs_tb_top.dut_if.Dout[1] inside {3'b010, 3'b110})) && (pcs_tb_top.dut_if.Dout[0] inside {3'b010, 3'b110}))'
Error: "uvm_tb.sv", 2305: pcs_tb_top.AST_ESD1_NONZERO: at time 8604000 ps
[ASSERT/ESD] ESD1: lane(s) not ±2 two cycles after TX_EN fall: got 497 @ 8604000
UVM_ERROR uvm_tb.sv(1312) @ 8612000: uvm_test_top.env.sb [SB/SYM] MISMATCH exp=db6 act=496 ph=PH_ESD cycle=1070
"uvm_tb.sv", 2372: pcs_tb_top.AST_ESD_EXACTLY2: started at 8588000ps failed at 8620000ps
	Offending '(!((((pcs_tb_top.dut_if.Dout[3] inside {3'b010, 3'b110}) && (pcs_tb_top.dut_if.Dout[2] inside {3'b010, 3'b110})) && (pcs_tb_top.dut_if.Dout[1] inside {3'b010, 3'b110})) && (pcs_tb_top.dut_if.Dout[0] inside {3'b010, 3'b110})))'
Error: "uvm_tb.sv", 2372: pcs_tb_top.AST_ESD_EXACTLY2: at time 8620000 ps
[ASSERT/ORDER] All-±2 output persists after ESD2 (stuck in ESD?) @ 8620000
UVM_ERROR uvm_tb.sv(1312) @ 8628000: uvm_test_top.env.sb [SB/SYM] MISMATCH exp=186 act=000 ph=PH_IDLE cycle=1072
UVM_ERROR uvm_tb.sv(1312) @ 8636000: uvm_test_top.env.sb [SB/SYM] MISMATCH exp=010 act=090 ph=PH_SDD cycle=1073
"uvm_tb.sv", 2275: pcs_tb_top.AST_SDD1_NONZERO: started at 8636000ps failed at 8636000ps
	Offending '((((pcs_tb_top.dut_if.Dout[3] inside {3'b010, 3'b110}) && (pcs_tb_top.dut_if.Dout[2] inside {3'b010, 3'b110})) && (pcs_tb_top.dut_if.Dout[1] inside {3'b010, 3'b110})) && (pcs_tb_top.dut_if.Dout[0] inside {3'b010, 3'b110}))'
Error: "uvm_tb.sv", 2275: pcs_tb_top.AST_SDD1_NONZERO: at time 8636000 ps
[ASSERT/SDD] SDD1: lane(s) not ±2 at TX_EN rise: got 090 @ 8636000
"uvm_tb.sv", 2355: pcs_tb_top.AST_SDD_EXACTLY2: started at 8636000ps failed at 8652000ps
	Offending '(!((((pcs_tb_top.dut_if.Dout[3] inside {3'b010, 3'b110}) && (pcs_tb_top.dut_if.Dout[2] inside {3'b010, 3'b110})) && (pcs_tb_top.dut_if.Dout[1] inside {3'b010, 3'b110})) && (pcs_tb_top.dut_if.Dout[0] inside {3'b010, 3'b110})))'
Error: "uvm_tb.sv", 2355: pcs_tb_top.AST_SDD_EXACTLY2: at time 8652000 ps
[ASSERT/ORDER] All-±2 output persists after SDD2 (stuck in SDD?) @ 8652000
UVM_ERROR uvm_tb.sv(1312) @ 8668000: uvm_test_top.env.sb [SB/SYM] MISMATCH exp=592 act=032 ph=PH_DATA cycle=1077
UVM_ERROR uvm_tb.sv(1312) @ 8676000: uvm_test_top.env.sb [SB/SYM] MISMATCH exp=f87 act=3b6 ph=PH_DATA cycle=1078
UVM_ERROR uvm_tb.sv(1312) @ 8684000: uvm_test_top.env.sb [SB/SYM] MISMATCH exp=250 act=3f7 ph=PH_DATA cycle=1079
UVM_ERROR uvm_tb.sv(1312) @ 8692000: uvm_test_top.env.sb [SB/SYM] MISMATCH exp=04e act=1ca ph=PH_DATA cycle=1080
UVM_ERROR uvm_tb.sv(1312) @ 8700000: uvm_test_top.env.sb [SB/SYM] MISMATCH exp=cb9 act=3d7 ph=PH_CSR cycle=1081
UVM_ERROR uvm_tb.sv(1312) @ 8708000: uvm_test_top.env.sb [SB/SYM] MISMATCH exp=c96 act=d97 ph=PH_CSR cycle=1082
UVM_ERROR uvm_tb.sv(1312) @ 8716000: uvm_test_top.env.sb [SB/SYM] MISMATCH exp=c96 act=d96 ph=PH_ESD cycle=1083
UVM_ERROR uvm_tb.sv(1312) @ 8724000: uvm_test_top.env.sb [SB/SYM] MISMATCH exp=db6 act=592 ph=PH_ESD cycle=1084
"uvm_tb.sv", 2372: pcs_tb_top.AST_ESD_EXACTLY2: started at 8700000ps failed at 8732000ps
	Offending '(!((((pcs_tb_top.dut_if.Dout[3] inside {3'b010, 3'b110}) && (pcs_tb_top.dut_if.Dout[2] inside {3'b010, 3'b110})) && (pcs_tb_top.dut_if.Dout[1] inside {3'b010, 3'b110})) && (pcs_tb_top.dut_if.Dout[0] inside {3'b010, 3'b110})))'
Error: "uvm_tb.sv", 2372: pcs_tb_top.AST_ESD_EXACTLY2: at time 8732000 ps
[ASSERT/ORDER] All-±2 output persists after ESD2 (stuck in ESD?) @ 8732000
UVM_ERROR uvm_tb.sv(1312) @ 8740000: uvm_test_top.env.sb [SB/SYM] MISMATCH exp=002 act=080 ph=PH_SDD cycle=1086
"uvm_tb.sv", 2275: pcs_tb_top.AST_SDD1_NONZERO: started at 8740000ps failed at 8740000ps
	Offending '((((pcs_tb_top.dut_if.Dout[3] inside {3'b010, 3'b110}) && (pcs_tb_top.dut_if.Dout[2] inside {3'b010, 3'b110})) && (pcs_tb_top.dut_if.Dout[1] inside {3'b010, 3'b110})) && (pcs_tb_top.dut_if.Dout[0] inside {3'b010, 3'b110}))'
Error: "uvm_tb.sv", 2275: pcs_tb_top.AST_SDD1_NONZERO: at time 8740000 ps
[ASSERT/SDD] SDD1: lane(s) not ±2 at TX_EN rise: got 080 @ 8740000
"uvm_tb.sv", 2355: pcs_tb_top.AST_SDD_EXACTLY2: started at 8740000ps failed at 8756000ps
	Offending '(!((((pcs_tb_top.dut_if.Dout[3] inside {3'b010, 3'b110}) && (pcs_tb_top.dut_if.Dout[2] inside {3'b010, 3'b110})) && (pcs_tb_top.dut_if.Dout[1] inside {3'b010, 3'b110})) && (pcs_tb_top.dut_if.Dout[0] inside {3'b010, 3'b110})))'
Error: "uvm_tb.sv", 2355: pcs_tb_top.AST_SDD_EXACTLY2: at time 8756000 ps
[ASSERT/ORDER] All-±2 output persists after SDD2 (stuck in SDD?) @ 8756000
UVM_ERROR uvm_tb.sv(1312) @ 8764000: uvm_test_top.env.sb [SB/SYM] MISMATCH exp=002 act=082 ph=PH_DATA cycle=1089
UVM_ERROR uvm_tb.sv(1312) @ 8772000: uvm_test_top.env.sb [SB/SYM] MISMATCH exp=1d7 act=057 ph=PH_DATA cycle=1090
UVM_ERROR uvm_tb.sv(1312) @ 8780000: uvm_test_top.env.sb [SB/SYM] MISMATCH exp=1b7 act=1b0 ph=PH_DATA cycle=1091
UVM_ERROR uvm_tb.sv(1312) @ 8788000: uvm_test_top.env.sb [SB/SYM] MISMATCH exp=28f act=e08 ph=PH_CSR cycle=1092
UVM_ERROR uvm_tb.sv(1312) @ 8796000: uvm_test_top.env.sb [SB/SYM] MISMATCH exp=c8e act=cb7 ph=PH_CSR cycle=1093
UVM_ERROR uvm_tb.sv(1312) @ 8804000: uvm_test_top.env.sb [SB/SYM] MISMATCH exp=d89 act=596 ph=PH_ESD cycle=1094
UVM_ERROR uvm_tb.sv(1312) @ 8812000: uvm_test_top.env.sb [SB/SYM] MISMATCH exp=db6 act=cb2 ph=PH_ESD cycle=1095
"uvm_tb.sv", 2372: pcs_tb_top.AST_ESD_EXACTLY2: started at 8788000ps failed at 8820000ps
	Offending '(!((((pcs_tb_top.dut_if.Dout[3] inside {3'b010, 3'b110}) && (pcs_tb_top.dut_if.Dout[2] inside {3'b010, 3'b110})) && (pcs_tb_top.dut_if.Dout[1] inside {3'b010, 3'b110})) && (pcs_tb_top.dut_if.Dout[0] inside {3'b010, 3'b110})))'
Error: "uvm_tb.sv", 2372: pcs_tb_top.AST_ESD_EXACTLY2: at time 8820000 ps
[ASSERT/ORDER] All-±2 output persists after ESD2 (stuck in ESD?) @ 8820000
UVM_ERROR uvm_tb.sv(1312) @ 8828000: uvm_test_top.env.sb [SB/SYM] MISMATCH exp=080 act=000 ph=PH_IDLE cycle=1097
UVM_ERROR uvm_tb.sv(1312) @ 8836000: uvm_test_top.env.sb [SB/SYM] MISMATCH exp=c96 act=096 ph=PH_SDD cycle=1098
"uvm_tb.sv", 2275: pcs_tb_top.AST_SDD1_NONZERO: started at 8836000ps failed at 8836000ps
	Offending '((((pcs_tb_top.dut_if.Dout[3] inside {3'b010, 3'b110}) && (pcs_tb_top.dut_if.Dout[2] inside {3'b010, 3'b110})) && (pcs_tb_top.dut_if.Dout[1] inside {3'b010, 3'b110})) && (pcs_tb_top.dut_if.Dout[0] inside {3'b010, 3'b110}))'
Error: "uvm_tb.sv", 2275: pcs_tb_top.AST_SDD1_NONZERO: at time 8836000 ps
[ASSERT/SDD] SDD1: lane(s) not ±2 at TX_EN rise: got 096 @ 8836000
"uvm_tb.sv", 2355: pcs_tb_top.AST_SDD_EXACTLY2: started at 8836000ps failed at 8852000ps
	Offending '(!((((pcs_tb_top.dut_if.Dout[3] inside {3'b010, 3'b110}) && (pcs_tb_top.dut_if.Dout[2] inside {3'b010, 3'b110})) && (pcs_tb_top.dut_if.Dout[1] inside {3'b010, 3'b110})) && (pcs_tb_top.dut_if.Dout[0] inside {3'b010, 3'b110})))'
Error: "uvm_tb.sv", 2355: pcs_tb_top.AST_SDD_EXACTLY2: at time 8852000 ps
[ASSERT/ORDER] All-±2 output persists after SDD2 (stuck in SDD?) @ 8852000
UVM_ERROR uvm_tb.sv(1312) @ 8860000: uvm_test_top.env.sb [SB/SYM] MISMATCH exp=000 act=006 ph=PH_DATA cycle=1101
UVM_ERROR uvm_tb.sv(1312) @ 8868000: uvm_test_top.env.sb [SB/SYM] MISMATCH exp=5c7 act=047 ph=PH_DATA cycle=1102
UVM_ERROR uvm_tb.sv(1312) @ 8876000: uvm_test_top.env.sb [SB/SYM] MISMATCH exp=fb9 act=fbe ph=PH_DATA cycle=1103
UVM_ERROR uvm_tb.sv(1312) @ 8884000: uvm_test_top.env.sb [SB/SYM] MISMATCH exp=c80 act=011 ph=PH_DATA cycle=1104
UVM_ERROR uvm_tb.sv(1312) @ 8892000: uvm_test_top.env.sb [SB/SYM] MISMATCH exp=5c9 act=44a ph=PH_DATA cycle=1105
UVM_ERROR uvm_tb.sv(1312) @ 8900000: uvm_test_top.env.sb [SB/SYM] MISMATCH exp=4b1 act=d90 ph=PH_DATA cycle=1106
UVM_ERROR uvm_tb.sv(1312) @ 8908000: uvm_test_top.env.sb [SB/SYM] MISMATCH exp=c42 act=1f0 ph=PH_DATA cycle=1107
UVM_ERROR uvm_tb.sv(1312) @ 8916000: uvm_test_top.env.sb [SB/SYM] MISMATCH exp=c89 act=257 ph=PH_CSR cycle=1108
UVM_ERROR uvm_tb.sv(1312) @ 8924000: uvm_test_top.env.sb [SB/SYM] MISMATCH exp=2b6 act=492 ph=PH_CSR cycle=1109
UVM_ERROR uvm_tb.sv(1312) @ 8932000: uvm_test_top.env.sb [SB/SYM] MISMATCH exp=d89 act=496 ph=PH_ESD cycle=1110
UVM_ERROR uvm_tb.sv(1312) @ 8940000: uvm_test_top.env.sb [SB/SYM] MISMATCH exp=db6 act=c96 ph=PH_ESD cycle=1111
"uvm_tb.sv", 2372: pcs_tb_top.AST_ESD_EXACTLY2: started at 8916000ps failed at 8948000ps
	Offending '(!((((pcs_tb_top.dut_if.Dout[3] inside {3'b010, 3'b110}) && (pcs_tb_top.dut_if.Dout[2] inside {3'b010, 3'b110})) && (pcs_tb_top.dut_if.Dout[1] inside {3'b010, 3'b110})) && (pcs_tb_top.dut_if.Dout[0] inside {3'b010, 3'b110})))'
Error: "uvm_tb.sv", 2372: pcs_tb_top.AST_ESD_EXACTLY2: at time 8948000 ps
[ASSERT/ORDER] All-±2 output persists after ESD2 (stuck in ESD?) @ 8948000
"uvm_tb.sv", 2355: pcs_tb_top.AST_SDD_EXACTLY2: started at 8940000ps failed at 8956000ps
	Offending '(!((((pcs_tb_top.dut_if.Dout[3] inside {3'b010, 3'b110}) && (pcs_tb_top.dut_if.Dout[2] inside {3'b010, 3'b110})) && (pcs_tb_top.dut_if.Dout[1] inside {3'b010, 3'b110})) && (pcs_tb_top.dut_if.Dout[0] inside {3'b010, 3'b110})))'
Error: "uvm_tb.sv", 2355: pcs_tb_top.AST_SDD_EXACTLY2: at time 8956000 ps
[ASSERT/ORDER] All-±2 output persists after SDD2 (stuck in SDD?) @ 8956000
UVM_ERROR uvm_tb.sv(1312) @ 8972000: uvm_test_top.env.sb [SB/SYM] MISMATCH exp=fc2 act=3d2 ph=PH_IDLE cycle=1115
UVM_ERROR uvm_tb.sv(1312) @ 8980000: uvm_test_top.env.sb [SB/SYM] MISMATCH exp=212 act=392 ph=PH_IDLE cycle=1116
UVM_ERROR uvm_tb.sv(1312) @ 8988000: uvm_test_top.env.sb [SB/SYM] MISMATCH exp=e56 act=ff6 ph=PH_IDLE cycle=1117
UVM_ERROR uvm_tb.sv(1312) @ 8996000: uvm_test_top.env.sb [SB/SYM] MISMATCH exp=400 act=c87 ph=PH_IDLE cycle=1118
UVM_ERROR uvm_tb.sv(1312) @ 9004000: uvm_test_top.env.sb [SB/SYM] MISMATCH exp=cb1 act=5d2 ph=PH_IDLE cycle=1119
UVM_ERROR uvm_tb.sv(1312) @ 9012000: uvm_test_top.env.sb [SB/SYM] MISMATCH exp=d89 act=db7 ph=PH_IDLE cycle=1120
"uvm_tb.sv", 2305: pcs_tb_top.AST_ESD1_NONZERO: started at 8996000ps failed at 9012000ps
	Offending '((((pcs_tb_top.dut_if.Dout[3] inside {3'b010, 3'b110}) && (pcs_tb_top.dut_if.Dout[2] inside {3'b010, 3'b110})) && (pcs_tb_top.dut_if.Dout[1] inside {3'b010, 3'b110})) && (pcs_tb_top.dut_if.Dout[0] inside {3'b010, 3'b110}))'
Error: "uvm_tb.sv", 2305: pcs_tb_top.AST_ESD1_NONZERO: at time 9012000 ps
[ASSERT/ESD] ESD1: lane(s) not ±2 two cycles after TX_EN fall: got db7 @ 9012000
UVM_ERROR uvm_tb.sv(1312) @ 9020000: uvm_test_top.env.sb [SB/SYM] MISMATCH exp=db6 act=596 ph=PH_IDLE cycle=1121
"uvm_tb.sv", 2372: pcs_tb_top.AST_ESD_EXACTLY2: started at 8996000ps failed at 9028000ps
	Offending '(!((((pcs_tb_top.dut_if.Dout[3] inside {3'b010, 3'b110}) && (pcs_tb_top.dut_if.Dout[2] inside {3'b010, 3'b110})) && (pcs_tb_top.dut_if.Dout[1] inside {3'b010, 3'b110})) && (pcs_tb_top.dut_if.Dout[0] inside {3'b010, 3'b110})))'
Error: "uvm_tb.sv", 2372: pcs_tb_top.AST_ESD_EXACTLY2: at time 9028000 ps
[ASSERT/ORDER] All-±2 output persists after ESD2 (stuck in ESD?) @ 9028000
UVM_ERROR uvm_tb.sv(1312) @ 9036000: uvm_test_top.env.sb [SB/SYM] MISMATCH exp=410 act=096 ph=PH_SDD cycle=1123
"uvm_tb.sv", 2275: pcs_tb_top.AST_SDD1_NONZERO: started at 9036000ps failed at 9036000ps
	Offending '((((pcs_tb_top.dut_if.Dout[3] inside {3'b010, 3'b110}) && (pcs_tb_top.dut_if.Dout[2] inside {3'b010, 3'b110})) && (pcs_tb_top.dut_if.Dout[1] inside {3'b010, 3'b110})) && (pcs_tb_top.dut_if.Dout[0] inside {3'b010, 3'b110}))'
Error: "uvm_tb.sv", 2275: pcs_tb_top.AST_SDD1_NONZERO: at time 9036000 ps
[ASSERT/SDD] SDD1: lane(s) not ±2 at TX_EN rise: got 096 @ 9036000
"uvm_tb.sv", 2355: pcs_tb_top.AST_SDD_EXACTLY2: started at 9036000ps failed at 9052000ps
	Offending '(!((((pcs_tb_top.dut_if.Dout[3] inside {3'b010, 3'b110}) && (pcs_tb_top.dut_if.Dout[2] inside {3'b010, 3'b110})) && (pcs_tb_top.dut_if.Dout[1] inside {3'b010, 3'b110})) && (pcs_tb_top.dut_if.Dout[0] inside {3'b010, 3'b110})))'
Error: "uvm_tb.sv", 2355: pcs_tb_top.AST_SDD_EXACTLY2: at time 9052000 ps
[ASSERT/ORDER] All-±2 output persists after SDD2 (stuck in SDD?) @ 9052000
UVM_ERROR uvm_tb.sv(1312) @ 9068000: uvm_test_top.env.sb [SB/SYM] MISMATCH exp=071 act=047 ph=PH_DATA cycle=1127
UVM_ERROR uvm_tb.sv(1312) @ 9076000: uvm_test_top.env.sb [SB/SYM] MISMATCH exp=03a act=00a ph=PH_DATA cycle=1128
UVM_ERROR uvm_tb.sv(1312) @ 9084000: uvm_test_top.env.sb [SB/SYM] MISMATCH exp=c82 act=431 ph=PH_DATA cycle=1129
UVM_ERROR uvm_tb.sv(1312) @ 9092000: uvm_test_top.env.sb [SB/SYM] MISMATCH exp=3f9 act=e79 ph=PH_DATA cycle=1130
UVM_ERROR uvm_tb.sv(1312) @ 9100000: uvm_test_top.env.sb [SB/SYM] MISMATCH exp=0b8 act=189 ph=PH_DATA cycle=1131
UVM_ERROR uvm_tb.sv(1312) @ 9108000: uvm_test_top.env.sb [SB/SYM] MISMATCH exp=c3a act=408 ph=PH_CSR cycle=1132
UVM_ERROR uvm_tb.sv(1312) @ 9124000: uvm_test_top.env.sb [SB/SYM] MISMATCH exp=d89 act=d91 ph=PH_ESD cycle=1134
"uvm_tb.sv", 2305: pcs_tb_top.AST_ESD1_NONZERO: started at 9108000ps failed at 9124000ps
	Offending '((((pcs_tb_top.dut_if.Dout[3] inside {3'b010, 3'b110}) && (pcs_tb_top.dut_if.Dout[2] inside {3'b010, 3'b110})) && (pcs_tb_top.dut_if.Dout[1] inside {3'b010, 3'b110})) && (pcs_tb_top.dut_if.Dout[0] inside {3'b010, 3'b110}))'
Error: "uvm_tb.sv", 2305: pcs_tb_top.AST_ESD1_NONZERO: at time 9124000 ps
[ASSERT/ESD] ESD1: lane(s) not ±2 two cycles after TX_EN fall: got d91 @ 9124000
UVM_ERROR uvm_tb.sv(1312) @ 9132000: uvm_test_top.env.sb [SB/SYM] MISMATCH exp=db6 act=4b2 ph=PH_ESD cycle=1135
"uvm_tb.sv", 2372: pcs_tb_top.AST_ESD_EXACTLY2: started at 9108000ps failed at 9140000ps
	Offending '(!((((pcs_tb_top.dut_if.Dout[3] inside {3'b010, 3'b110}) && (pcs_tb_top.dut_if.Dout[2] inside {3'b010, 3'b110})) && (pcs_tb_top.dut_if.Dout[1] inside {3'b010, 3'b110})) && (pcs_tb_top.dut_if.Dout[0] inside {3'b010, 3'b110})))'
Error: "uvm_tb.sv", 2372: pcs_tb_top.AST_ESD_EXACTLY2: at time 9140000 ps
[ASSERT/ORDER] All-±2 output persists after ESD2 (stuck in ESD?) @ 9140000
UVM_ERROR uvm_tb.sv(1312) @ 9148000: uvm_test_top.env.sb [SB/SYM] MISMATCH exp=410 act=090 ph=PH_IDLE cycle=1137
UVM_ERROR uvm_tb.sv(1312) @ 9156000: uvm_test_top.env.sb [SB/SYM] MISMATCH exp=030 act=006 ph=PH_IDLE cycle=1138
UVM_ERROR uvm_tb.sv(1312) @ 9164000: uvm_test_top.env.sb [SB/SYM] MISMATCH exp=182 act=000 ph=PH_IDLE cycle=1139
UVM_ERROR uvm_tb.sv(1312) @ 9172000: uvm_test_top.env.sb [SB/SYM] MISMATCH exp=030 act=1b2 ph=PH_SDD cycle=1140
"uvm_tb.sv", 2275: pcs_tb_top.AST_SDD1_NONZERO: started at 9172000ps failed at 9172000ps
	Offending '((((pcs_tb_top.dut_if.Dout[3] inside {3'b010, 3'b110}) && (pcs_tb_top.dut_if.Dout[2] inside {3'b010, 3'b110})) && (pcs_tb_top.dut_if.Dout[1] inside {3'b010, 3'b110})) && (pcs_tb_top.dut_if.Dout[0] inside {3'b010, 3'b110}))'
Error: "uvm_tb.sv", 2275: pcs_tb_top.AST_SDD1_NONZERO: at time 9172000 ps
[ASSERT/SDD] SDD1: lane(s) not ±2 at TX_EN rise: got 1b2 @ 9172000
"uvm_tb.sv", 2355: pcs_tb_top.AST_SDD_EXACTLY2: started at 9172000ps failed at 9188000ps
	Offending '(!((((pcs_tb_top.dut_if.Dout[3] inside {3'b010, 3'b110}) && (pcs_tb_top.dut_if.Dout[2] inside {3'b010, 3'b110})) && (pcs_tb_top.dut_if.Dout[1] inside {3'b010, 3'b110})) && (pcs_tb_top.dut_if.Dout[0] inside {3'b010, 3'b110})))'
Error: "uvm_tb.sv", 2355: pcs_tb_top.AST_SDD_EXACTLY2: at time 9188000 ps
[ASSERT/ORDER] All-±2 output persists after SDD2 (stuck in SDD?) @ 9188000
UVM_ERROR uvm_tb.sv(1312) @ 9204000: uvm_test_top.env.sb [SB/SYM] MISMATCH exp=047 act=041 ph=PH_DATA cycle=1144
UVM_ERROR uvm_tb.sv(1312) @ 9212000: uvm_test_top.env.sb [SB/SYM] MISMATCH exp=581 act=582 ph=PH_DATA cycle=1145
UVM_ERROR uvm_tb.sv(1312) @ 9220000: uvm_test_top.env.sb [SB/SYM] MISMATCH exp=20f act=3b9 ph=PH_DATA cycle=1146
UVM_ERROR uvm_tb.sv(1312) @ 9228000: uvm_test_top.env.sb [SB/SYM] MISMATCH exp=278 act=3c8 ph=PH_DATA cycle=1147
UVM_ERROR uvm_tb.sv(1312) @ 9236000: uvm_test_top.env.sb [SB/SYM] MISMATCH exp=3d6 act=40e ph=PH_DATA cycle=1148
UVM_ERROR uvm_tb.sv(1312) @ 9244000: uvm_test_top.env.sb [SB/SYM] MISMATCH exp=e79 act=fce ph=PH_DATA cycle=1149
UVM_ERROR uvm_tb.sv(1312) @ 9252000: uvm_test_top.env.sb [SB/SYM] MISMATCH exp=087 act=187 ph=PH_CSR cycle=1150
UVM_ERROR uvm_tb.sv(1312) @ 9260000: uvm_test_top.env.sb [SB/SYM] MISMATCH exp=d89 act=496 ph=PH_CSR cycle=1151
UVM_ERROR uvm_tb.sv(1312) @ 9268000: uvm_test_top.env.sb [SB/SYM] MISMATCH exp=c96 act=5b6 ph=PH_ESD cycle=1152
UVM_ERROR uvm_tb.sv(1312) @ 9276000: uvm_test_top.env.sb [SB/SYM] MISMATCH exp=db6 act=4b6 ph=PH_ESD cycle=1153
"uvm_tb.sv", 2372: pcs_tb_top.AST_ESD_EXACTLY2: started at 9252000ps failed at 9284000ps
	Offending '(!((((pcs_tb_top.dut_if.Dout[3] inside {3'b010, 3'b110}) && (pcs_tb_top.dut_if.Dout[2] inside {3'b010, 3'b110})) && (pcs_tb_top.dut_if.Dout[1] inside {3'b010, 3'b110})) && (pcs_tb_top.dut_if.Dout[0] inside {3'b010, 3'b110})))'
Error: "uvm_tb.sv", 2372: pcs_tb_top.AST_ESD_EXACTLY2: at time 9284000 ps
[ASSERT/ORDER] All-±2 output persists after ESD2 (stuck in ESD?) @ 9284000
UVM_ERROR uvm_tb.sv(1312) @ 9292000: uvm_test_top.env.sb [SB/SYM] MISMATCH exp=180 act=1b0 ph=PH_IDLE cycle=1155
UVM_ERROR uvm_tb.sv(1312) @ 9308000: uvm_test_top.env.sb [SB/SYM] MISMATCH exp=cb0 act=000 ph=PH_SDD cycle=1157
"uvm_tb.sv", 2275: pcs_tb_top.AST_SDD1_NONZERO: started at 9308000ps failed at 9308000ps
	Offending '((((pcs_tb_top.dut_if.Dout[3] inside {3'b010, 3'b110}) && (pcs_tb_top.dut_if.Dout[2] inside {3'b010, 3'b110})) && (pcs_tb_top.dut_if.Dout[1] inside {3'b010, 3'b110})) && (pcs_tb_top.dut_if.Dout[0] inside {3'b010, 3'b110}))'
Error: "uvm_tb.sv", 2275: pcs_tb_top.AST_SDD1_NONZERO: at time 9308000 ps
[ASSERT/SDD] SDD1: lane(s) not ±2 at TX_EN rise: got 000 @ 9308000
"uvm_tb.sv", 2355: pcs_tb_top.AST_SDD_EXACTLY2: started at 9308000ps failed at 9324000ps
	Offending '(!((((pcs_tb_top.dut_if.Dout[3] inside {3'b010, 3'b110}) && (pcs_tb_top.dut_if.Dout[2] inside {3'b010, 3'b110})) && (pcs_tb_top.dut_if.Dout[1] inside {3'b010, 3'b110})) && (pcs_tb_top.dut_if.Dout[0] inside {3'b010, 3'b110})))'
Error: "uvm_tb.sv", 2355: pcs_tb_top.AST_SDD_EXACTLY2: at time 9324000 ps
[ASSERT/ORDER] All-±2 output persists after SDD2 (stuck in SDD?) @ 9324000
UVM_ERROR uvm_tb.sv(1312) @ 9332000: uvm_test_top.env.sb [SB/SYM] MISMATCH exp=406 act=016 ph=PH_DATA cycle=1160
UVM_ERROR uvm_tb.sv(1312) @ 9340000: uvm_test_top.env.sb [SB/SYM] MISMATCH exp=e97 act=211 ph=PH_DATA cycle=1161
UVM_ERROR uvm_tb.sv(1312) @ 9348000: uvm_test_top.env.sb [SB/SYM] MISMATCH exp=e0a act=e8a ph=PH_DATA cycle=1162
UVM_ERROR uvm_tb.sv(1312) @ 9356000: uvm_test_top.env.sb [SB/SYM] MISMATCH exp=071 act=c40 ph=PH_DATA cycle=1163
UVM_ERROR uvm_tb.sv(1312) @ 9364000: uvm_test_top.env.sb [SB/SYM] MISMATCH exp=388 act=3b8 ph=PH_DATA cycle=1164
UVM_ERROR uvm_tb.sv(1312) @ 9372000: uvm_test_top.env.sb [SB/SYM] MISMATCH exp=2be act=e8f ph=PH_DATA cycle=1165
UVM_ERROR uvm_tb.sv(1312) @ 9380000: uvm_test_top.env.sb [SB/SYM] MISMATCH exp=fb8 act=1f2 ph=PH_CSR cycle=1166
UVM_ERROR uvm_tb.sv(1312) @ 9388000: uvm_test_top.env.sb [SB/SYM] MISMATCH exp=3b1 act=db1 ph=PH_CSR cycle=1167
UVM_ERROR uvm_tb.sv(1312) @ 9396000: uvm_test_top.env.sb [SB/SYM] MISMATCH exp=c96 act=cb2 ph=PH_ESD cycle=1168
UVM_ERROR uvm_tb.sv(1312) @ 9404000: uvm_test_top.env.sb [SB/SYM] MISMATCH exp=db6 act=4b2 ph=PH_ESD cycle=1169
"uvm_tb.sv", 2372: pcs_tb_top.AST_ESD_EXACTLY2: started at 9380000ps failed at 9412000ps
	Offending '(!((((pcs_tb_top.dut_if.Dout[3] inside {3'b010, 3'b110}) && (pcs_tb_top.dut_if.Dout[2] inside {3'b010, 3'b110})) && (pcs_tb_top.dut_if.Dout[1] inside {3'b010, 3'b110})) && (pcs_tb_top.dut_if.Dout[0] inside {3'b010, 3'b110})))'
Error: "uvm_tb.sv", 2372: pcs_tb_top.AST_ESD_EXACTLY2: at time 9412000 ps
[ASSERT/ORDER] All-±2 output persists after ESD2 (stuck in ESD?) @ 9412000
"uvm_tb.sv", 2355: pcs_tb_top.AST_SDD_EXACTLY2: started at 9404000ps failed at 9420000ps
	Offending '(!((((pcs_tb_top.dut_if.Dout[3] inside {3'b010, 3'b110}) && (pcs_tb_top.dut_if.Dout[2] inside {3'b010, 3'b110})) && (pcs_tb_top.dut_if.Dout[1] inside {3'b010, 3'b110})) && (pcs_tb_top.dut_if.Dout[0] inside {3'b010, 3'b110})))'
Error: "uvm_tb.sv", 2355: pcs_tb_top.AST_SDD_EXACTLY2: at time 9420000 ps
[ASSERT/ORDER] All-±2 output persists after SDD2 (stuck in SDD?) @ 9420000
UVM_ERROR uvm_tb.sv(1312) @ 9444000: uvm_test_top.env.sb [SB/SYM] MISMATCH exp=597 act=5b2 ph=PH_IDLE cycle=1174
UVM_ERROR uvm_tb.sv(1312) @ 9452000: uvm_test_top.env.sb [SB/SYM] MISMATCH exp=d89 act=cb2 ph=PH_IDLE cycle=1175
"uvm_tb.sv", 2372: pcs_tb_top.AST_ESD_EXACTLY2: started at 9436000ps failed at 9468000ps
	Offending '(!((((pcs_tb_top.dut_if.Dout[3] inside {3'b010, 3'b110}) && (pcs_tb_top.dut_if.Dout[2] inside {3'b010, 3'b110})) && (pcs_tb_top.dut_if.Dout[1] inside {3'b010, 3'b110})) && (pcs_tb_top.dut_if.Dout[0] inside {3'b010, 3'b110})))'
Error: "uvm_tb.sv", 2372: pcs_tb_top.AST_ESD_EXACTLY2: at time 9468000 ps
[ASSERT/ORDER] All-±2 output persists after ESD2 (stuck in ESD?) @ 9468000
"uvm_tb.sv", 2355: pcs_tb_top.AST_SDD_EXACTLY2: started at 9460000ps failed at 9476000ps
	Offending '(!((((pcs_tb_top.dut_if.Dout[3] inside {3'b010, 3'b110}) && (pcs_tb_top.dut_if.Dout[2] inside {3'b010, 3'b110})) && (pcs_tb_top.dut_if.Dout[1] inside {3'b010, 3'b110})) && (pcs_tb_top.dut_if.Dout[0] inside {3'b010, 3'b110})))'
Error: "uvm_tb.sv", 2355: pcs_tb_top.AST_SDD_EXACTLY2: at time 9476000 ps
[ASSERT/ORDER] All-±2 output persists after SDD2 (stuck in SDD?) @ 9476000
UVM_ERROR uvm_tb.sv(1312) @ 9492000: uvm_test_top.env.sb [SB/SYM] MISMATCH exp=ff0 act=fc2 ph=PH_CSR cycle=1180
UVM_ERROR uvm_tb.sv(1312) @ 9500000: uvm_test_top.env.sb [SB/SYM] MISMATCH exp=d97 act=db2 ph=PH_CSR cycle=1181
UVM_ERROR uvm_tb.sv(1312) @ 9508000: uvm_test_top.env.sb [SB/SYM] MISMATCH exp=d89 act=db2 ph=PH_ESD cycle=1182
UVM_ERROR uvm_tb.sv(1312) @ 9516000: uvm_test_top.env.sb [SB/SYM] MISMATCH exp=db6 act=d96 ph=PH_ESD cycle=1183
"uvm_tb.sv", 2372: pcs_tb_top.AST_ESD_EXACTLY2: started at 9492000ps failed at 9524000ps
	Offending '(!((((pcs_tb_top.dut_if.Dout[3] inside {3'b010, 3'b110}) && (pcs_tb_top.dut_if.Dout[2] inside {3'b010, 3'b110})) && (pcs_tb_top.dut_if.Dout[1] inside {3'b010, 3'b110})) && (pcs_tb_top.dut_if.Dout[0] inside {3'b010, 3'b110})))'
Error: "uvm_tb.sv", 2372: pcs_tb_top.AST_ESD_EXACTLY2: at time 9524000 ps
[ASSERT/ORDER] All-±2 output persists after ESD2 (stuck in ESD?) @ 9524000
"uvm_tb.sv", 2355: pcs_tb_top.AST_SDD_EXACTLY2: started at 9516000ps failed at 9532000ps
	Offending '(!((((pcs_tb_top.dut_if.Dout[3] inside {3'b010, 3'b110}) && (pcs_tb_top.dut_if.Dout[2] inside {3'b010, 3'b110})) && (pcs_tb_top.dut_if.Dout[1] inside {3'b010, 3'b110})) && (pcs_tb_top.dut_if.Dout[0] inside {3'b010, 3'b110})))'
Error: "uvm_tb.sv", 2355: pcs_tb_top.AST_SDD_EXACTLY2: at time 9532000 ps
[ASSERT/ORDER] All-±2 output persists after SDD2 (stuck in SDD?) @ 9532000
UVM_ERROR uvm_tb.sv(1312) @ 9548000: uvm_test_top.env.sb [SB/SYM] MISMATCH exp=ff6 act=276 ph=PH_IDLE cycle=1187
UVM_ERROR uvm_tb.sv(1312) @ 9556000: uvm_test_top.env.sb [SB/SYM] MISMATCH exp=c91 act=cb6 ph=PH_IDLE cycle=1188
UVM_ERROR uvm_tb.sv(1312) @ 9564000: uvm_test_top.env.sb [SB/SYM] MISMATCH exp=d89 act=d96 ph=PH_IDLE cycle=1189
UVM_ERROR uvm_tb.sv(1312) @ 9572000: uvm_test_top.env.sb [SB/SYM] MISMATCH exp=db6 act=cb2 ph=PH_IDLE cycle=1190
"uvm_tb.sv", 2372: pcs_tb_top.AST_ESD_EXACTLY2: started at 9548000ps failed at 9580000ps
	Offending '(!((((pcs_tb_top.dut_if.Dout[3] inside {3'b010, 3'b110}) && (pcs_tb_top.dut_if.Dout[2] inside {3'b010, 3'b110})) && (pcs_tb_top.dut_if.Dout[1] inside {3'b010, 3'b110})) && (pcs_tb_top.dut_if.Dout[0] inside {3'b010, 3'b110})))'
Error: "uvm_tb.sv", 2372: pcs_tb_top.AST_ESD_EXACTLY2: at time 9580000 ps
[ASSERT/ORDER] All-±2 output persists after ESD2 (stuck in ESD?) @ 9580000
UVM_ERROR uvm_tb.sv(1312) @ 9588000: uvm_test_top.env.sb [SB/SYM] MISMATCH exp=1b6 act=036 ph=PH_IDLE cycle=1192
UVM_ERROR uvm_tb.sv(1312) @ 9596000: uvm_test_top.env.sb [SB/SYM] MISMATCH exp=400 act=0b0 ph=PH_IDLE cycle=1193
UVM_ERROR uvm_tb.sv(1312) @ 9604000: uvm_test_top.env.sb [SB/SYM] MISMATCH exp=080 act=002 ph=PH_SDD cycle=1194
"uvm_tb.sv", 2275: pcs_tb_top.AST_SDD1_NONZERO: started at 9604000ps failed at 9604000ps
	Offending '((((pcs_tb_top.dut_if.Dout[3] inside {3'b010, 3'b110}) && (pcs_tb_top.dut_if.Dout[2] inside {3'b010, 3'b110})) && (pcs_tb_top.dut_if.Dout[1] inside {3'b010, 3'b110})) && (pcs_tb_top.dut_if.Dout[0] inside {3'b010, 3'b110}))'
Error: "uvm_tb.sv", 2275: pcs_tb_top.AST_SDD1_NONZERO: at time 9604000 ps
[ASSERT/SDD] SDD1: lane(s) not ±2 at TX_EN rise: got 002 @ 9604000
"uvm_tb.sv", 2355: pcs_tb_top.AST_SDD_EXACTLY2: started at 9604000ps failed at 9620000ps
	Offending '(!((((pcs_tb_top.dut_if.Dout[3] inside {3'b010, 3'b110}) && (pcs_tb_top.dut_if.Dout[2] inside {3'b010, 3'b110})) && (pcs_tb_top.dut_if.Dout[1] inside {3'b010, 3'b110})) && (pcs_tb_top.dut_if.Dout[0] inside {3'b010, 3'b110})))'
Error: "uvm_tb.sv", 2355: pcs_tb_top.AST_SDD_EXACTLY2: at time 9620000 ps
[ASSERT/ORDER] All-±2 output persists after SDD2 (stuck in SDD?) @ 9620000
UVM_ERROR uvm_tb.sv(1312) @ 9628000: uvm_test_top.env.sb [SB/SYM] MISMATCH exp=c10 act=196 ph=PH_DATA cycle=1197
UVM_ERROR uvm_tb.sv(1312) @ 9636000: uvm_test_top.env.sb [SB/SYM] MISMATCH exp=430 act=036 ph=PH_DATA cycle=1198
UVM_ERROR uvm_tb.sv(1312) @ 9644000: uvm_test_top.env.sb [SB/SYM] MISMATCH exp=e7f act=e78 ph=PH_CSR cycle=1199
UVM_ERROR uvm_tb.sv(1312) @ 9652000: uvm_test_top.env.sb [SB/SYM] MISMATCH exp=c96 act=4b7 ph=PH_CSR cycle=1200
UVM_ERROR uvm_tb.sv(1312) @ 9660000: uvm_test_top.env.sb [SB/SYM] MISMATCH exp=c96 act=c92 ph=PH_ESD cycle=1201
UVM_ERROR uvm_tb.sv(1312) @ 9668000: uvm_test_top.env.sb [SB/SYM] MISMATCH exp=db6 act=c96 ph=PH_ESD cycle=1202
"uvm_tb.sv", 2372: pcs_tb_top.AST_ESD_EXACTLY2: started at 9644000ps failed at 9676000ps
	Offending '(!((((pcs_tb_top.dut_if.Dout[3] inside {3'b010, 3'b110}) && (pcs_tb_top.dut_if.Dout[2] inside {3'b010, 3'b110})) && (pcs_tb_top.dut_if.Dout[1] inside {3'b010, 3'b110})) && (pcs_tb_top.dut_if.Dout[0] inside {3'b010, 3'b110})))'
Error: "uvm_tb.sv", 2372: pcs_tb_top.AST_ESD_EXACTLY2: at time 9676000 ps
[ASSERT/ORDER] All-±2 output persists after ESD2 (stuck in ESD?) @ 9676000
UVM_ERROR uvm_tb.sv(1312) @ 9692000: uvm_test_top.env.sb [SB/SYM] MISMATCH exp=402 act=002 ph=PH_SDD cycle=1205
"uvm_tb.sv", 2275: pcs_tb_top.AST_SDD1_NONZERO: started at 9692000ps failed at 9692000ps
	Offending '((((pcs_tb_top.dut_if.Dout[3] inside {3'b010, 3'b110}) && (pcs_tb_top.dut_if.Dout[2] inside {3'b010, 3'b110})) && (pcs_tb_top.dut_if.Dout[1] inside {3'b010, 3'b110})) && (pcs_tb_top.dut_if.Dout[0] inside {3'b010, 3'b110}))'
Error: "uvm_tb.sv", 2275: pcs_tb_top.AST_SDD1_NONZERO: at time 9692000 ps
[ASSERT/SDD] SDD1: lane(s) not ±2 at TX_EN rise: got 002 @ 9692000
"uvm_tb.sv", 2355: pcs_tb_top.AST_SDD_EXACTLY2: started at 9692000ps failed at 9708000ps
	Offending '(!((((pcs_tb_top.dut_if.Dout[3] inside {3'b010, 3'b110}) && (pcs_tb_top.dut_if.Dout[2] inside {3'b010, 3'b110})) && (pcs_tb_top.dut_if.Dout[1] inside {3'b010, 3'b110})) && (pcs_tb_top.dut_if.Dout[0] inside {3'b010, 3'b110})))'
Error: "uvm_tb.sv", 2355: pcs_tb_top.AST_SDD_EXACTLY2: at time 9708000 ps
[ASSERT/ORDER] All-±2 output persists after SDD2 (stuck in SDD?) @ 9708000
UVM_ERROR uvm_tb.sv(1312) @ 9716000: uvm_test_top.env.sb [SB/SYM] MISMATCH exp=cb0 act=c32 ph=PH_DATA cycle=1208
UVM_ERROR uvm_tb.sv(1312) @ 9724000: uvm_test_top.env.sb [SB/SYM] MISMATCH exp=182 act=190 ph=PH_DATA cycle=1209
UVM_ERROR uvm_tb.sv(1312) @ 9732000: uvm_test_top.env.sb [SB/SYM] MISMATCH exp=cb9 act=0bf ph=PH_DATA cycle=1210
UVM_ERROR uvm_tb.sv(1312) @ 9740000: uvm_test_top.env.sb [SB/SYM] MISMATCH exp=1d0 act=1f2 ph=PH_DATA cycle=1211
UVM_ERROR uvm_tb.sv(1312) @ 9748000: uvm_test_top.env.sb [SB/SYM] MISMATCH exp=0be act=0b8 ph=PH_DATA cycle=1212
UVM_ERROR uvm_tb.sv(1312) @ 9756000: uvm_test_top.env.sb [SB/SYM] MISMATCH exp=2b7 act=44f ph=PH_DATA cycle=1213
UVM_ERROR uvm_tb.sv(1312) @ 9764000: uvm_test_top.env.sb [SB/SYM] MISMATCH exp=e4e act=fce ph=PH_CSR cycle=1214
UVM_ERROR uvm_tb.sv(1312) @ 9772000: uvm_test_top.env.sb [SB/SYM] MISMATCH exp=d89 act=5b6 ph=PH_CSR cycle=1215
UVM_ERROR uvm_tb.sv(1312) @ 9780000: uvm_test_top.env.sb [SB/SYM] MISMATCH exp=c96 act=592 ph=PH_ESD cycle=1216
UVM_ERROR uvm_tb.sv(1312) @ 9788000: uvm_test_top.env.sb [SB/SYM] MISMATCH exp=db6 act=c92 ph=PH_ESD cycle=1217
"uvm_tb.sv", 2372: pcs_tb_top.AST_ESD_EXACTLY2: started at 9764000ps failed at 9796000ps
	Offending '(!((((pcs_tb_top.dut_if.Dout[3] inside {3'b010, 3'b110}) && (pcs_tb_top.dut_if.Dout[2] inside {3'b010, 3'b110})) && (pcs_tb_top.dut_if.Dout[1] inside {3'b010, 3'b110})) && (pcs_tb_top.dut_if.Dout[0] inside {3'b010, 3'b110})))'
Error: "uvm_tb.sv", 2372: pcs_tb_top.AST_ESD_EXACTLY2: at time 9796000 ps
[ASSERT/ORDER] All-±2 output persists after ESD2 (stuck in ESD?) @ 9796000
UVM_ERROR uvm_tb.sv(1312) @ 9804000: uvm_test_top.env.sb [SB/SYM] MISMATCH exp=036 act=006 ph=PH_SDD cycle=1219
"uvm_tb.sv", 2275: pcs_tb_top.AST_SDD1_NONZERO: started at 9804000ps failed at 9804000ps
	Offending '((((pcs_tb_top.dut_if.Dout[3] inside {3'b010, 3'b110}) && (pcs_tb_top.dut_if.Dout[2] inside {3'b010, 3'b110})) && (pcs_tb_top.dut_if.Dout[1] inside {3'b010, 3'b110})) && (pcs_tb_top.dut_if.Dout[0] inside {3'b010, 3'b110}))'
Error: "uvm_tb.sv", 2275: pcs_tb_top.AST_SDD1_NONZERO: at time 9804000 ps
[ASSERT/SDD] SDD1: lane(s) not ±2 at TX_EN rise: got 006 @ 9804000
"uvm_tb.sv", 2355: pcs_tb_top.AST_SDD_EXACTLY2: started at 9804000ps failed at 9820000ps
	Offending '(!((((pcs_tb_top.dut_if.Dout[3] inside {3'b010, 3'b110}) && (pcs_tb_top.dut_if.Dout[2] inside {3'b010, 3'b110})) && (pcs_tb_top.dut_if.Dout[1] inside {3'b010, 3'b110})) && (pcs_tb_top.dut_if.Dout[0] inside {3'b010, 3'b110})))'
Error: "uvm_tb.sv", 2355: pcs_tb_top.AST_SDD_EXACTLY2: at time 9820000 ps
[ASSERT/ORDER] All-±2 output persists after SDD2 (stuck in SDD?) @ 9820000
UVM_ERROR uvm_tb.sv(1312) @ 9828000: uvm_test_top.env.sb [SB/SYM] MISMATCH exp=010 act=190 ph=PH_DATA cycle=1222
UVM_ERROR uvm_tb.sv(1312) @ 9836000: uvm_test_top.env.sb [SB/SYM] MISMATCH exp=186 act=006 ph=PH_DATA cycle=1223
UVM_ERROR uvm_tb.sv(1312) @ 9844000: uvm_test_top.env.sb [SB/SYM] MISMATCH exp=006 act=ffe ph=PH_DATA cycle=1224
UVM_ERROR uvm_tb.sv(1312) @ 9852000: uvm_test_top.env.sb [SB/SYM] MISMATCH exp=009 act=0ba ph=PH_DATA cycle=1225
UVM_ERROR uvm_tb.sv(1312) @ 9860000: uvm_test_top.env.sb [SB/SYM] MISMATCH exp=5c0 act=441 ph=PH_DATA cycle=1226
UVM_ERROR uvm_tb.sv(1312) @ 9868000: uvm_test_top.env.sb [SB/SYM] MISMATCH exp=e77 act=277 ph=PH_DATA cycle=1227
UVM_ERROR uvm_tb.sv(1312) @ 9876000: uvm_test_top.env.sb [SB/SYM] MISMATCH exp=e0a act=f88 ph=PH_CSR cycle=1228
UVM_ERROR uvm_tb.sv(1312) @ 9884000: uvm_test_top.env.sb [SB/SYM] MISMATCH exp=c96 act=4b6 ph=PH_CSR cycle=1229
UVM_ERROR uvm_tb.sv(1312) @ 9892000: uvm_test_top.env.sb [SB/SYM] MISMATCH exp=c96 act=d92 ph=PH_ESD cycle=1230
"uvm_tb.sv", 2372: pcs_tb_top.AST_ESD_EXACTLY2: started at 9876000ps failed at 9908000ps
	Offending '(!((((pcs_tb_top.dut_if.Dout[3] inside {3'b010, 3'b110}) && (pcs_tb_top.dut_if.Dout[2] inside {3'b010, 3'b110})) && (pcs_tb_top.dut_if.Dout[1] inside {3'b010, 3'b110})) && (pcs_tb_top.dut_if.Dout[0] inside {3'b010, 3'b110})))'
Error: "uvm_tb.sv", 2372: pcs_tb_top.AST_ESD_EXACTLY2: at time 9908000 ps
[ASSERT/ORDER] All-±2 output persists after ESD2 (stuck in ESD?) @ 9908000
UVM_ERROR uvm_tb.sv(1312) @ 9916000: uvm_test_top.env.sb [SB/SYM] MISMATCH exp=c86 act=0b0 ph=PH_IDLE cycle=1233
UVM_ERROR uvm_tb.sv(1312) @ 9932000: uvm_test_top.env.sb [SB/SYM] MISMATCH exp=190 act=006 ph=PH_IDLE cycle=1235
UVM_ERROR uvm_tb.sv(1312) @ 9940000: uvm_test_top.env.sb [SB/SYM] MISMATCH exp=580 act=1b0 ph=PH_SDD cycle=1236
"uvm_tb.sv", 2275: pcs_tb_top.AST_SDD1_NONZERO: started at 9940000ps failed at 9940000ps
	Offending '((((pcs_tb_top.dut_if.Dout[3] inside {3'b010, 3'b110}) && (pcs_tb_top.dut_if.Dout[2] inside {3'b010, 3'b110})) && (pcs_tb_top.dut_if.Dout[1] inside {3'b010, 3'b110})) && (pcs_tb_top.dut_if.Dout[0] inside {3'b010, 3'b110}))'
Error: "uvm_tb.sv", 2275: pcs_tb_top.AST_SDD1_NONZERO: at time 9940000 ps
[ASSERT/SDD] SDD1: lane(s) not ±2 at TX_EN rise: got 1b0 @ 9940000
"uvm_tb.sv", 2355: pcs_tb_top.AST_SDD_EXACTLY2: started at 9940000ps failed at 9956000ps
	Offending '(!((((pcs_tb_top.dut_if.Dout[3] inside {3'b010, 3'b110}) && (pcs_tb_top.dut_if.Dout[2] inside {3'b010, 3'b110})) && (pcs_tb_top.dut_if.Dout[1] inside {3'b010, 3'b110})) && (pcs_tb_top.dut_if.Dout[0] inside {3'b010, 3'b110})))'
Error: "uvm_tb.sv", 2355: pcs_tb_top.AST_SDD_EXACTLY2: at time 9956000 ps
[ASSERT/ORDER] All-±2 output persists after SDD2 (stuck in SDD?) @ 9956000
UVM_ERROR uvm_tb.sv(1312) @ 9964000: uvm_test_top.env.sb [SB/SYM] MISMATCH exp=182 act=192 ph=PH_DATA cycle=1239
UVM_ERROR uvm_tb.sv(1312) @ 9972000: uvm_test_top.env.sb [SB/SYM] MISMATCH exp=3b8 act=38a ph=PH_DATA cycle=1240
UVM_ERROR uvm_tb.sv(1312) @ 9980000: uvm_test_top.env.sb [SB/SYM] MISMATCH exp=411 act=037 ph=PH_DATA cycle=1241
UVM_ERROR uvm_tb.sv(1312) @ 9988000: uvm_test_top.env.sb [SB/SYM] MISMATCH exp=581 act=587 ph=PH_DATA cycle=1242
UVM_ERROR uvm_tb.sv(1312) @ 9996000: uvm_test_top.env.sb [SB/SYM] MISMATCH exp=f87 act=391 ph=PH_DATA cycle=1243
UVM_ERROR uvm_tb.sv(1312) @ 10004000: uvm_test_top.env.sb [SB/SYM] MISMATCH exp=e4a act=3ce ph=PH_CSR cycle=1244
UVM_ERROR uvm_tb.sv(1312) @ 10012000: uvm_test_top.env.sb [SB/SYM] MISMATCH exp=d89 act=591 ph=PH_CSR cycle=1245
UVM_ERROR uvm_tb.sv(1312) @ 10020000: uvm_test_top.env.sb [SB/SYM] MISMATCH exp=c96 act=d96 ph=PH_ESD cycle=1246
UVM_ERROR uvm_tb.sv(1312) @ 10028000: uvm_test_top.env.sb [SB/SYM] MISMATCH exp=db6 act=492 ph=PH_ESD cycle=1247
"uvm_tb.sv", 2372: pcs_tb_top.AST_ESD_EXACTLY2: started at 10004000ps failed at 10036000ps
	Offending '(!((((pcs_tb_top.dut_if.Dout[3] inside {3'b010, 3'b110}) && (pcs_tb_top.dut_if.Dout[2] inside {3'b010, 3'b110})) && (pcs_tb_top.dut_if.Dout[1] inside {3'b010, 3'b110})) && (pcs_tb_top.dut_if.Dout[0] inside {3'b010, 3'b110})))'
Error: "uvm_tb.sv", 2372: pcs_tb_top.AST_ESD_EXACTLY2: at time 10036000 ps
[ASSERT/ORDER] All-±2 output persists after ESD2 (stuck in ESD?) @ 10036000
"uvm_tb.sv", 2355: pcs_tb_top.AST_SDD_EXACTLY2: started at 10028000ps failed at 10044000ps
	Offending '(!((((pcs_tb_top.dut_if.Dout[3] inside {3'b010, 3'b110}) && (pcs_tb_top.dut_if.Dout[2] inside {3'b010, 3'b110})) && (pcs_tb_top.dut_if.Dout[1] inside {3'b010, 3'b110})) && (pcs_tb_top.dut_if.Dout[0] inside {3'b010, 3'b110})))'
Error: "uvm_tb.sv", 2355: pcs_tb_top.AST_SDD_EXACTLY2: at time 10044000 ps
[ASSERT/ORDER] All-±2 output persists after SDD2 (stuck in SDD?) @ 10044000
UVM_ERROR uvm_tb.sv(1312) @ 10060000: uvm_test_top.env.sb [SB/SYM] MISMATCH exp=270 act=3f2 ph=PH_IDLE cycle=1251
UVM_ERROR uvm_tb.sv(1312) @ 10068000: uvm_test_top.env.sb [SB/SYM] MISMATCH exp=c08 act=db9 ph=PH_IDLE cycle=1252
UVM_ERROR uvm_tb.sv(1312) @ 10076000: uvm_test_top.env.sb [SB/SYM] MISMATCH exp=5ff act=479 ph=PH_IDLE cycle=1253
UVM_ERROR uvm_tb.sv(1312) @ 10084000: uvm_test_top.env.sb [SB/SYM] MISMATCH exp=3b8 act=3ba ph=PH_IDLE cycle=1254
UVM_ERROR uvm_tb.sv(1312) @ 10092000: uvm_test_top.env.sb [SB/SYM] MISMATCH exp=4b1 act=c91 ph=PH_IDLE cycle=1255
UVM_ERROR uvm_tb.sv(1312) @ 10100000: uvm_test_top.env.sb [SB/SYM] MISMATCH exp=d89 act=5b2 ph=PH_IDLE cycle=1256
UVM_ERROR uvm_tb.sv(1312) @ 10108000: uvm_test_top.env.sb [SB/SYM] MISMATCH exp=c96 act=5b2 ph=PH_IDLE cycle=1257
UVM_ERROR uvm_tb.sv(1312) @ 10116000: uvm_test_top.env.sb [SB/SYM] MISMATCH exp=db6 act=d92 ph=PH_IDLE cycle=1258
"uvm_tb.sv", 2372: pcs_tb_top.AST_ESD_EXACTLY2: started at 10092000ps failed at 10124000ps
	Offending '(!((((pcs_tb_top.dut_if.Dout[3] inside {3'b010, 3'b110}) && (pcs_tb_top.dut_if.Dout[2] inside {3'b010, 3'b110})) && (pcs_tb_top.dut_if.Dout[1] inside {3'b010, 3'b110})) && (pcs_tb_top.dut_if.Dout[0] inside {3'b010, 3'b110})))'
Error: "uvm_tb.sv", 2372: pcs_tb_top.AST_ESD_EXACTLY2: at time 10124000 ps
[ASSERT/ORDER] All-±2 output persists after ESD2 (stuck in ESD?) @ 10124000
UVM_ERROR uvm_tb.sv(1312) @ 10140000: uvm_test_top.env.sb [SB/SYM] MISMATCH exp=180 act=190 ph=PH_IDLE cycle=1261
UVM_ERROR uvm_tb.sv(1312) @ 10148000: uvm_test_top.env.sb [SB/SYM] MISMATCH exp=496 act=006 ph=PH_IDLE cycle=1262
UVM_ERROR uvm_tb.sv(1312) @ 10156000: uvm_test_top.env.sb [SB/SYM] MISMATCH exp=000 act=086 ph=PH_IDLE cycle=1263
UVM_ERROR uvm_tb.sv(1312) @ 10164000: uvm_test_top.env.sb [SB/SYM] MISMATCH exp=d80 act=030 ph=PH_SDD cycle=1264
"uvm_tb.sv", 2275: pcs_tb_top.AST_SDD1_NONZERO: started at 10164000ps failed at 10164000ps
	Offending '((((pcs_tb_top.dut_if.Dout[3] inside {3'b010, 3'b110}) && (pcs_tb_top.dut_if.Dout[2] inside {3'b010, 3'b110})) && (pcs_tb_top.dut_if.Dout[1] inside {3'b010, 3'b110})) && (pcs_tb_top.dut_if.Dout[0] inside {3'b010, 3'b110}))'
Error: "uvm_tb.sv", 2275: pcs_tb_top.AST_SDD1_NONZERO: at time 10164000 ps
[ASSERT/SDD] SDD1: lane(s) not ±2 at TX_EN rise: got 030 @ 10164000
"uvm_tb.sv", 2355: pcs_tb_top.AST_SDD_EXACTLY2: started at 10164000ps failed at 10180000ps
	Offending '(!((((pcs_tb_top.dut_if.Dout[3] inside {3'b010, 3'b110}) && (pcs_tb_top.dut_if.Dout[2] inside {3'b010, 3'b110})) && (pcs_tb_top.dut_if.Dout[1] inside {3'b010, 3'b110})) && (pcs_tb_top.dut_if.Dout[0] inside {3'b010, 3'b110})))'
Error: "uvm_tb.sv", 2355: pcs_tb_top.AST_SDD_EXACTLY2: at time 10180000 ps
[ASSERT/ORDER] All-±2 output persists after SDD2 (stuck in SDD?) @ 10180000
UVM_ERROR uvm_tb.sv(1312) @ 10188000: uvm_test_top.env.sb [SB/SYM] MISMATCH exp=012 act=002 ph=PH_DATA cycle=1267
UVM_ERROR uvm_tb.sv(1312) @ 10196000: uvm_test_top.env.sb [SB/SYM] MISMATCH exp=f97 act=f91 ph=PH_DATA cycle=1268
UVM_ERROR uvm_tb.sv(1312) @ 10204000: uvm_test_top.env.sb [SB/SYM] MISMATCH exp=039 act=038 ph=PH_DATA cycle=1269
UVM_ERROR uvm_tb.sv(1312) @ 10212000: uvm_test_top.env.sb [SB/SYM] MISMATCH exp=477 act=c40 ph=PH_DATA cycle=1270
UVM_ERROR uvm_tb.sv(1312) @ 10220000: uvm_test_top.env.sb [SB/SYM] MISMATCH exp=f82 act=f87 ph=PH_DATA cycle=1271
UVM_ERROR uvm_tb.sv(1312) @ 10228000: uvm_test_top.env.sb [SB/SYM] MISMATCH exp=fd1 act=271 ph=PH_DATA cycle=1272
UVM_ERROR uvm_tb.sv(1312) @ 10236000: uvm_test_top.env.sb [SB/SYM] MISMATCH exp=5f1 act=dd0 ph=PH_CSR cycle=1273
UVM_ERROR uvm_tb.sv(1312) @ 10244000: uvm_test_top.env.sb [SB/SYM] MISMATCH exp=c96 act=cb7 ph=PH_CSR cycle=1274
UVM_ERROR uvm_tb.sv(1312) @ 10252000: uvm_test_top.env.sb [SB/SYM] MISMATCH exp=c96 act=596 ph=PH_ESD cycle=1275
UVM_ERROR uvm_tb.sv(1312) @ 10260000: uvm_test_top.env.sb [SB/SYM] MISMATCH exp=db6 act=cb2 ph=PH_ESD cycle=1276
"uvm_tb.sv", 2372: pcs_tb_top.AST_ESD_EXACTLY2: started at 10236000ps failed at 10268000ps
	Offending '(!((((pcs_tb_top.dut_if.Dout[3] inside {3'b010, 3'b110}) && (pcs_tb_top.dut_if.Dout[2] inside {3'b010, 3'b110})) && (pcs_tb_top.dut_if.Dout[1] inside {3'b010, 3'b110})) && (pcs_tb_top.dut_if.Dout[0] inside {3'b010, 3'b110})))'
Error: "uvm_tb.sv", 2372: pcs_tb_top.AST_ESD_EXACTLY2: at time 10268000 ps
[ASSERT/ORDER] All-±2 output persists after ESD2 (stuck in ESD?) @ 10268000
"uvm_tb.sv", 2355: pcs_tb_top.AST_SDD_EXACTLY2: started at 10268000ps failed at 10284000ps
	Offending '(!((((pcs_tb_top.dut_if.Dout[3] inside {3'b010, 3'b110}) && (pcs_tb_top.dut_if.Dout[2] inside {3'b010, 3'b110})) && (pcs_tb_top.dut_if.Dout[1] inside {3'b010, 3'b110})) && (pcs_tb_top.dut_if.Dout[0] inside {3'b010, 3'b110})))'
Error: "uvm_tb.sv", 2355: pcs_tb_top.AST_SDD_EXACTLY2: at time 10284000 ps
[ASSERT/ORDER] All-±2 output persists after SDD2 (stuck in SDD?) @ 10284000
UVM_ERROR uvm_tb.sv(1312) @ 10292000: uvm_test_top.env.sb [SB/SYM] MISMATCH exp=c02 act=c12 ph=PH_DATA cycle=1280
UVM_ERROR uvm_tb.sv(1312) @ 10300000: uvm_test_top.env.sb [SB/SYM] MISMATCH exp=182 act=032 ph=PH_DATA cycle=1281
UVM_ERROR uvm_tb.sv(1312) @ 10308000: uvm_test_top.env.sb [SB/SYM] MISMATCH exp=010 act=c31 ph=PH_DATA cycle=1282
UVM_ERROR uvm_tb.sv(1312) @ 10316000: uvm_test_top.env.sb [SB/SYM] MISMATCH exp=dc7 act=057 ph=PH_CSR cycle=1283
UVM_ERROR uvm_tb.sv(1312) @ 10324000: uvm_test_top.env.sb [SB/SYM] MISMATCH exp=2b6 act=e8a ph=PH_CSR cycle=1284
UVM_ERROR uvm_tb.sv(1312) @ 10332000: uvm_test_top.env.sb [SB/SYM] MISMATCH exp=d89 act=d97 ph=PH_ESD cycle=1285
"uvm_tb.sv", 2305: pcs_tb_top.AST_ESD1_NONZERO: started at 10316000ps failed at 10332000ps
	Offending '((((pcs_tb_top.dut_if.Dout[3] inside {3'b010, 3'b110}) && (pcs_tb_top.dut_if.Dout[2] inside {3'b010, 3'b110})) && (pcs_tb_top.dut_if.Dout[1] inside {3'b010, 3'b110})) && (pcs_tb_top.dut_if.Dout[0] inside {3'b010, 3'b110}))'
Error: "uvm_tb.sv", 2305: pcs_tb_top.AST_ESD1_NONZERO: at time 10332000 ps
[ASSERT/ESD] ESD1: lane(s) not ±2 two cycles after TX_EN fall: got d97 @ 10332000
UVM_ERROR uvm_tb.sv(1312) @ 10340000: uvm_test_top.env.sb [SB/SYM] MISMATCH exp=db6 act=cb6 ph=PH_ESD cycle=1286
"uvm_tb.sv", 2372: pcs_tb_top.AST_ESD_EXACTLY2: started at 10316000ps failed at 10348000ps
	Offending '(!((((pcs_tb_top.dut_if.Dout[3] inside {3'b010, 3'b110}) && (pcs_tb_top.dut_if.Dout[2] inside {3'b010, 3'b110})) && (pcs_tb_top.dut_if.Dout[1] inside {3'b010, 3'b110})) && (pcs_tb_top.dut_if.Dout[0] inside {3'b010, 3'b110})))'
Error: "uvm_tb.sv", 2372: pcs_tb_top.AST_ESD_EXACTLY2: at time 10348000 ps
[ASSERT/ORDER] All-±2 output persists after ESD2 (stuck in ESD?) @ 10348000
"uvm_tb.sv", 2355: pcs_tb_top.AST_SDD_EXACTLY2: started at 10340000ps failed at 10356000ps
	Offending '(!((((pcs_tb_top.dut_if.Dout[3] inside {3'b010, 3'b110}) && (pcs_tb_top.dut_if.Dout[2] inside {3'b010, 3'b110})) && (pcs_tb_top.dut_if.Dout[1] inside {3'b010, 3'b110})) && (pcs_tb_top.dut_if.Dout[0] inside {3'b010, 3'b110})))'
Error: "uvm_tb.sv", 2355: pcs_tb_top.AST_SDD_EXACTLY2: at time 10356000 ps
[ASSERT/ORDER] All-±2 output persists after SDD2 (stuck in SDD?) @ 10356000
UVM_ERROR uvm_tb.sv(1312) @ 10372000: uvm_test_top.env.sb [SB/SYM] MISMATCH exp=288 act=28e ph=PH_IDLE cycle=1290
UVM_ERROR uvm_tb.sv(1312) @ 10380000: uvm_test_top.env.sb [SB/SYM] MISMATCH exp=296 act=c76 ph=PH_IDLE cycle=1291
UVM_ERROR uvm_tb.sv(1312) @ 10388000: uvm_test_top.env.sb [SB/SYM] MISMATCH exp=d89 act=c97 ph=PH_IDLE cycle=1292
"uvm_tb.sv", 2305: pcs_tb_top.AST_ESD1_NONZERO: started at 10372000ps failed at 10388000ps
	Offending '((((pcs_tb_top.dut_if.Dout[3] inside {3'b010, 3'b110}) && (pcs_tb_top.dut_if.Dout[2] inside {3'b010, 3'b110})) && (pcs_tb_top.dut_if.Dout[1] inside {3'b010, 3'b110})) && (pcs_tb_top.dut_if.Dout[0] inside {3'b010, 3'b110}))'
Error: "uvm_tb.sv", 2305: pcs_tb_top.AST_ESD1_NONZERO: at time 10388000 ps
[ASSERT/ESD] ESD1: lane(s) not ±2 two cycles after TX_EN fall: got c97 @ 10388000
UVM_ERROR uvm_tb.sv(1312) @ 10396000: uvm_test_top.env.sb [SB/SYM] MISMATCH exp=db6 act=596 ph=PH_IDLE cycle=1293
"uvm_tb.sv", 2372: pcs_tb_top.AST_ESD_EXACTLY2: started at 10372000ps failed at 10404000ps
	Offending '(!((((pcs_tb_top.dut_if.Dout[3] inside {3'b010, 3'b110}) && (pcs_tb_top.dut_if.Dout[2] inside {3'b010, 3'b110})) && (pcs_tb_top.dut_if.Dout[1] inside {3'b010, 3'b110})) && (pcs_tb_top.dut_if.Dout[0] inside {3'b010, 3'b110})))'
Error: "uvm_tb.sv", 2372: pcs_tb_top.AST_ESD_EXACTLY2: at time 10404000 ps
[ASSERT/ORDER] All-±2 output persists after ESD2 (stuck in ESD?) @ 10404000
UVM_ERROR uvm_tb.sv(1312) @ 10412000: uvm_test_top.env.sb [SB/SYM] MISMATCH exp=d82 act=012 ph=PH_IDLE cycle=1295
UVM_ERROR uvm_tb.sv(1312) @ 10420000: uvm_test_top.env.sb [SB/SYM] MISMATCH exp=c86 act=080 ph=PH_IDLE cycle=1296
UVM_ERROR uvm_tb.sv(1312) @ 10428000: uvm_test_top.env.sb [SB/SYM] MISMATCH exp=c10 act=002 ph=PH_IDLE cycle=1297
UVM_ERROR uvm_tb.sv(1312) @ 10436000: uvm_test_top.env.sb [SB/SYM] MISMATCH exp=002 act=090 ph=PH_IDLE cycle=1298
UVM_ERROR uvm_tb.sv(1312) @ 10444000: uvm_test_top.env.sb [SB/SYM] MISMATCH exp=590 act=180 ph=PH_SDD cycle=1299
"uvm_tb.sv", 2275: pcs_tb_top.AST_SDD1_NONZERO: started at 10444000ps failed at 10444000ps
	Offending '((((pcs_tb_top.dut_if.Dout[3] inside {3'b010, 3'b110}) && (pcs_tb_top.dut_if.Dout[2] inside {3'b010, 3'b110})) && (pcs_tb_top.dut_if.Dout[1] inside {3'b010, 3'b110})) && (pcs_tb_top.dut_if.Dout[0] inside {3'b010, 3'b110}))'
Error: "uvm_tb.sv", 2275: pcs_tb_top.AST_SDD1_NONZERO: at time 10444000 ps
[ASSERT/SDD] SDD1: lane(s) not ±2 at TX_EN rise: got 180 @ 10444000
"uvm_tb.sv", 2355: pcs_tb_top.AST_SDD_EXACTLY2: started at 10444000ps failed at 10460000ps
	Offending '(!((((pcs_tb_top.dut_if.Dout[3] inside {3'b010, 3'b110}) && (pcs_tb_top.dut_if.Dout[2] inside {3'b010, 3'b110})) && (pcs_tb_top.dut_if.Dout[1] inside {3'b010, 3'b110})) && (pcs_tb_top.dut_if.Dout[0] inside {3'b010, 3'b110})))'
Error: "uvm_tb.sv", 2355: pcs_tb_top.AST_SDD_EXACTLY2: at time 10460000 ps
[ASSERT/ORDER] All-±2 output persists after SDD2 (stuck in SDD?) @ 10460000
UVM_ERROR uvm_tb.sv(1312) @ 10468000: uvm_test_top.env.sb [SB/SYM] MISMATCH exp=d80 act=182 ph=PH_DATA cycle=1302
UVM_ERROR uvm_tb.sv(1312) @ 10476000: uvm_test_top.env.sb [SB/SYM] MISMATCH exp=250 act=246 ph=PH_DATA cycle=1303
UVM_ERROR uvm_tb.sv(1312) @ 10484000: uvm_test_top.env.sb [SB/SYM] MISMATCH exp=c3e act=088 ph=PH_DATA cycle=1304
UVM_ERROR uvm_tb.sv(1312) @ 10492000: uvm_test_top.env.sb [SB/SYM] MISMATCH exp=c42 act=c70 ph=PH_DATA cycle=1305
UVM_ERROR uvm_tb.sv(1312) @ 10500000: uvm_test_top.env.sb [SB/SYM] MISMATCH exp=3c1 act=242 ph=PH_DATA cycle=1306
UVM_ERROR uvm_tb.sv(1312) @ 10508000: uvm_test_top.env.sb [SB/SYM] MISMATCH exp=18a act=0b9 ph=PH_DATA cycle=1307
UVM_ERROR uvm_tb.sv(1312) @ 10516000: uvm_test_top.env.sb [SB/SYM] MISMATCH exp=dc8 act=dca ph=PH_CSR cycle=1308
UVM_ERROR uvm_tb.sv(1312) @ 10524000: uvm_test_top.env.sb [SB/SYM] MISMATCH exp=cb1 act=c92 ph=PH_CSR cycle=1309
UVM_ERROR uvm_tb.sv(1312) @ 10532000: uvm_test_top.env.sb [SB/SYM] MISMATCH exp=d89 act=5b2 ph=PH_ESD cycle=1310
UVM_ERROR uvm_tb.sv(1312) @ 10540000: uvm_test_top.env.sb [SB/SYM] MISMATCH exp=db6 act=c96 ph=PH_ESD cycle=1311
"uvm_tb.sv", 2372: pcs_tb_top.AST_ESD_EXACTLY2: started at 10516000ps failed at 10548000ps
	Offending '(!((((pcs_tb_top.dut_if.Dout[3] inside {3'b010, 3'b110}) && (pcs_tb_top.dut_if.Dout[2] inside {3'b010, 3'b110})) && (pcs_tb_top.dut_if.Dout[1] inside {3'b010, 3'b110})) && (pcs_tb_top.dut_if.Dout[0] inside {3'b010, 3'b110})))'
Error: "uvm_tb.sv", 2372: pcs_tb_top.AST_ESD_EXACTLY2: at time 10548000 ps
[ASSERT/ORDER] All-±2 output persists after ESD2 (stuck in ESD?) @ 10548000
UVM_ERROR uvm_tb.sv(1312) @ 10556000: uvm_test_top.env.sb [SB/SYM] MISMATCH exp=402 act=002 ph=PH_IDLE cycle=1313
UVM_ERROR uvm_tb.sv(1312) @ 10572000: uvm_test_top.env.sb [SB/SYM] MISMATCH exp=c02 act=000 ph=PH_IDLE cycle=1315
UVM_ERROR uvm_tb.sv(1312) @ 10580000: uvm_test_top.env.sb [SB/SYM] MISMATCH exp=c30 act=0b2 ph=PH_IDLE cycle=1316
UVM_ERROR uvm_tb.sv(1312) @ 10588000: uvm_test_top.env.sb [SB/SYM] MISMATCH exp=486 act=006 ph=PH_SDD cycle=1317
"uvm_tb.sv", 2275: pcs_tb_top.AST_SDD1_NONZERO: started at 10588000ps failed at 10588000ps
	Offending '((((pcs_tb_top.dut_if.Dout[3] inside {3'b010, 3'b110}) && (pcs_tb_top.dut_if.Dout[2] inside {3'b010, 3'b110})) && (pcs_tb_top.dut_if.Dout[1] inside {3'b010, 3'b110})) && (pcs_tb_top.dut_if.Dout[0] inside {3'b010, 3'b110}))'
Error: "uvm_tb.sv", 2275: pcs_tb_top.AST_SDD1_NONZERO: at time 10588000 ps
[ASSERT/SDD] SDD1: lane(s) not ±2 at TX_EN rise: got 006 @ 10588000
"uvm_tb.sv", 2355: pcs_tb_top.AST_SDD_EXACTLY2: started at 10588000ps failed at 10604000ps
	Offending '(!((((pcs_tb_top.dut_if.Dout[3] inside {3'b010, 3'b110}) && (pcs_tb_top.dut_if.Dout[2] inside {3'b010, 3'b110})) && (pcs_tb_top.dut_if.Dout[1] inside {3'b010, 3'b110})) && (pcs_tb_top.dut_if.Dout[0] inside {3'b010, 3'b110})))'
Error: "uvm_tb.sv", 2355: pcs_tb_top.AST_SDD_EXACTLY2: at time 10604000 ps
[ASSERT/ORDER] All-±2 output persists after SDD2 (stuck in SDD?) @ 10604000
UVM_ERROR uvm_tb.sv(1312) @ 10612000: uvm_test_top.env.sb [SB/SYM] MISMATCH exp=c00 act=006 ph=PH_CSR cycle=1320
UVM_ERROR uvm_tb.sv(1312) @ 10636000: uvm_test_top.env.sb [SB/SYM] MISMATCH exp=db6 act=4b6 ph=PH_ESD cycle=1323
"uvm_tb.sv", 2372: pcs_tb_top.AST_ESD_EXACTLY2: started at 10612000ps failed at 10644000ps
	Offending '(!((((pcs_tb_top.dut_if.Dout[3] inside {3'b010, 3'b110}) && (pcs_tb_top.dut_if.Dout[2] inside {3'b010, 3'b110})) && (pcs_tb_top.dut_if.Dout[1] inside {3'b010, 3'b110})) && (pcs_tb_top.dut_if.Dout[0] inside {3'b010, 3'b110})))'
Error: "uvm_tb.sv", 2372: pcs_tb_top.AST_ESD_EXACTLY2: at time 10644000 ps
[ASSERT/ORDER] All-±2 output persists after ESD2 (stuck in ESD?) @ 10644000
UVM_ERROR uvm_tb.sv(1312) @ 10652000: uvm_test_top.env.sb [SB/SYM] MISMATCH exp=c12 act=180 ph=PH_IDLE cycle=1325
UVM_ERROR uvm_tb.sv(1312) @ 10660000: uvm_test_top.env.sb [SB/SYM] MISMATCH exp=002 act=032 ph=PH_IDLE cycle=1326
UVM_ERROR uvm_tb.sv(1312) @ 10668000: uvm_test_top.env.sb [SB/SYM] MISMATCH exp=590 act=000 ph=PH_SDD cycle=1327
"uvm_tb.sv", 2275: pcs_tb_top.AST_SDD1_NONZERO: started at 10668000ps failed at 10668000ps
	Offending '((((pcs_tb_top.dut_if.Dout[3] inside {3'b010, 3'b110}) && (pcs_tb_top.dut_if.Dout[2] inside {3'b010, 3'b110})) && (pcs_tb_top.dut_if.Dout[1] inside {3'b010, 3'b110})) && (pcs_tb_top.dut_if.Dout[0] inside {3'b010, 3'b110}))'
Error: "uvm_tb.sv", 2275: pcs_tb_top.AST_SDD1_NONZERO: at time 10668000 ps
[ASSERT/SDD] SDD1: lane(s) not ±2 at TX_EN rise: got 000 @ 10668000
"uvm_tb.sv", 2355: pcs_tb_top.AST_SDD_EXACTLY2: started at 10668000ps failed at 10684000ps
	Offending '(!((((pcs_tb_top.dut_if.Dout[3] inside {3'b010, 3'b110}) && (pcs_tb_top.dut_if.Dout[2] inside {3'b010, 3'b110})) && (pcs_tb_top.dut_if.Dout[1] inside {3'b010, 3'b110})) && (pcs_tb_top.dut_if.Dout[0] inside {3'b010, 3'b110})))'
Error: "uvm_tb.sv", 2355: pcs_tb_top.AST_SDD_EXACTLY2: at time 10684000 ps
[ASSERT/ORDER] All-±2 output persists after SDD2 (stuck in SDD?) @ 10684000
UVM_ERROR uvm_tb.sv(1312) @ 10692000: uvm_test_top.env.sb [SB/SYM] MISMATCH exp=090 act=080 ph=PH_DATA cycle=1330
UVM_ERROR uvm_tb.sv(1312) @ 10700000: uvm_test_top.env.sb [SB/SYM] MISMATCH exp=48f act=0b9 ph=PH_CSR cycle=1331
UVM_ERROR uvm_tb.sv(1312) @ 10708000: uvm_test_top.env.sb [SB/SYM] MISMATCH exp=db7 act=d92 ph=PH_CSR cycle=1332
UVM_ERROR uvm_tb.sv(1312) @ 10716000: uvm_test_top.env.sb [SB/SYM] MISMATCH exp=d89 act=5b6 ph=PH_ESD cycle=1333
UVM_ERROR uvm_tb.sv(1312) @ 10724000: uvm_test_top.env.sb [SB/SYM] MISMATCH exp=db6 act=cb6 ph=PH_ESD cycle=1334
"uvm_tb.sv", 2372: pcs_tb_top.AST_ESD_EXACTLY2: started at 10700000ps failed at 10732000ps
	Offending '(!((((pcs_tb_top.dut_if.Dout[3] inside {3'b010, 3'b110}) && (pcs_tb_top.dut_if.Dout[2] inside {3'b010, 3'b110})) && (pcs_tb_top.dut_if.Dout[1] inside {3'b010, 3'b110})) && (pcs_tb_top.dut_if.Dout[0] inside {3'b010, 3'b110})))'
Error: "uvm_tb.sv", 2372: pcs_tb_top.AST_ESD_EXACTLY2: at time 10732000 ps
[ASSERT/ORDER] All-±2 output persists after ESD2 (stuck in ESD?) @ 10732000
UVM_ERROR uvm_tb.sv(1312) @ 10740000: uvm_test_top.env.sb [SB/SYM] MISMATCH exp=002 act=180 ph=PH_IDLE cycle=1336
UVM_ERROR uvm_tb.sv(1312) @ 10748000: uvm_test_top.env.sb [SB/SYM] MISMATCH exp=cb0 act=080 ph=PH_IDLE cycle=1337
UVM_ERROR uvm_tb.sv(1312) @ 10756000: uvm_test_top.env.sb [SB/SYM] MISMATCH exp=086 act=036 ph=PH_SDD cycle=1338
"uvm_tb.sv", 2275: pcs_tb_top.AST_SDD1_NONZERO: started at 10756000ps failed at 10756000ps
	Offending '((((pcs_tb_top.dut_if.Dout[3] inside {3'b010, 3'b110}) && (pcs_tb_top.dut_if.Dout[2] inside {3'b010, 3'b110})) && (pcs_tb_top.dut_if.Dout[1] inside {3'b010, 3'b110})) && (pcs_tb_top.dut_if.Dout[0] inside {3'b010, 3'b110}))'
Error: "uvm_tb.sv", 2275: pcs_tb_top.AST_SDD1_NONZERO: at time 10756000 ps
[ASSERT/SDD] SDD1: lane(s) not ±2 at TX_EN rise: got 036 @ 10756000
"uvm_tb.sv", 2355: pcs_tb_top.AST_SDD_EXACTLY2: started at 10756000ps failed at 10772000ps
	Offending '(!((((pcs_tb_top.dut_if.Dout[3] inside {3'b010, 3'b110}) && (pcs_tb_top.dut_if.Dout[2] inside {3'b010, 3'b110})) && (pcs_tb_top.dut_if.Dout[1] inside {3'b010, 3'b110})) && (pcs_tb_top.dut_if.Dout[0] inside {3'b010, 3'b110})))'
Error: "uvm_tb.sv", 2355: pcs_tb_top.AST_SDD_EXACTLY2: at time 10772000 ps
[ASSERT/ORDER] All-±2 output persists after SDD2 (stuck in SDD?) @ 10772000
UVM_ERROR uvm_tb.sv(1312) @ 10780000: uvm_test_top.env.sb [SB/SYM] MISMATCH exp=180 act=016 ph=PH_DATA cycle=1341
UVM_ERROR uvm_tb.sv(1312) @ 10788000: uvm_test_top.env.sb [SB/SYM] MISMATCH exp=40f act=43f ph=PH_DATA cycle=1342
UVM_ERROR uvm_tb.sv(1312) @ 10796000: uvm_test_top.env.sb [SB/SYM] MISMATCH exp=38f act=3be ph=PH_CSR cycle=1343
UVM_ERROR uvm_tb.sv(1312) @ 10804000: uvm_test_top.env.sb [SB/SYM] MISMATCH exp=c56 act=c52 ph=PH_CSR cycle=1344
UVM_ERROR uvm_tb.sv(1312) @ 10812000: uvm_test_top.env.sb [SB/SYM] MISMATCH exp=d89 act=491 ph=PH_ESD cycle=1345
"uvm_tb.sv", 2305: pcs_tb_top.AST_ESD1_NONZERO: started at 10796000ps failed at 10812000ps
	Offending '((((pcs_tb_top.dut_if.Dout[3] inside {3'b010, 3'b110}) && (pcs_tb_top.dut_if.Dout[2] inside {3'b010, 3'b110})) && (pcs_tb_top.dut_if.Dout[1] inside {3'b010, 3'b110})) && (pcs_tb_top.dut_if.Dout[0] inside {3'b010, 3'b110}))'
Error: "uvm_tb.sv", 2305: pcs_tb_top.AST_ESD1_NONZERO: at time 10812000 ps
[ASSERT/ESD] ESD1: lane(s) not ±2 two cycles after TX_EN fall: got 491 @ 10812000
UVM_ERROR uvm_tb.sv(1312) @ 10820000: uvm_test_top.env.sb [SB/SYM] MISMATCH exp=db6 act=596 ph=PH_ESD cycle=1346
"uvm_tb.sv", 2372: pcs_tb_top.AST_ESD_EXACTLY2: started at 10796000ps failed at 10828000ps
	Offending '(!((((pcs_tb_top.dut_if.Dout[3] inside {3'b010, 3'b110}) && (pcs_tb_top.dut_if.Dout[2] inside {3'b010, 3'b110})) && (pcs_tb_top.dut_if.Dout[1] inside {3'b010, 3'b110})) && (pcs_tb_top.dut_if.Dout[0] inside {3'b010, 3'b110})))'
Error: "uvm_tb.sv", 2372: pcs_tb_top.AST_ESD_EXACTLY2: at time 10828000 ps
[ASSERT/ORDER] All-±2 output persists after ESD2 (stuck in ESD?) @ 10828000
UVM_ERROR uvm_tb.sv(1312) @ 10836000: uvm_test_top.env.sb [SB/SYM] MISMATCH exp=582 act=180 ph=PH_IDLE cycle=1348
UVM_ERROR uvm_tb.sv(1312) @ 10844000: uvm_test_top.env.sb [SB/SYM] MISMATCH exp=410 act=192 ph=PH_IDLE cycle=1349
UVM_ERROR uvm_tb.sv(1312) @ 10852000: uvm_test_top.env.sb [SB/SYM] MISMATCH exp=032 act=000 ph=PH_SDD cycle=1350
"uvm_tb.sv", 2275: pcs_tb_top.AST_SDD1_NONZERO: started at 10852000ps failed at 10852000ps
	Offending '((((pcs_tb_top.dut_if.Dout[3] inside {3'b010, 3'b110}) && (pcs_tb_top.dut_if.Dout[2] inside {3'b010, 3'b110})) && (pcs_tb_top.dut_if.Dout[1] inside {3'b010, 3'b110})) && (pcs_tb_top.dut_if.Dout[0] inside {3'b010, 3'b110}))'
Error: "uvm_tb.sv", 2275: pcs_tb_top.AST_SDD1_NONZERO: at time 10852000 ps
[ASSERT/SDD] SDD1: lane(s) not ±2 at TX_EN rise: got 000 @ 10852000
"uvm_tb.sv", 2355: pcs_tb_top.AST_SDD_EXACTLY2: started at 10852000ps failed at 10868000ps
	Offending '(!((((pcs_tb_top.dut_if.Dout[3] inside {3'b010, 3'b110}) && (pcs_tb_top.dut_if.Dout[2] inside {3'b010, 3'b110})) && (pcs_tb_top.dut_if.Dout[1] inside {3'b010, 3'b110})) && (pcs_tb_top.dut_if.Dout[0] inside {3'b010, 3'b110})))'
Error: "uvm_tb.sv", 2355: pcs_tb_top.AST_SDD_EXACTLY2: at time 10868000 ps
[ASSERT/ORDER] All-±2 output persists after SDD2 (stuck in SDD?) @ 10868000
UVM_ERROR uvm_tb.sv(1312) @ 10876000: uvm_test_top.env.sb [SB/SYM] MISMATCH exp=480 act=096 ph=PH_CSR cycle=1353
UVM_ERROR uvm_tb.sv(1312) @ 10900000: uvm_test_top.env.sb [SB/SYM] MISMATCH exp=db6 act=d92 ph=PH_ESD cycle=1356
"uvm_tb.sv", 2372: pcs_tb_top.AST_ESD_EXACTLY2: started at 10876000ps failed at 10908000ps
	Offending '(!((((pcs_tb_top.dut_if.Dout[3] inside {3'b010, 3'b110}) && (pcs_tb_top.dut_if.Dout[2] inside {3'b010, 3'b110})) && (pcs_tb_top.dut_if.Dout[1] inside {3'b010, 3'b110})) && (pcs_tb_top.dut_if.Dout[0] inside {3'b010, 3'b110})))'
Error: "uvm_tb.sv", 2372: pcs_tb_top.AST_ESD_EXACTLY2: at time 10908000 ps
[ASSERT/ORDER] All-±2 output persists after ESD2 (stuck in ESD?) @ 10908000
"uvm_tb.sv", 2355: pcs_tb_top.AST_SDD_EXACTLY2: started at 10908000ps failed at 10924000ps
	Offending '(!((((pcs_tb_top.dut_if.Dout[3] inside {3'b010, 3'b110}) && (pcs_tb_top.dut_if.Dout[2] inside {3'b010, 3'b110})) && (pcs_tb_top.dut_if.Dout[1] inside {3'b010, 3'b110})) && (pcs_tb_top.dut_if.Dout[0] inside {3'b010, 3'b110})))'
Error: "uvm_tb.sv", 2355: pcs_tb_top.AST_SDD_EXACTLY2: at time 10924000 ps
[ASSERT/ORDER] All-±2 output persists after SDD2 (stuck in SDD?) @ 10924000
UVM_ERROR uvm_tb.sv(1312) @ 10940000: uvm_test_top.env.sb [SB/SYM] MISMATCH exp=047 act=1c7 ph=PH_DATA cycle=1361
UVM_ERROR uvm_tb.sv(1312) @ 10948000: uvm_test_top.env.sb [SB/SYM] MISMATCH exp=188 act=03e ph=PH_CSR cycle=1362
UVM_ERROR uvm_tb.sv(1312) @ 10956000: uvm_test_top.env.sb [SB/SYM] MISMATCH exp=d89 act=f8a ph=PH_CSR cycle=1363
UVM_ERROR uvm_tb.sv(1312) @ 10964000: uvm_test_top.env.sb [SB/SYM] MISMATCH exp=c96 act=5b1 ph=PH_ESD cycle=1364
"uvm_tb.sv", 2305: pcs_tb_top.AST_ESD1_NONZERO: started at 10948000ps failed at 10964000ps
	Offending '((((pcs_tb_top.dut_if.Dout[3] inside {3'b010, 3'b110}) && (pcs_tb_top.dut_if.Dout[2] inside {3'b010, 3'b110})) && (pcs_tb_top.dut_if.Dout[1] inside {3'b010, 3'b110})) && (pcs_tb_top.dut_if.Dout[0] inside {3'b010, 3'b110}))'
Error: "uvm_tb.sv", 2305: pcs_tb_top.AST_ESD1_NONZERO: at time 10964000 ps
[ASSERT/ESD] ESD1: lane(s) not ±2 two cycles after TX_EN fall: got 5b1 @ 10964000
"uvm_tb.sv", 2372: pcs_tb_top.AST_ESD_EXACTLY2: started at 10948000ps failed at 10980000ps
	Offending '(!((((pcs_tb_top.dut_if.Dout[3] inside {3'b010, 3'b110}) && (pcs_tb_top.dut_if.Dout[2] inside {3'b010, 3'b110})) && (pcs_tb_top.dut_if.Dout[1] inside {3'b010, 3'b110})) && (pcs_tb_top.dut_if.Dout[0] inside {3'b010, 3'b110})))'
Error: "uvm_tb.sv", 2372: pcs_tb_top.AST_ESD_EXACTLY2: at time 10980000 ps
[ASSERT/ORDER] All-±2 output persists after ESD2 (stuck in ESD?) @ 10980000
"uvm_tb.sv", 2355: pcs_tb_top.AST_SDD_EXACTLY2: started at 10972000ps failed at 10988000ps
	Offending '(!((((pcs_tb_top.dut_if.Dout[3] inside {3'b010, 3'b110}) && (pcs_tb_top.dut_if.Dout[2] inside {3'b010, 3'b110})) && (pcs_tb_top.dut_if.Dout[1] inside {3'b010, 3'b110})) && (pcs_tb_top.dut_if.Dout[0] inside {3'b010, 3'b110})))'
Error: "uvm_tb.sv", 2355: pcs_tb_top.AST_SDD_EXACTLY2: at time 10988000 ps
[ASSERT/ORDER] All-±2 output persists after SDD2 (stuck in SDD?) @ 10988000
UVM_ERROR uvm_tb.sv(1312) @ 11004000: uvm_test_top.env.sb [SB/SYM] MISMATCH exp=e49 act=ff9 ph=PH_IDLE cycle=1369
UVM_ERROR uvm_tb.sv(1312) @ 11012000: uvm_test_top.env.sb [SB/SYM] MISMATCH exp=e87 act=e97 ph=PH_IDLE cycle=1370
UVM_ERROR uvm_tb.sv(1312) @ 11020000: uvm_test_top.env.sb [SB/SYM] MISMATCH exp=009 act=0ba ph=PH_IDLE cycle=1371
UVM_ERROR uvm_tb.sv(1312) @ 11028000: uvm_test_top.env.sb [SB/SYM] MISMATCH exp=23a act=3b8 ph=PH_IDLE cycle=1372
UVM_ERROR uvm_tb.sv(1312) @ 11036000: uvm_test_top.env.sb [SB/SYM] MISMATCH exp=48a act=08a ph=PH_IDLE cycle=1373
UVM_ERROR uvm_tb.sv(1312) @ 11044000: uvm_test_top.env.sb [SB/SYM] MISMATCH exp=589 act=08f ph=PH_IDLE cycle=1374
UVM_ERROR uvm_tb.sv(1312) @ 11052000: uvm_test_top.env.sb [SB/SYM] MISMATCH exp=2b6 act=4b6 ph=PH_IDLE cycle=1375
UVM_ERROR uvm_tb.sv(1312) @ 11060000: uvm_test_top.env.sb [SB/SYM] MISMATCH exp=d89 act=db6 ph=PH_IDLE cycle=1376
UVM_ERROR uvm_tb.sv(1312) @ 11068000: uvm_test_top.env.sb [SB/SYM] MISMATCH exp=db6 act=d96 ph=PH_IDLE cycle=1377
"uvm_tb.sv", 2372: pcs_tb_top.AST_ESD_EXACTLY2: started at 11044000ps failed at 11076000ps
	Offending '(!((((pcs_tb_top.dut_if.Dout[3] inside {3'b010, 3'b110}) && (pcs_tb_top.dut_if.Dout[2] inside {3'b010, 3'b110})) && (pcs_tb_top.dut_if.Dout[1] inside {3'b010, 3'b110})) && (pcs_tb_top.dut_if.Dout[0] inside {3'b010, 3'b110})))'
Error: "uvm_tb.sv", 2372: pcs_tb_top.AST_ESD_EXACTLY2: at time 11076000 ps
[ASSERT/ORDER] All-±2 output persists after ESD2 (stuck in ESD?) @ 11076000
"uvm_tb.sv", 2355: pcs_tb_top.AST_SDD_EXACTLY2: started at 11076000ps failed at 11092000ps
	Offending '(!((((pcs_tb_top.dut_if.Dout[3] inside {3'b010, 3'b110}) && (pcs_tb_top.dut_if.Dout[2] inside {3'b010, 3'b110})) && (pcs_tb_top.dut_if.Dout[1] inside {3'b010, 3'b110})) && (pcs_tb_top.dut_if.Dout[0] inside {3'b010, 3'b110})))'
Error: "uvm_tb.sv", 2355: pcs_tb_top.AST_SDD_EXACTLY2: at time 11092000 ps
[ASSERT/ORDER] All-±2 output persists after SDD2 (stuck in SDD?) @ 11092000
UVM_ERROR uvm_tb.sv(1312) @ 11100000: uvm_test_top.env.sb [SB/SYM] MISMATCH exp=596 act=006 ph=PH_DATA cycle=1381
UVM_ERROR uvm_tb.sv(1312) @ 11108000: uvm_test_top.env.sb [SB/SYM] MISMATCH exp=c82 act=012 ph=PH_DATA cycle=1382
UVM_ERROR uvm_tb.sv(1312) @ 11116000: uvm_test_top.env.sb [SB/SYM] MISMATCH exp=242 act=03a ph=PH_DATA cycle=1383
UVM_ERROR uvm_tb.sv(1312) @ 11124000: uvm_test_top.env.sb [SB/SYM] MISMATCH exp=5b8 act=4bf ph=PH_CSR cycle=1384
UVM_ERROR uvm_tb.sv(1312) @ 11132000: uvm_test_top.env.sb [SB/SYM] MISMATCH exp=c8e act=db7 ph=PH_CSR cycle=1385
UVM_ERROR uvm_tb.sv(1312) @ 11140000: uvm_test_top.env.sb [SB/SYM] MISMATCH exp=d89 act=5b6 ph=PH_ESD cycle=1386
UVM_ERROR uvm_tb.sv(1312) @ 11148000: uvm_test_top.env.sb [SB/SYM] MISMATCH exp=db6 act=c96 ph=PH_ESD cycle=1387
"uvm_tb.sv", 2372: pcs_tb_top.AST_ESD_EXACTLY2: started at 11124000ps failed at 11156000ps
	Offending '(!((((pcs_tb_top.dut_if.Dout[3] inside {3'b010, 3'b110}) && (pcs_tb_top.dut_if.Dout[2] inside {3'b010, 3'b110})) && (pcs_tb_top.dut_if.Dout[1] inside {3'b010, 3'b110})) && (pcs_tb_top.dut_if.Dout[0] inside {3'b010, 3'b110})))'
Error: "uvm_tb.sv", 2372: pcs_tb_top.AST_ESD_EXACTLY2: at time 11156000 ps
[ASSERT/ORDER] All-±2 output persists after ESD2 (stuck in ESD?) @ 11156000
UVM_ERROR uvm_tb.sv(1312) @ 11172000: uvm_test_top.env.sb [SB/SYM] MISMATCH exp=000 act=1b6 ph=PH_SDD cycle=1390
"uvm_tb.sv", 2275: pcs_tb_top.AST_SDD1_NONZERO: started at 11172000ps failed at 11172000ps
	Offending '((((pcs_tb_top.dut_if.Dout[3] inside {3'b010, 3'b110}) && (pcs_tb_top.dut_if.Dout[2] inside {3'b010, 3'b110})) && (pcs_tb_top.dut_if.Dout[1] inside {3'b010, 3'b110})) && (pcs_tb_top.dut_if.Dout[0] inside {3'b010, 3'b110}))'
Error: "uvm_tb.sv", 2275: pcs_tb_top.AST_SDD1_NONZERO: at time 11172000 ps
[ASSERT/SDD] SDD1: lane(s) not ±2 at TX_EN rise: got 1b6 @ 11172000
"uvm_tb.sv", 2355: pcs_tb_top.AST_SDD_EXACTLY2: started at 11172000ps failed at 11188000ps
	Offending '(!((((pcs_tb_top.dut_if.Dout[3] inside {3'b010, 3'b110}) && (pcs_tb_top.dut_if.Dout[2] inside {3'b010, 3'b110})) && (pcs_tb_top.dut_if.Dout[1] inside {3'b010, 3'b110})) && (pcs_tb_top.dut_if.Dout[0] inside {3'b010, 3'b110})))'
Error: "uvm_tb.sv", 2355: pcs_tb_top.AST_SDD_EXACTLY2: at time 11188000 ps
[ASSERT/ORDER] All-±2 output persists after SDD2 (stuck in SDD?) @ 11188000
UVM_ERROR uvm_tb.sv(1312) @ 11204000: uvm_test_top.env.sb [SB/SYM] MISMATCH exp=3cf act=279 ph=PH_DATA cycle=1394
UVM_ERROR uvm_tb.sv(1312) @ 11212000: uvm_test_top.env.sb [SB/SYM] MISMATCH exp=071 act=040 ph=PH_CSR cycle=1395
UVM_ERROR uvm_tb.sv(1312) @ 11220000: uvm_test_top.env.sb [SB/SYM] MISMATCH exp=2b6 act=c56 ph=PH_CSR cycle=1396
UVM_ERROR uvm_tb.sv(1312) @ 11228000: uvm_test_top.env.sb [SB/SYM] MISMATCH exp=d89 act=db7 ph=PH_ESD cycle=1397
"uvm_tb.sv", 2305: pcs_tb_top.AST_ESD1_NONZERO: started at 11212000ps failed at 11228000ps
	Offending '((((pcs_tb_top.dut_if.Dout[3] inside {3'b010, 3'b110}) && (pcs_tb_top.dut_if.Dout[2] inside {3'b010, 3'b110})) && (pcs_tb_top.dut_if.Dout[1] inside {3'b010, 3'b110})) && (pcs_tb_top.dut_if.Dout[0] inside {3'b010, 3'b110}))'
Error: "uvm_tb.sv", 2305: pcs_tb_top.AST_ESD1_NONZERO: at time 11228000 ps
[ASSERT/ESD] ESD1: lane(s) not ±2 two cycles after TX_EN fall: got db7 @ 11228000
UVM_ERROR uvm_tb.sv(1312) @ 11236000: uvm_test_top.env.sb [SB/SYM] MISMATCH exp=db6 act=596 ph=PH_ESD cycle=1398
"uvm_tb.sv", 2372: pcs_tb_top.AST_ESD_EXACTLY2: started at 11212000ps failed at 11244000ps
	Offending '(!((((pcs_tb_top.dut_if.Dout[3] inside {3'b010, 3'b110}) && (pcs_tb_top.dut_if.Dout[2] inside {3'b010, 3'b110})) && (pcs_tb_top.dut_if.Dout[1] inside {3'b010, 3'b110})) && (pcs_tb_top.dut_if.Dout[0] inside {3'b010, 3'b110})))'
Error: "uvm_tb.sv", 2372: pcs_tb_top.AST_ESD_EXACTLY2: at time 11244000 ps
[ASSERT/ORDER] All-±2 output persists after ESD2 (stuck in ESD?) @ 11244000
"uvm_tb.sv", 2355: pcs_tb_top.AST_SDD_EXACTLY2: started at 11244000ps failed at 11260000ps
	Offending '(!((((pcs_tb_top.dut_if.Dout[3] inside {3'b010, 3'b110}) && (pcs_tb_top.dut_if.Dout[2] inside {3'b010, 3'b110})) && (pcs_tb_top.dut_if.Dout[1] inside {3'b010, 3'b110})) && (pcs_tb_top.dut_if.Dout[0] inside {3'b010, 3'b110})))'
Error: "uvm_tb.sv", 2355: pcs_tb_top.AST_SDD_EXACTLY2: at time 11260000 ps
[ASSERT/ORDER] All-±2 output persists after SDD2 (stuck in SDD?) @ 11260000
UVM_ERROR uvm_tb.sv(1312) @ 11268000: uvm_test_top.env.sb [SB/SYM] MISMATCH exp=082 act=080 ph=PH_CSR cycle=1402
UVM_ERROR uvm_tb.sv(1312) @ 11292000: uvm_test_top.env.sb [SB/SYM] MISMATCH exp=db6 act=db2 ph=PH_ESD cycle=1405
"uvm_tb.sv", 2372: pcs_tb_top.AST_ESD_EXACTLY2: started at 11268000ps failed at 11300000ps
	Offending '(!((((pcs_tb_top.dut_if.Dout[3] inside {3'b010, 3'b110}) && (pcs_tb_top.dut_if.Dout[2] inside {3'b010, 3'b110})) && (pcs_tb_top.dut_if.Dout[1] inside {3'b010, 3'b110})) && (pcs_tb_top.dut_if.Dout[0] inside {3'b010, 3'b110})))'
Error: "uvm_tb.sv", 2372: pcs_tb_top.AST_ESD_EXACTLY2: at time 11300000 ps
[ASSERT/ORDER] All-±2 output persists after ESD2 (stuck in ESD?) @ 11300000
"uvm_tb.sv", 2355: pcs_tb_top.AST_SDD_EXACTLY2: started at 11300000ps failed at 11316000ps
	Offending '(!((((pcs_tb_top.dut_if.Dout[3] inside {3'b010, 3'b110}) && (pcs_tb_top.dut_if.Dout[2] inside {3'b010, 3'b110})) && (pcs_tb_top.dut_if.Dout[1] inside {3'b010, 3'b110})) && (pcs_tb_top.dut_if.Dout[0] inside {3'b010, 3'b110})))'
Error: "uvm_tb.sv", 2355: pcs_tb_top.AST_SDD_EXACTLY2: at time 11316000 ps
[ASSERT/ORDER] All-±2 output persists after SDD2 (stuck in SDD?) @ 11316000
UVM_ERROR uvm_tb.sv(1312) @ 11324000: uvm_test_top.env.sb [SB/SYM] MISMATCH exp=c06 act=c10 ph=PH_DATA cycle=1409
UVM_ERROR uvm_tb.sv(1312) @ 11332000: uvm_test_top.env.sb [SB/SYM] MISMATCH exp=e8e act=fba ph=PH_DATA cycle=1410
UVM_ERROR uvm_tb.sv(1312) @ 11340000: uvm_test_top.env.sb [SB/SYM] MISMATCH exp=188 act=00e ph=PH_DATA cycle=1411
UVM_ERROR uvm_tb.sv(1312) @ 11348000: uvm_test_top.env.sb [SB/SYM] MISMATCH exp=272 act=48e ph=PH_DATA cycle=1412
UVM_ERROR uvm_tb.sv(1312) @ 11356000: uvm_test_top.env.sb [SB/SYM] MISMATCH exp=ff1 act=43e ph=PH_CSR cycle=1413
UVM_ERROR uvm_tb.sv(1312) @ 11364000: uvm_test_top.env.sb [SB/SYM] MISMATCH exp=d89 act=2ba ph=PH_CSR cycle=1414
UVM_ERROR uvm_tb.sv(1312) @ 11372000: uvm_test_top.env.sb [SB/SYM] MISMATCH exp=c96 act=cb7 ph=PH_ESD cycle=1415
"uvm_tb.sv", 2305: pcs_tb_top.AST_ESD1_NONZERO: started at 11356000ps failed at 11372000ps
	Offending '((((pcs_tb_top.dut_if.Dout[3] inside {3'b010, 3'b110}) && (pcs_tb_top.dut_if.Dout[2] inside {3'b010, 3'b110})) && (pcs_tb_top.dut_if.Dout[1] inside {3'b010, 3'b110})) && (pcs_tb_top.dut_if.Dout[0] inside {3'b010, 3'b110}))'
Error: "uvm_tb.sv", 2305: pcs_tb_top.AST_ESD1_NONZERO: at time 11372000 ps
[ASSERT/ESD] ESD1: lane(s) not ±2 two cycles after TX_EN fall: got cb7 @ 11372000
UVM_ERROR uvm_tb.sv(1312) @ 11380000: uvm_test_top.env.sb [SB/SYM] MISMATCH exp=db6 act=496 ph=PH_ESD cycle=1416
"uvm_tb.sv", 2372: pcs_tb_top.AST_ESD_EXACTLY2: started at 11356000ps failed at 11388000ps
	Offending '(!((((pcs_tb_top.dut_if.Dout[3] inside {3'b010, 3'b110}) && (pcs_tb_top.dut_if.Dout[2] inside {3'b010, 3'b110})) && (pcs_tb_top.dut_if.Dout[1] inside {3'b010, 3'b110})) && (pcs_tb_top.dut_if.Dout[0] inside {3'b010, 3'b110})))'
Error: "uvm_tb.sv", 2372: pcs_tb_top.AST_ESD_EXACTLY2: at time 11388000 ps
[ASSERT/ORDER] All-±2 output persists after ESD2 (stuck in ESD?) @ 11388000
"uvm_tb.sv", 2355: pcs_tb_top.AST_SDD_EXACTLY2: started at 11388000ps failed at 11404000ps
	Offending '(!((((pcs_tb_top.dut_if.Dout[3] inside {3'b010, 3'b110}) && (pcs_tb_top.dut_if.Dout[2] inside {3'b010, 3'b110})) && (pcs_tb_top.dut_if.Dout[1] inside {3'b010, 3'b110})) && (pcs_tb_top.dut_if.Dout[0] inside {3'b010, 3'b110})))'
Error: "uvm_tb.sv", 2355: pcs_tb_top.AST_SDD_EXACTLY2: at time 11404000 ps
[ASSERT/ORDER] All-±2 output persists after SDD2 (stuck in SDD?) @ 11404000
UVM_ERROR uvm_tb.sv(1312) @ 11412000: uvm_test_top.env.sb [SB/SYM] MISMATCH exp=d82 act=182 ph=PH_DATA cycle=1420
UVM_ERROR uvm_tb.sv(1312) @ 11420000: uvm_test_top.env.sb [SB/SYM] MISMATCH exp=057 act=1d1 ph=PH_DATA cycle=1421
UVM_ERROR uvm_tb.sv(1312) @ 11428000: uvm_test_top.env.sb [SB/SYM] MISMATCH exp=e7a act=ffa ph=PH_DATA cycle=1422
UVM_ERROR uvm_tb.sv(1312) @ 11436000: uvm_test_top.env.sb [SB/SYM] MISMATCH exp=008 act=0b9 ph=PH_DATA cycle=1423
UVM_ERROR uvm_tb.sv(1312) @ 11444000: uvm_test_top.env.sb [SB/SYM] MISMATCH exp=1ba act=1bf ph=PH_DATA cycle=1424
UVM_ERROR uvm_tb.sv(1312) @ 11452000: uvm_test_top.env.sb [SB/SYM] MISMATCH exp=580 act=486 ph=PH_DATA cycle=1425
UVM_ERROR uvm_tb.sv(1312) @ 11460000: uvm_test_top.env.sb [SB/SYM] MISMATCH exp=289 act=eb9 ph=PH_CSR cycle=1426
UVM_ERROR uvm_tb.sv(1312) @ 11468000: uvm_test_top.env.sb [SB/SYM] MISMATCH exp=38e act=d91 ph=PH_CSR cycle=1427
UVM_ERROR uvm_tb.sv(1312) @ 11476000: uvm_test_top.env.sb [SB/SYM] MISMATCH exp=c96 act=cb6 ph=PH_ESD cycle=1428
UVM_ERROR uvm_tb.sv(1312) @ 11484000: uvm_test_top.env.sb [SB/SYM] MISMATCH exp=db6 act=db2 ph=PH_ESD cycle=1429
"uvm_tb.sv", 2372: pcs_tb_top.AST_ESD_EXACTLY2: started at 11460000ps failed at 11492000ps
	Offending '(!((((pcs_tb_top.dut_if.Dout[3] inside {3'b010, 3'b110}) && (pcs_tb_top.dut_if.Dout[2] inside {3'b010, 3'b110})) && (pcs_tb_top.dut_if.Dout[1] inside {3'b010, 3'b110})) && (pcs_tb_top.dut_if.Dout[0] inside {3'b010, 3'b110})))'
Error: "uvm_tb.sv", 2372: pcs_tb_top.AST_ESD_EXACTLY2: at time 11492000 ps
[ASSERT/ORDER] All-±2 output persists after ESD2 (stuck in ESD?) @ 11492000
UVM_ERROR uvm_tb.sv(1312) @ 11500000: uvm_test_top.env.sb [SB/SYM] MISMATCH exp=416 act=010 ph=PH_SDD cycle=1431
"uvm_tb.sv", 2275: pcs_tb_top.AST_SDD1_NONZERO: started at 11500000ps failed at 11500000ps
	Offending '((((pcs_tb_top.dut_if.Dout[3] inside {3'b010, 3'b110}) && (pcs_tb_top.dut_if.Dout[2] inside {3'b010, 3'b110})) && (pcs_tb_top.dut_if.Dout[1] inside {3'b010, 3'b110})) && (pcs_tb_top.dut_if.Dout[0] inside {3'b010, 3'b110}))'
Error: "uvm_tb.sv", 2275: pcs_tb_top.AST_SDD1_NONZERO: at time 11500000 ps
[ASSERT/SDD] SDD1: lane(s) not ±2 at TX_EN rise: got 010 @ 11500000
"uvm_tb.sv", 2355: pcs_tb_top.AST_SDD_EXACTLY2: started at 11500000ps failed at 11516000ps
	Offending '(!((((pcs_tb_top.dut_if.Dout[3] inside {3'b010, 3'b110}) && (pcs_tb_top.dut_if.Dout[2] inside {3'b010, 3'b110})) && (pcs_tb_top.dut_if.Dout[1] inside {3'b010, 3'b110})) && (pcs_tb_top.dut_if.Dout[0] inside {3'b010, 3'b110})))'
Error: "uvm_tb.sv", 2355: pcs_tb_top.AST_SDD_EXACTLY2: at time 11516000 ps
[ASSERT/ORDER] All-±2 output persists after SDD2 (stuck in SDD?) @ 11516000
UVM_ERROR uvm_tb.sv(1312) @ 11532000: uvm_test_top.env.sb [SB/SYM] MISMATCH exp=281 act=e81 ph=PH_DATA cycle=1435
UVM_ERROR uvm_tb.sv(1312) @ 11540000: uvm_test_top.env.sb [SB/SYM] MISMATCH exp=189 act=188 ph=PH_DATA cycle=1436
UVM_ERROR uvm_tb.sv(1312) @ 11548000: uvm_test_top.env.sb [SB/SYM] MISMATCH exp=e01 act=397 ph=PH_CSR cycle=1437
UVM_ERROR uvm_tb.sv(1312) @ 11556000: uvm_test_top.env.sb [SB/SYM] MISMATCH exp=3b1 act=497 ph=PH_CSR cycle=1438
UVM_ERROR uvm_tb.sv(1312) @ 11564000: uvm_test_top.env.sb [SB/SYM] MISMATCH exp=c96 act=d96 ph=PH_ESD cycle=1439
UVM_ERROR uvm_tb.sv(1312) @ 11572000: uvm_test_top.env.sb [SB/SYM] MISMATCH exp=db6 act=496 ph=PH_ESD cycle=1440
"uvm_tb.sv", 2372: pcs_tb_top.AST_ESD_EXACTLY2: started at 11548000ps failed at 11580000ps
	Offending '(!((((pcs_tb_top.dut_if.Dout[3] inside {3'b010, 3'b110}) && (pcs_tb_top.dut_if.Dout[2] inside {3'b010, 3'b110})) && (pcs_tb_top.dut_if.Dout[1] inside {3'b010, 3'b110})) && (pcs_tb_top.dut_if.Dout[0] inside {3'b010, 3'b110})))'
Error: "uvm_tb.sv", 2372: pcs_tb_top.AST_ESD_EXACTLY2: at time 11580000 ps
[ASSERT/ORDER] All-±2 output persists after ESD2 (stuck in ESD?) @ 11580000
UVM_ERROR uvm_tb.sv(1312) @ 11588000: uvm_test_top.env.sb [SB/SYM] MISMATCH exp=002 act=080 ph=PH_IDLE cycle=1442
UVM_ERROR uvm_tb.sv(1312) @ 11596000: uvm_test_top.env.sb [SB/SYM] MISMATCH exp=190 act=010 ph=PH_IDLE cycle=1443
UVM_ERROR uvm_tb.sv(1312) @ 11604000: uvm_test_top.env.sb [SB/SYM] MISMATCH exp=090 act=086 ph=PH_IDLE cycle=1444
UVM_ERROR uvm_tb.sv(1312) @ 11612000: uvm_test_top.env.sb [SB/SYM] MISMATCH exp=c02 act=080 ph=PH_SDD cycle=1445
"uvm_tb.sv", 2275: pcs_tb_top.AST_SDD1_NONZERO: started at 11612000ps failed at 11612000ps
	Offending '((((pcs_tb_top.dut_if.Dout[3] inside {3'b010, 3'b110}) && (pcs_tb_top.dut_if.Dout[2] inside {3'b010, 3'b110})) && (pcs_tb_top.dut_if.Dout[1] inside {3'b010, 3'b110})) && (pcs_tb_top.dut_if.Dout[0] inside {3'b010, 3'b110}))'
Error: "uvm_tb.sv", 2275: pcs_tb_top.AST_SDD1_NONZERO: at time 11612000 ps
[ASSERT/SDD] SDD1: lane(s) not ±2 at TX_EN rise: got 080 @ 11612000
"uvm_tb.sv", 2355: pcs_tb_top.AST_SDD_EXACTLY2: started at 11612000ps failed at 11628000ps
	Offending '(!((((pcs_tb_top.dut_if.Dout[3] inside {3'b010, 3'b110}) && (pcs_tb_top.dut_if.Dout[2] inside {3'b010, 3'b110})) && (pcs_tb_top.dut_if.Dout[1] inside {3'b010, 3'b110})) && (pcs_tb_top.dut_if.Dout[0] inside {3'b010, 3'b110})))'
Error: "uvm_tb.sv", 2355: pcs_tb_top.AST_SDD_EXACTLY2: at time 11628000 ps
[ASSERT/ORDER] All-±2 output persists after SDD2 (stuck in SDD?) @ 11628000
UVM_ERROR uvm_tb.sv(1312) @ 11636000: uvm_test_top.env.sb [SB/SYM] MISMATCH exp=000 act=196 ph=PH_DATA cycle=1448
UVM_ERROR uvm_tb.sv(1312) @ 11644000: uvm_test_top.env.sb [SB/SYM] MISMATCH exp=5fe act=07e ph=PH_CSR cycle=1449
UVM_ERROR uvm_tb.sv(1312) @ 11652000: uvm_test_top.env.sb [SB/SYM] MISMATCH exp=2b7 act=28a ph=PH_CSR cycle=1450
UVM_ERROR uvm_tb.sv(1312) @ 11660000: uvm_test_top.env.sb [SB/SYM] MISMATCH exp=c96 act=597 ph=PH_ESD cycle=1451
"uvm_tb.sv", 2305: pcs_tb_top.AST_ESD1_NONZERO: started at 11644000ps failed at 11660000ps
	Offending '((((pcs_tb_top.dut_if.Dout[3] inside {3'b010, 3'b110}) && (pcs_tb_top.dut_if.Dout[2] inside {3'b010, 3'b110})) && (pcs_tb_top.dut_if.Dout[1] inside {3'b010, 3'b110})) && (pcs_tb_top.dut_if.Dout[0] inside {3'b010, 3'b110}))'
Error: "uvm_tb.sv", 2305: pcs_tb_top.AST_ESD1_NONZERO: at time 11660000 ps
[ASSERT/ESD] ESD1: lane(s) not ±2 two cycles after TX_EN fall: got 597 @ 11660000
UVM_ERROR uvm_tb.sv(1312) @ 11668000: uvm_test_top.env.sb [SB/SYM] MISMATCH exp=db6 act=592 ph=PH_ESD cycle=1452
"uvm_tb.sv", 2372: pcs_tb_top.AST_ESD_EXACTLY2: started at 11644000ps failed at 11676000ps
	Offending '(!((((pcs_tb_top.dut_if.Dout[3] inside {3'b010, 3'b110}) && (pcs_tb_top.dut_if.Dout[2] inside {3'b010, 3'b110})) && (pcs_tb_top.dut_if.Dout[1] inside {3'b010, 3'b110})) && (pcs_tb_top.dut_if.Dout[0] inside {3'b010, 3'b110})))'
Error: "uvm_tb.sv", 2372: pcs_tb_top.AST_ESD_EXACTLY2: at time 11676000 ps
[ASSERT/ORDER] All-±2 output persists after ESD2 (stuck in ESD?) @ 11676000
"uvm_tb.sv", 2355: pcs_tb_top.AST_SDD_EXACTLY2: started at 11676000ps failed at 11692000ps
	Offending '(!((((pcs_tb_top.dut_if.Dout[3] inside {3'b010, 3'b110}) && (pcs_tb_top.dut_if.Dout[2] inside {3'b010, 3'b110})) && (pcs_tb_top.dut_if.Dout[1] inside {3'b010, 3'b110})) && (pcs_tb_top.dut_if.Dout[0] inside {3'b010, 3'b110})))'
Error: "uvm_tb.sv", 2355: pcs_tb_top.AST_SDD_EXACTLY2: at time 11692000 ps
[ASSERT/ORDER] All-±2 output persists after SDD2 (stuck in SDD?) @ 11692000
UVM_ERROR uvm_tb.sv(1312) @ 11700000: uvm_test_top.env.sb [SB/SYM] MISMATCH exp=030 act=0b0 ph=PH_DATA cycle=1456
UVM_ERROR uvm_tb.sv(1312) @ 11708000: uvm_test_top.env.sb [SB/SYM] MISMATCH exp=3f2 act=3c2 ph=PH_CSR cycle=1457
UVM_ERROR uvm_tb.sv(1312) @ 11716000: uvm_test_top.env.sb [SB/SYM] MISMATCH exp=597 act=5b2 ph=PH_CSR cycle=1458
UVM_ERROR uvm_tb.sv(1312) @ 11724000: uvm_test_top.env.sb [SB/SYM] MISMATCH exp=d89 act=592 ph=PH_ESD cycle=1459
UVM_ERROR uvm_tb.sv(1312) @ 11732000: uvm_test_top.env.sb [SB/SYM] MISMATCH exp=db6 act=cb6 ph=PH_ESD cycle=1460
"uvm_tb.sv", 2372: pcs_tb_top.AST_ESD_EXACTLY2: started at 11708000ps failed at 11740000ps
	Offending '(!((((pcs_tb_top.dut_if.Dout[3] inside {3'b010, 3'b110}) && (pcs_tb_top.dut_if.Dout[2] inside {3'b010, 3'b110})) && (pcs_tb_top.dut_if.Dout[1] inside {3'b010, 3'b110})) && (pcs_tb_top.dut_if.Dout[0] inside {3'b010, 3'b110})))'
Error: "uvm_tb.sv", 2372: pcs_tb_top.AST_ESD_EXACTLY2: at time 11740000 ps
[ASSERT/ORDER] All-±2 output persists after ESD2 (stuck in ESD?) @ 11740000
"uvm_tb.sv", 2275: pcs_tb_top.AST_SDD1_NONZERO: started at 11748000ps failed at 11748000ps
	Offending '((((pcs_tb_top.dut_if.Dout[3] inside {3'b010, 3'b110}) && (pcs_tb_top.dut_if.Dout[2] inside {3'b010, 3'b110})) && (pcs_tb_top.dut_if.Dout[1] inside {3'b010, 3'b110})) && (pcs_tb_top.dut_if.Dout[0] inside {3'b010, 3'b110}))'
Error: "uvm_tb.sv", 2275: pcs_tb_top.AST_SDD1_NONZERO: at time 11748000 ps
[ASSERT/SDD] SDD1: lane(s) not ±2 at TX_EN rise: got 010 @ 11748000
"uvm_tb.sv", 2355: pcs_tb_top.AST_SDD_EXACTLY2: started at 11748000ps failed at 11764000ps
	Offending '(!((((pcs_tb_top.dut_if.Dout[3] inside {3'b010, 3'b110}) && (pcs_tb_top.dut_if.Dout[2] inside {3'b010, 3'b110})) && (pcs_tb_top.dut_if.Dout[1] inside {3'b010, 3'b110})) && (pcs_tb_top.dut_if.Dout[0] inside {3'b010, 3'b110})))'
Error: "uvm_tb.sv", 2355: pcs_tb_top.AST_SDD_EXACTLY2: at time 11764000 ps
[ASSERT/ORDER] All-±2 output persists after SDD2 (stuck in SDD?) @ 11764000
UVM_ERROR uvm_tb.sv(1312) @ 11772000: uvm_test_top.env.sb [SB/SYM] MISMATCH exp=cb2 act=cb0 ph=PH_CSR cycle=1465
"uvm_tb.sv", 2372: pcs_tb_top.AST_ESD_EXACTLY2: started at 11772000ps failed at 11804000ps
	Offending '(!((((pcs_tb_top.dut_if.Dout[3] inside {3'b010, 3'b110}) && (pcs_tb_top.dut_if.Dout[2] inside {3'b010, 3'b110})) && (pcs_tb_top.dut_if.Dout[1] inside {3'b010, 3'b110})) && (pcs_tb_top.dut_if.Dout[0] inside {3'b010, 3'b110})))'
Error: "uvm_tb.sv", 2372: pcs_tb_top.AST_ESD_EXACTLY2: at time 11804000 ps
[ASSERT/ORDER] All-±2 output persists after ESD2 (stuck in ESD?) @ 11804000
UVM_ERROR uvm_tb.sv(1312) @ 11812000: uvm_test_top.env.sb [SB/SYM] MISMATCH exp=000 act=002 ph=PH_SDD cycle=1470
"uvm_tb.sv", 2275: pcs_tb_top.AST_SDD1_NONZERO: started at 11812000ps failed at 11812000ps
	Offending '((((pcs_tb_top.dut_if.Dout[3] inside {3'b010, 3'b110}) && (pcs_tb_top.dut_if.Dout[2] inside {3'b010, 3'b110})) && (pcs_tb_top.dut_if.Dout[1] inside {3'b010, 3'b110})) && (pcs_tb_top.dut_if.Dout[0] inside {3'b010, 3'b110}))'
Error: "uvm_tb.sv", 2275: pcs_tb_top.AST_SDD1_NONZERO: at time 11812000 ps
[ASSERT/SDD] SDD1: lane(s) not ±2 at TX_EN rise: got 002 @ 11812000
"uvm_tb.sv", 2355: pcs_tb_top.AST_SDD_EXACTLY2: started at 11812000ps failed at 11828000ps
	Offending '(!((((pcs_tb_top.dut_if.Dout[3] inside {3'b010, 3'b110}) && (pcs_tb_top.dut_if.Dout[2] inside {3'b010, 3'b110})) && (pcs_tb_top.dut_if.Dout[1] inside {3'b010, 3'b110})) && (pcs_tb_top.dut_if.Dout[0] inside {3'b010, 3'b110})))'
Error: "uvm_tb.sv", 2355: pcs_tb_top.AST_SDD_EXACTLY2: at time 11828000 ps
[ASSERT/ORDER] All-±2 output persists after SDD2 (stuck in SDD?) @ 11828000
UVM_ERROR uvm_tb.sv(1312) @ 11836000: uvm_test_top.env.sb [SB/SYM] MISMATCH exp=196 act=010 ph=PH_DATA cycle=1473
UVM_ERROR uvm_tb.sv(1312) @ 11844000: uvm_test_top.env.sb [SB/SYM] MISMATCH exp=fc9 act=e7f ph=PH_DATA cycle=1474
UVM_ERROR uvm_tb.sv(1312) @ 11852000: uvm_test_top.env.sb [SB/SYM] MISMATCH exp=071 act=077 ph=PH_DATA cycle=1475
UVM_ERROR uvm_tb.sv(1312) @ 11860000: uvm_test_top.env.sb [SB/SYM] MISMATCH exp=e92 act=210 ph=PH_DATA cycle=1476
UVM_ERROR uvm_tb.sv(1312) @ 11868000: uvm_test_top.env.sb [SB/SYM] MISMATCH exp=497 act=490 ph=PH_DATA cycle=1477
UVM_ERROR uvm_tb.sv(1312) @ 11876000: uvm_test_top.env.sb [SB/SYM] MISMATCH exp=ff1 act=408 ph=PH_CSR cycle=1478
UVM_ERROR uvm_tb.sv(1312) @ 11884000: uvm_test_top.env.sb [SB/SYM] MISMATCH exp=38e act=4b2 ph=PH_CSR cycle=1479
UVM_ERROR uvm_tb.sv(1312) @ 11892000: uvm_test_top.env.sb [SB/SYM] MISMATCH exp=c96 act=d96 ph=PH_ESD cycle=1480
UVM_ERROR uvm_tb.sv(1312) @ 11900000: uvm_test_top.env.sb [SB/SYM] MISMATCH exp=db6 act=596 ph=PH_ESD cycle=1481
"uvm_tb.sv", 2372: pcs_tb_top.AST_ESD_EXACTLY2: started at 11876000ps failed at 11908000ps
	Offending '(!((((pcs_tb_top.dut_if.Dout[3] inside {3'b010, 3'b110}) && (pcs_tb_top.dut_if.Dout[2] inside {3'b010, 3'b110})) && (pcs_tb_top.dut_if.Dout[1] inside {3'b010, 3'b110})) && (pcs_tb_top.dut_if.Dout[0] inside {3'b010, 3'b110})))'
Error: "uvm_tb.sv", 2372: pcs_tb_top.AST_ESD_EXACTLY2: at time 11908000 ps
[ASSERT/ORDER] All-±2 output persists after ESD2 (stuck in ESD?) @ 11908000
"uvm_tb.sv", 2355: pcs_tb_top.AST_SDD_EXACTLY2: started at 11908000ps failed at 11924000ps
	Offending '(!((((pcs_tb_top.dut_if.Dout[3] inside {3'b010, 3'b110}) && (pcs_tb_top.dut_if.Dout[2] inside {3'b010, 3'b110})) && (pcs_tb_top.dut_if.Dout[1] inside {3'b010, 3'b110})) && (pcs_tb_top.dut_if.Dout[0] inside {3'b010, 3'b110})))'
Error: "uvm_tb.sv", 2355: pcs_tb_top.AST_SDD_EXACTLY2: at time 11924000 ps
[ASSERT/ORDER] All-±2 output persists after SDD2 (stuck in SDD?) @ 11924000
UVM_ERROR uvm_tb.sv(1312) @ 11932000: uvm_test_top.env.sb [SB/SYM] MISMATCH exp=400 act=480 ph=PH_DATA cycle=1485
UVM_ERROR uvm_tb.sv(1312) @ 11940000: uvm_test_top.env.sb [SB/SYM] MISMATCH exp=477 act=1d1 ph=PH_DATA cycle=1486
UVM_ERROR uvm_tb.sv(1312) @ 11948000: uvm_test_top.env.sb [SB/SYM] MISMATCH exp=449 act=396 ph=PH_DATA cycle=1487
UVM_ERROR uvm_tb.sv(1312) @ 11956000: uvm_test_top.env.sb [SB/SYM] MISMATCH exp=049 act=1cf ph=PH_CSR cycle=1488
UVM_ERROR uvm_tb.sv(1312) @ 11964000: uvm_test_top.env.sb [SB/SYM] MISMATCH exp=c8e act=f8e ph=PH_CSR cycle=1489
UVM_ERROR uvm_tb.sv(1312) @ 11972000: uvm_test_top.env.sb [SB/SYM] MISMATCH exp=d89 act=c91 ph=PH_ESD cycle=1490
"uvm_tb.sv", 2305: pcs_tb_top.AST_ESD1_NONZERO: started at 11956000ps failed at 11972000ps
	Offending '((((pcs_tb_top.dut_if.Dout[3] inside {3'b010, 3'b110}) && (pcs_tb_top.dut_if.Dout[2] inside {3'b010, 3'b110})) && (pcs_tb_top.dut_if.Dout[1] inside {3'b010, 3'b110})) && (pcs_tb_top.dut_if.Dout[0] inside {3'b010, 3'b110}))'
Error: "uvm_tb.sv", 2305: pcs_tb_top.AST_ESD1_NONZERO: at time 11972000 ps
[ASSERT/ESD] ESD1: lane(s) not ±2 two cycles after TX_EN fall: got c91 @ 11972000
"uvm_tb.sv", 2372: pcs_tb_top.AST_ESD_EXACTLY2: started at 11956000ps failed at 11988000ps
	Offending '(!((((pcs_tb_top.dut_if.Dout[3] inside {3'b010, 3'b110}) && (pcs_tb_top.dut_if.Dout[2] inside {3'b010, 3'b110})) && (pcs_tb_top.dut_if.Dout[1] inside {3'b010, 3'b110})) && (pcs_tb_top.dut_if.Dout[0] inside {3'b010, 3'b110})))'
Error: "uvm_tb.sv", 2372: pcs_tb_top.AST_ESD_EXACTLY2: at time 11988000 ps
[ASSERT/ORDER] All-±2 output persists after ESD2 (stuck in ESD?) @ 11988000
"uvm_tb.sv", 2355: pcs_tb_top.AST_SDD_EXACTLY2: started at 11988000ps failed at 12004000ps
	Offending '(!((((pcs_tb_top.dut_if.Dout[3] inside {3'b010, 3'b110}) && (pcs_tb_top.dut_if.Dout[2] inside {3'b010, 3'b110})) && (pcs_tb_top.dut_if.Dout[1] inside {3'b010, 3'b110})) && (pcs_tb_top.dut_if.Dout[0] inside {3'b010, 3'b110})))'
Error: "uvm_tb.sv", 2355: pcs_tb_top.AST_SDD_EXACTLY2: at time 12004000 ps
[ASSERT/ORDER] All-±2 output persists after SDD2 (stuck in SDD?) @ 12004000
UVM_ERROR uvm_tb.sv(1312) @ 12012000: uvm_test_top.env.sb [SB/SYM] MISMATCH exp=030 act=0b6 ph=PH_DATA cycle=1495
UVM_ERROR uvm_tb.sv(1312) @ 12028000: uvm_test_top.env.sb [SB/SYM] MISMATCH exp=041 act=1c2 ph=PH_DATA cycle=1497
UVM_ERROR uvm_tb.sv(1312) @ 12036000: uvm_test_top.env.sb [SB/SYM] MISMATCH exp=587 act=487 ph=PH_DATA cycle=1498
UVM_ERROR uvm_tb.sv(1312) @ 12044000: uvm_test_top.env.sb [SB/SYM] MISMATCH exp=3ce act=27e ph=PH_DATA cycle=1499
UVM_ERROR uvm_tb.sv(1312) @ 12052000: uvm_test_top.env.sb [SB/SYM] MISMATCH exp=e07 act=211 ph=PH_DATA cycle=1500
UVM_ERROR uvm_tb.sv(1312) @ 12060000: uvm_test_top.env.sb [SB/SYM] MISMATCH exp=e71 act=40e ph=PH_DATA cycle=1501
UVM_ERROR uvm_tb.sv(1312) @ 12068000: uvm_test_top.env.sb [SB/SYM] MISMATCH exp=4b8 act=0bf ph=PH_CSR cycle=1502
UVM_ERROR uvm_tb.sv(1312) @ 12076000: uvm_test_top.env.sb [SB/SYM] MISMATCH exp=c56 act=cb6 ph=PH_CSR cycle=1503
UVM_ERROR uvm_tb.sv(1312) @ 12084000: uvm_test_top.env.sb [SB/SYM] MISMATCH exp=d89 act=4b2 ph=PH_ESD cycle=1504
"uvm_tb.sv", 2372: pcs_tb_top.AST_ESD_EXACTLY2: started at 12068000ps failed at 12100000ps
	Offending '(!((((pcs_tb_top.dut_if.Dout[3] inside {3'b010, 3'b110}) && (pcs_tb_top.dut_if.Dout[2] inside {3'b010, 3'b110})) && (pcs_tb_top.dut_if.Dout[1] inside {3'b010, 3'b110})) && (pcs_tb_top.dut_if.Dout[0] inside {3'b010, 3'b110})))'
Error: "uvm_tb.sv", 2372: pcs_tb_top.AST_ESD_EXACTLY2: at time 12100000 ps
[ASSERT/ORDER] All-±2 output persists after ESD2 (stuck in ESD?) @ 12100000
"uvm_tb.sv", 2355: pcs_tb_top.AST_SDD_EXACTLY2: started at 12100000ps failed at 12116000ps
	Offending '(!((((pcs_tb_top.dut_if.Dout[3] inside {3'b010, 3'b110}) && (pcs_tb_top.dut_if.Dout[2] inside {3'b010, 3'b110})) && (pcs_tb_top.dut_if.Dout[1] inside {3'b010, 3'b110})) && (pcs_tb_top.dut_if.Dout[0] inside {3'b010, 3'b110})))'
Error: "uvm_tb.sv", 2355: pcs_tb_top.AST_SDD_EXACTLY2: at time 12116000 ps
[ASSERT/ORDER] All-±2 output persists after SDD2 (stuck in SDD?) @ 12116000
UVM_ERROR uvm_tb.sv(1312) @ 12132000: uvm_test_top.env.sb [SB/SYM] MISMATCH exp=410 act=006 ph=PH_DATA cycle=1510
UVM_ERROR uvm_tb.sv(1312) @ 12140000: uvm_test_top.env.sb [SB/SYM] MISMATCH exp=df8 act=c48 ph=PH_DATA cycle=1511
UVM_ERROR uvm_tb.sv(1312) @ 12148000: uvm_test_top.env.sb [SB/SYM] MISMATCH exp=fba act=f8f ph=PH_DATA cycle=1512
UVM_ERROR uvm_tb.sv(1312) @ 12156000: uvm_test_top.env.sb [SB/SYM] MISMATCH exp=47a act=5f9 ph=PH_DATA cycle=1513
UVM_ERROR uvm_tb.sv(1312) @ 12164000: uvm_test_top.env.sb [SB/SYM] MISMATCH exp=380 act=07e ph=PH_CSR cycle=1514
UVM_ERROR uvm_tb.sv(1312) @ 12172000: uvm_test_top.env.sb [SB/SYM] MISMATCH exp=c56 act=591 ph=PH_CSR cycle=1515
UVM_ERROR uvm_tb.sv(1312) @ 12180000: uvm_test_top.env.sb [SB/SYM] MISMATCH exp=d89 act=db2 ph=PH_ESD cycle=1516
"uvm_tb.sv", 2372: pcs_tb_top.AST_ESD_EXACTLY2: started at 12164000ps failed at 12196000ps
	Offending '(!((((pcs_tb_top.dut_if.Dout[3] inside {3'b010, 3'b110}) && (pcs_tb_top.dut_if.Dout[2] inside {3'b010, 3'b110})) && (pcs_tb_top.dut_if.Dout[1] inside {3'b010, 3'b110})) && (pcs_tb_top.dut_if.Dout[0] inside {3'b010, 3'b110})))'
Error: "uvm_tb.sv", 2372: pcs_tb_top.AST_ESD_EXACTLY2: at time 12196000 ps
[ASSERT/ORDER] All-±2 output persists after ESD2 (stuck in ESD?) @ 12196000
UVM_ERROR uvm_tb.sv(1312) @ 12204000: uvm_test_top.env.sb [SB/SYM] MISMATCH exp=402 act=082 ph=PH_IDLE cycle=1519
UVM_ERROR uvm_tb.sv(1312) @ 12212000: uvm_test_top.env.sb [SB/SYM] MISMATCH exp=032 act=030 ph=PH_IDLE cycle=1520
UVM_ERROR uvm_tb.sv(1312) @ 12220000: uvm_test_top.env.sb [SB/SYM] MISMATCH exp=c80 act=010 ph=PH_IDLE cycle=1521
UVM_ERROR uvm_tb.sv(1312) @ 12228000: uvm_test_top.env.sb [SB/SYM] MISMATCH exp=1b0 act=186 ph=PH_SDD cycle=1522
"uvm_tb.sv", 2275: pcs_tb_top.AST_SDD1_NONZERO: started at 12228000ps failed at 12228000ps
	Offending '((((pcs_tb_top.dut_if.Dout[3] inside {3'b010, 3'b110}) && (pcs_tb_top.dut_if.Dout[2] inside {3'b010, 3'b110})) && (pcs_tb_top.dut_if.Dout[1] inside {3'b010, 3'b110})) && (pcs_tb_top.dut_if.Dout[0] inside {3'b010, 3'b110}))'
Error: "uvm_tb.sv", 2275: pcs_tb_top.AST_SDD1_NONZERO: at time 12228000 ps
[ASSERT/SDD] SDD1: lane(s) not ±2 at TX_EN rise: got 186 @ 12228000
"uvm_tb.sv", 2355: pcs_tb_top.AST_SDD_EXACTLY2: started at 12228000ps failed at 12244000ps
	Offending '(!((((pcs_tb_top.dut_if.Dout[3] inside {3'b010, 3'b110}) && (pcs_tb_top.dut_if.Dout[2] inside {3'b010, 3'b110})) && (pcs_tb_top.dut_if.Dout[1] inside {3'b010, 3'b110})) && (pcs_tb_top.dut_if.Dout[0] inside {3'b010, 3'b110})))'
Error: "uvm_tb.sv", 2355: pcs_tb_top.AST_SDD_EXACTLY2: at time 12244000 ps
[ASSERT/ORDER] All-±2 output persists after SDD2 (stuck in SDD?) @ 12244000
UVM_ERROR uvm_tb.sv(1312) @ 12260000: uvm_test_top.env.sb [SB/SYM] MISMATCH exp=006 act=190 ph=PH_DATA cycle=1526
UVM_ERROR uvm_tb.sv(1312) @ 12268000: uvm_test_top.env.sb [SB/SYM] MISMATCH exp=238 act=28f ph=PH_DATA cycle=1527
UVM_ERROR uvm_tb.sv(1312) @ 12276000: uvm_test_top.env.sb [SB/SYM] MISMATCH exp=079 act=1f8 ph=PH_CSR cycle=1528
UVM_ERROR uvm_tb.sv(1312) @ 12284000: uvm_test_top.env.sb [SB/SYM] MISMATCH exp=c56 act=4b6 ph=PH_CSR cycle=1529
UVM_ERROR uvm_tb.sv(1312) @ 12292000: uvm_test_top.env.sb [SB/SYM] MISMATCH exp=d89 act=4b6 ph=PH_ESD cycle=1530
UVM_ERROR uvm_tb.sv(1312) @ 12300000: uvm_test_top.env.sb [SB/SYM] MISMATCH exp=db6 act=cb2 ph=PH_ESD cycle=1531
"uvm_tb.sv", 2372: pcs_tb_top.AST_ESD_EXACTLY2: started at 12276000ps failed at 12308000ps
	Offending '(!((((pcs_tb_top.dut_if.Dout[3] inside {3'b010, 3'b110}) && (pcs_tb_top.dut_if.Dout[2] inside {3'b010, 3'b110})) && (pcs_tb_top.dut_if.Dout[1] inside {3'b010, 3'b110})) && (pcs_tb_top.dut_if.Dout[0] inside {3'b010, 3'b110})))'
Error: "uvm_tb.sv", 2372: pcs_tb_top.AST_ESD_EXACTLY2: at time 12308000 ps
[ASSERT/ORDER] All-±2 output persists after ESD2 (stuck in ESD?) @ 12308000
UVM_ERROR uvm_tb.sv(1312) @ 12316000: uvm_test_top.env.sb [SB/SYM] MISMATCH exp=186 act=006 ph=PH_IDLE cycle=1533
UVM_ERROR uvm_tb.sv(1312) @ 12324000: uvm_test_top.env.sb [SB/SYM] MISMATCH exp=010 act=190 ph=PH_IDLE cycle=1534
UVM_ERROR uvm_tb.sv(1312) @ 12332000: uvm_test_top.env.sb [SB/SYM] MISMATCH exp=482 act=032 ph=PH_IDLE cycle=1535
UVM_ERROR uvm_tb.sv(1312) @ 12340000: uvm_test_top.env.sb [SB/SYM] MISMATCH exp=c02 act=080 ph=PH_IDLE cycle=1536
UVM_ERROR uvm_tb.sv(1312) @ 12348000: uvm_test_top.env.sb [SB/SYM] MISMATCH exp=190 act=182 ph=PH_SDD cycle=1537
"uvm_tb.sv", 2275: pcs_tb_top.AST_SDD1_NONZERO: started at 12348000ps failed at 12348000ps
	Offending '((((pcs_tb_top.dut_if.Dout[3] inside {3'b010, 3'b110}) && (pcs_tb_top.dut_if.Dout[2] inside {3'b010, 3'b110})) && (pcs_tb_top.dut_if.Dout[1] inside {3'b010, 3'b110})) && (pcs_tb_top.dut_if.Dout[0] inside {3'b010, 3'b110}))'
Error: "uvm_tb.sv", 2275: pcs_tb_top.AST_SDD1_NONZERO: at time 12348000 ps
[ASSERT/SDD] SDD1: lane(s) not ±2 at TX_EN rise: got 182 @ 12348000
"uvm_tb.sv", 2355: pcs_tb_top.AST_SDD_EXACTLY2: started at 12348000ps failed at 12364000ps
	Offending '(!((((pcs_tb_top.dut_if.Dout[3] inside {3'b010, 3'b110}) && (pcs_tb_top.dut_if.Dout[2] inside {3'b010, 3'b110})) && (pcs_tb_top.dut_if.Dout[1] inside {3'b010, 3'b110})) && (pcs_tb_top.dut_if.Dout[0] inside {3'b010, 3'b110})))'
Error: "uvm_tb.sv", 2355: pcs_tb_top.AST_SDD_EXACTLY2: at time 12364000 ps
[ASSERT/ORDER] All-±2 output persists after SDD2 (stuck in SDD?) @ 12364000
UVM_ERROR uvm_tb.sv(1312) @ 12372000: uvm_test_top.env.sb [SB/SYM] MISMATCH exp=400 act=002 ph=PH_CSR cycle=1540
UVM_ERROR uvm_tb.sv(1312) @ 12396000: uvm_test_top.env.sb [SB/SYM] MISMATCH exp=db6 act=492 ph=PH_ESD cycle=1543
"uvm_tb.sv", 2372: pcs_tb_top.AST_ESD_EXACTLY2: started at 12372000ps failed at 12404000ps
	Offending '(!((((pcs_tb_top.dut_if.Dout[3] inside {3'b010, 3'b110}) && (pcs_tb_top.dut_if.Dout[2] inside {3'b010, 3'b110})) && (pcs_tb_top.dut_if.Dout[1] inside {3'b010, 3'b110})) && (pcs_tb_top.dut_if.Dout[0] inside {3'b010, 3'b110})))'
Error: "uvm_tb.sv", 2372: pcs_tb_top.AST_ESD_EXACTLY2: at time 12404000 ps
[ASSERT/ORDER] All-±2 output persists after ESD2 (stuck in ESD?) @ 12404000
UVM_ERROR uvm_tb.sv(1312) @ 12412000: uvm_test_top.env.sb [SB/SYM] MISMATCH exp=012 act=182 ph=PH_IDLE cycle=1545
UVM_ERROR uvm_tb.sv(1312) @ 12420000: uvm_test_top.env.sb [SB/SYM] MISMATCH exp=196 act=010 ph=PH_IDLE cycle=1546
UVM_ERROR uvm_tb.sv(1312) @ 12428000: uvm_test_top.env.sb [SB/SYM] MISMATCH exp=c00 act=000 ph=PH_SDD cycle=1547
"uvm_tb.sv", 2275: pcs_tb_top.AST_SDD1_NONZERO: started at 12428000ps failed at 12428000ps
	Offending '((((pcs_tb_top.dut_if.Dout[3] inside {3'b010, 3'b110}) && (pcs_tb_top.dut_if.Dout[2] inside {3'b010, 3'b110})) && (pcs_tb_top.dut_if.Dout[1] inside {3'b010, 3'b110})) && (pcs_tb_top.dut_if.Dout[0] inside {3'b010, 3'b110}))'
Error: "uvm_tb.sv", 2275: pcs_tb_top.AST_SDD1_NONZERO: at time 12428000 ps
[ASSERT/SDD] SDD1: lane(s) not ±2 at TX_EN rise: got 000 @ 12428000
"uvm_tb.sv", 2355: pcs_tb_top.AST_SDD_EXACTLY2: started at 12428000ps failed at 12444000ps
	Offending '(!((((pcs_tb_top.dut_if.Dout[3] inside {3'b010, 3'b110}) && (pcs_tb_top.dut_if.Dout[2] inside {3'b010, 3'b110})) && (pcs_tb_top.dut_if.Dout[1] inside {3'b010, 3'b110})) && (pcs_tb_top.dut_if.Dout[0] inside {3'b010, 3'b110})))'
Error: "uvm_tb.sv", 2355: pcs_tb_top.AST_SDD_EXACTLY2: at time 12444000 ps
[ASSERT/ORDER] All-±2 output persists after SDD2 (stuck in SDD?) @ 12444000
UVM_ERROR uvm_tb.sv(1312) @ 12452000: uvm_test_top.env.sb [SB/SYM] MISMATCH exp=006 act=0b0 ph=PH_DATA cycle=1550
UVM_ERROR uvm_tb.sv(1312) @ 12460000: uvm_test_top.env.sb [SB/SYM] MISMATCH exp=e31 act=e07 ph=PH_CSR cycle=1551
UVM_ERROR uvm_tb.sv(1312) @ 12468000: uvm_test_top.env.sb [SB/SYM] MISMATCH exp=297 act=df2 ph=PH_CSR cycle=1552
UVM_ERROR uvm_tb.sv(1312) @ 12476000: uvm_test_top.env.sb [SB/SYM] MISMATCH exp=c96 act=c97 ph=PH_ESD cycle=1553
"uvm_tb.sv", 2305: pcs_tb_top.AST_ESD1_NONZERO: started at 12460000ps failed at 12476000ps
	Offending '((((pcs_tb_top.dut_if.Dout[3] inside {3'b010, 3'b110}) && (pcs_tb_top.dut_if.Dout[2] inside {3'b010, 3'b110})) && (pcs_tb_top.dut_if.Dout[1] inside {3'b010, 3'b110})) && (pcs_tb_top.dut_if.Dout[0] inside {3'b010, 3'b110}))'
Error: "uvm_tb.sv", 2305: pcs_tb_top.AST_ESD1_NONZERO: at time 12476000 ps
[ASSERT/ESD] ESD1: lane(s) not ±2 two cycles after TX_EN fall: got c97 @ 12476000
UVM_ERROR uvm_tb.sv(1312) @ 12484000: uvm_test_top.env.sb [SB/SYM] MISMATCH exp=db6 act=5b2 ph=PH_ESD cycle=1554
"uvm_tb.sv", 2372: pcs_tb_top.AST_ESD_EXACTLY2: started at 12460000ps failed at 12492000ps
	Offending '(!((((pcs_tb_top.dut_if.Dout[3] inside {3'b010, 3'b110}) && (pcs_tb_top.dut_if.Dout[2] inside {3'b010, 3'b110})) && (pcs_tb_top.dut_if.Dout[1] inside {3'b010, 3'b110})) && (pcs_tb_top.dut_if.Dout[0] inside {3'b010, 3'b110})))'
Error: "uvm_tb.sv", 2372: pcs_tb_top.AST_ESD_EXACTLY2: at time 12492000 ps
[ASSERT/ORDER] All-±2 output persists after ESD2 (stuck in ESD?) @ 12492000
UVM_ERROR uvm_tb.sv(1312) @ 12500000: uvm_test_top.env.sb [SB/SYM] MISMATCH exp=c00 act=000 ph=PH_IDLE cycle=1556
UVM_ERROR uvm_tb.sv(1312) @ 12508000: uvm_test_top.env.sb [SB/SYM] MISMATCH exp=0b2 act=000 ph=PH_IDLE cycle=1557
UVM_ERROR uvm_tb.sv(1312) @ 12516000: uvm_test_top.env.sb [SB/SYM] MISMATCH exp=080 act=092 ph=PH_SDD cycle=1558
"uvm_tb.sv", 2275: pcs_tb_top.AST_SDD1_NONZERO: started at 12516000ps failed at 12516000ps
	Offending '((((pcs_tb_top.dut_if.Dout[3] inside {3'b010, 3'b110}) && (pcs_tb_top.dut_if.Dout[2] inside {3'b010, 3'b110})) && (pcs_tb_top.dut_if.Dout[1] inside {3'b010, 3'b110})) && (pcs_tb_top.dut_if.Dout[0] inside {3'b010, 3'b110}))'
Error: "uvm_tb.sv", 2275: pcs_tb_top.AST_SDD1_NONZERO: at time 12516000 ps
[ASSERT/SDD] SDD1: lane(s) not ±2 at TX_EN rise: got 092 @ 12516000
"uvm_tb.sv", 2355: pcs_tb_top.AST_SDD_EXACTLY2: started at 12516000ps failed at 12532000ps
	Offending '(!((((pcs_tb_top.dut_if.Dout[3] inside {3'b010, 3'b110}) && (pcs_tb_top.dut_if.Dout[2] inside {3'b010, 3'b110})) && (pcs_tb_top.dut_if.Dout[1] inside {3'b010, 3'b110})) && (pcs_tb_top.dut_if.Dout[0] inside {3'b010, 3'b110})))'
Error: "uvm_tb.sv", 2355: pcs_tb_top.AST_SDD_EXACTLY2: at time 12532000 ps
[ASSERT/ORDER] All-±2 output persists after SDD2 (stuck in SDD?) @ 12532000
UVM_ERROR uvm_tb.sv(1312) @ 12540000: uvm_test_top.env.sb [SB/SYM] MISMATCH exp=db0 act=c00 ph=PH_DATA cycle=1561
UVM_ERROR uvm_tb.sv(1312) @ 12556000: uvm_test_top.env.sb [SB/SYM] MISMATCH exp=fb7 act=f8a ph=PH_CSR cycle=1563
UVM_ERROR uvm_tb.sv(1312) @ 12564000: uvm_test_top.env.sb [SB/SYM] MISMATCH exp=c96 act=c97 ph=PH_ESD cycle=1564
"uvm_tb.sv", 2305: pcs_tb_top.AST_ESD1_NONZERO: started at 12548000ps failed at 12564000ps
	Offending '((((pcs_tb_top.dut_if.Dout[3] inside {3'b010, 3'b110}) && (pcs_tb_top.dut_if.Dout[2] inside {3'b010, 3'b110})) && (pcs_tb_top.dut_if.Dout[1] inside {3'b010, 3'b110})) && (pcs_tb_top.dut_if.Dout[0] inside {3'b010, 3'b110}))'
Error: "uvm_tb.sv", 2305: pcs_tb_top.AST_ESD1_NONZERO: at time 12564000 ps
[ASSERT/ESD] ESD1: lane(s) not ±2 two cycles after TX_EN fall: got c97 @ 12564000
UVM_ERROR uvm_tb.sv(1312) @ 12572000: uvm_test_top.env.sb [SB/SYM] MISMATCH exp=db6 act=db2 ph=PH_ESD cycle=1565
"uvm_tb.sv", 2372: pcs_tb_top.AST_ESD_EXACTLY2: started at 12548000ps failed at 12580000ps
	Offending '(!((((pcs_tb_top.dut_if.Dout[3] inside {3'b010, 3'b110}) && (pcs_tb_top.dut_if.Dout[2] inside {3'b010, 3'b110})) && (pcs_tb_top.dut_if.Dout[1] inside {3'b010, 3'b110})) && (pcs_tb_top.dut_if.Dout[0] inside {3'b010, 3'b110})))'
Error: "uvm_tb.sv", 2372: pcs_tb_top.AST_ESD_EXACTLY2: at time 12580000 ps
[ASSERT/ORDER] All-±2 output persists after ESD2 (stuck in ESD?) @ 12580000
UVM_ERROR uvm_tb.sv(1312) @ 12588000: uvm_test_top.env.sb [SB/SYM] MISMATCH exp=196 act=186 ph=PH_IDLE cycle=1567
UVM_ERROR uvm_tb.sv(1312) @ 12596000: uvm_test_top.env.sb [SB/SYM] MISMATCH exp=410 act=010 ph=PH_SDD cycle=1568
"uvm_tb.sv", 2275: pcs_tb_top.AST_SDD1_NONZERO: started at 12596000ps failed at 12596000ps
	Offending '((((pcs_tb_top.dut_if.Dout[3] inside {3'b010, 3'b110}) && (pcs_tb_top.dut_if.Dout[2] inside {3'b010, 3'b110})) && (pcs_tb_top.dut_if.Dout[1] inside {3'b010, 3'b110})) && (pcs_tb_top.dut_if.Dout[0] inside {3'b010, 3'b110}))'
Error: "uvm_tb.sv", 2275: pcs_tb_top.AST_SDD1_NONZERO: at time 12596000 ps
[ASSERT/SDD] SDD1: lane(s) not ±2 at TX_EN rise: got 010 @ 12596000
"uvm_tb.sv", 2355: pcs_tb_top.AST_SDD_EXACTLY2: started at 12596000ps failed at 12612000ps
	Offending '(!((((pcs_tb_top.dut_if.Dout[3] inside {3'b010, 3'b110}) && (pcs_tb_top.dut_if.Dout[2] inside {3'b010, 3'b110})) && (pcs_tb_top.dut_if.Dout[1] inside {3'b010, 3'b110})) && (pcs_tb_top.dut_if.Dout[0] inside {3'b010, 3'b110})))'
Error: "uvm_tb.sv", 2355: pcs_tb_top.AST_SDD_EXACTLY2: at time 12612000 ps
[ASSERT/ORDER] All-±2 output persists after SDD2 (stuck in SDD?) @ 12612000
UVM_ERROR uvm_tb.sv(1312) @ 12620000: uvm_test_top.env.sb [SB/SYM] MISMATCH exp=180 act=182 ph=PH_DATA cycle=1571
UVM_ERROR uvm_tb.sv(1312) @ 12628000: uvm_test_top.env.sb [SB/SYM] MISMATCH exp=fd6 act=e46 ph=PH_DATA cycle=1572
UVM_ERROR uvm_tb.sv(1312) @ 12636000: uvm_test_top.env.sb [SB/SYM] MISMATCH exp=5ff act=5ca ph=PH_DATA cycle=1573
UVM_ERROR uvm_tb.sv(1312) @ 12644000: uvm_test_top.env.sb [SB/SYM] MISMATCH exp=590 act=d82 ph=PH_DATA cycle=1574
UVM_ERROR uvm_tb.sv(1312) @ 12652000: uvm_test_top.env.sb [SB/SYM] MISMATCH exp=389 act=28f ph=PH_DATA cycle=1575
UVM_ERROR uvm_tb.sv(1312) @ 12660000: uvm_test_top.env.sb [SB/SYM] MISMATCH exp=ff9 act=e4f ph=PH_CSR cycle=1576
UVM_ERROR uvm_tb.sv(1312) @ 12668000: uvm_test_top.env.sb [SB/SYM] MISMATCH exp=2b6 act=cb7 ph=PH_CSR cycle=1577
UVM_ERROR uvm_tb.sv(1312) @ 12676000: uvm_test_top.env.sb [SB/SYM] MISMATCH exp=d89 act=d92 ph=PH_ESD cycle=1578
UVM_ERROR uvm_tb.sv(1312) @ 12684000: uvm_test_top.env.sb [SB/SYM] MISMATCH exp=db6 act=496 ph=PH_ESD cycle=1579
"uvm_tb.sv", 2372: pcs_tb_top.AST_ESD_EXACTLY2: started at 12660000ps failed at 12692000ps
	Offending '(!((((pcs_tb_top.dut_if.Dout[3] inside {3'b010, 3'b110}) && (pcs_tb_top.dut_if.Dout[2] inside {3'b010, 3'b110})) && (pcs_tb_top.dut_if.Dout[1] inside {3'b010, 3'b110})) && (pcs_tb_top.dut_if.Dout[0] inside {3'b010, 3'b110})))'
Error: "uvm_tb.sv", 2372: pcs_tb_top.AST_ESD_EXACTLY2: at time 12692000 ps
[ASSERT/ORDER] All-±2 output persists after ESD2 (stuck in ESD?) @ 12692000
UVM_ERROR uvm_tb.sv(1312) @ 12700000: uvm_test_top.env.sb [SB/SYM] MISMATCH exp=480 act=0b6 ph=PH_SDD cycle=1581
"uvm_tb.sv", 2275: pcs_tb_top.AST_SDD1_NONZERO: started at 12700000ps failed at 12700000ps
	Offending '((((pcs_tb_top.dut_if.Dout[3] inside {3'b010, 3'b110}) && (pcs_tb_top.dut_if.Dout[2] inside {3'b010, 3'b110})) && (pcs_tb_top.dut_if.Dout[1] inside {3'b010, 3'b110})) && (pcs_tb_top.dut_if.Dout[0] inside {3'b010, 3'b110}))'
Error: "uvm_tb.sv", 2275: pcs_tb_top.AST_SDD1_NONZERO: at time 12700000 ps
[ASSERT/SDD] SDD1: lane(s) not ±2 at TX_EN rise: got 0b6 @ 12700000
"uvm_tb.sv", 2355: pcs_tb_top.AST_SDD_EXACTLY2: started at 12700000ps failed at 12716000ps
	Offending '(!((((pcs_tb_top.dut_if.Dout[3] inside {3'b010, 3'b110}) && (pcs_tb_top.dut_if.Dout[2] inside {3'b010, 3'b110})) && (pcs_tb_top.dut_if.Dout[1] inside {3'b010, 3'b110})) && (pcs_tb_top.dut_if.Dout[0] inside {3'b010, 3'b110})))'
Error: "uvm_tb.sv", 2355: pcs_tb_top.AST_SDD_EXACTLY2: at time 12716000 ps
[ASSERT/ORDER] All-±2 output persists after SDD2 (stuck in SDD?) @ 12716000
UVM_ERROR uvm_tb.sv(1312) @ 12724000: uvm_test_top.env.sb [SB/SYM] MISMATCH exp=480 act=002 ph=PH_CSR cycle=1584
UVM_ERROR uvm_tb.sv(1312) @ 12748000: uvm_test_top.env.sb [SB/SYM] MISMATCH exp=db6 act=5b2 ph=PH_ESD cycle=1587
"uvm_tb.sv", 2372: pcs_tb_top.AST_ESD_EXACTLY2: started at 12724000ps failed at 12756000ps
	Offending '(!((((pcs_tb_top.dut_if.Dout[3] inside {3'b010, 3'b110}) && (pcs_tb_top.dut_if.Dout[2] inside {3'b010, 3'b110})) && (pcs_tb_top.dut_if.Dout[1] inside {3'b010, 3'b110})) && (pcs_tb_top.dut_if.Dout[0] inside {3'b010, 3'b110})))'
Error: "uvm_tb.sv", 2372: pcs_tb_top.AST_ESD_EXACTLY2: at time 12756000 ps
[ASSERT/ORDER] All-±2 output persists after ESD2 (stuck in ESD?) @ 12756000
UVM_ERROR uvm_tb.sv(1312) @ 12764000: uvm_test_top.env.sb [SB/SYM] MISMATCH exp=010 act=080 ph=PH_IDLE cycle=1589
UVM_ERROR uvm_tb.sv(1312) @ 12772000: uvm_test_top.env.sb [SB/SYM] MISMATCH exp=402 act=012 ph=PH_IDLE cycle=1590
UVM_ERROR uvm_tb.sv(1312) @ 12780000: uvm_test_top.env.sb [SB/SYM] MISMATCH exp=0b0 act=000 ph=PH_IDLE cycle=1591
UVM_ERROR uvm_tb.sv(1312) @ 12788000: uvm_test_top.env.sb [SB/SYM] MISMATCH exp=c16 act=096 ph=PH_IDLE cycle=1592
UVM_ERROR uvm_tb.sv(1312) @ 12796000: uvm_test_top.env.sb [SB/SYM] MISMATCH exp=080 act=090 ph=PH_SDD cycle=1593
"uvm_tb.sv", 2275: pcs_tb_top.AST_SDD1_NONZERO: started at 12796000ps failed at 12796000ps
	Offending '((((pcs_tb_top.dut_if.Dout[3] inside {3'b010, 3'b110}) && (pcs_tb_top.dut_if.Dout[2] inside {3'b010, 3'b110})) && (pcs_tb_top.dut_if.Dout[1] inside {3'b010, 3'b110})) && (pcs_tb_top.dut_if.Dout[0] inside {3'b010, 3'b110}))'
Error: "uvm_tb.sv", 2275: pcs_tb_top.AST_SDD1_NONZERO: at time 12796000 ps
[ASSERT/SDD] SDD1: lane(s) not ±2 at TX_EN rise: got 090 @ 12796000
"uvm_tb.sv", 2355: pcs_tb_top.AST_SDD_EXACTLY2: started at 12796000ps failed at 12812000ps
	Offending '(!((((pcs_tb_top.dut_if.Dout[3] inside {3'b010, 3'b110}) && (pcs_tb_top.dut_if.Dout[2] inside {3'b010, 3'b110})) && (pcs_tb_top.dut_if.Dout[1] inside {3'b010, 3'b110})) && (pcs_tb_top.dut_if.Dout[0] inside {3'b010, 3'b110})))'
Error: "uvm_tb.sv", 2355: pcs_tb_top.AST_SDD_EXACTLY2: at time 12812000 ps
[ASSERT/ORDER] All-±2 output persists after SDD2 (stuck in SDD?) @ 12812000
UVM_ERROR uvm_tb.sv(1312) @ 12820000: uvm_test_top.env.sb [SB/SYM] MISMATCH exp=c10 act=180 ph=PH_DATA cycle=1596
UVM_ERROR uvm_tb.sv(1312) @ 12836000: uvm_test_top.env.sb [SB/SYM] MISMATCH exp=487 act=406 ph=PH_DATA cycle=1598
UVM_ERROR uvm_tb.sv(1312) @ 12844000: uvm_test_top.env.sb [SB/SYM] MISMATCH exp=ffe act=092 ph=PH_DATA cycle=1599
UVM_ERROR uvm_tb.sv(1312) @ 12852000: uvm_test_top.env.sb [SB/SYM] MISMATCH exp=2be act=dc6 ph=PH_DATA cycle=1600
UVM_ERROR uvm_tb.sv(1312) @ 12860000: uvm_test_top.env.sb [SB/SYM] MISMATCH exp=272 act=c88 ph=PH_DATA cycle=1601
UVM_ERROR uvm_tb.sv(1312) @ 12868000: uvm_test_top.env.sb [SB/SYM] MISMATCH exp=091 act=0b0 ph=PH_CSR cycle=1602
UVM_ERROR uvm_tb.sv(1312) @ 12876000: uvm_test_top.env.sb [SB/SYM] MISMATCH exp=d89 act=cb6 ph=PH_CSR cycle=1603
UVM_ERROR uvm_tb.sv(1312) @ 12884000: uvm_test_top.env.sb [SB/SYM] MISMATCH exp=c96 act=c92 ph=PH_ESD cycle=1604
UVM_ERROR uvm_tb.sv(1312) @ 12892000: uvm_test_top.env.sb [SB/SYM] MISMATCH exp=db6 act=5b2 ph=PH_ESD cycle=1605
"uvm_tb.sv", 2372: pcs_tb_top.AST_ESD_EXACTLY2: started at 12868000ps failed at 12900000ps
	Offending '(!((((pcs_tb_top.dut_if.Dout[3] inside {3'b010, 3'b110}) && (pcs_tb_top.dut_if.Dout[2] inside {3'b010, 3'b110})) && (pcs_tb_top.dut_if.Dout[1] inside {3'b010, 3'b110})) && (pcs_tb_top.dut_if.Dout[0] inside {3'b010, 3'b110})))'
Error: "uvm_tb.sv", 2372: pcs_tb_top.AST_ESD_EXACTLY2: at time 12900000 ps
[ASSERT/ORDER] All-±2 output persists after ESD2 (stuck in ESD?) @ 12900000
"uvm_tb.sv", 2355: pcs_tb_top.AST_SDD_EXACTLY2: started at 12900000ps failed at 12916000ps
	Offending '(!((((pcs_tb_top.dut_if.Dout[3] inside {3'b010, 3'b110}) && (pcs_tb_top.dut_if.Dout[2] inside {3'b010, 3'b110})) && (pcs_tb_top.dut_if.Dout[1] inside {3'b010, 3'b110})) && (pcs_tb_top.dut_if.Dout[0] inside {3'b010, 3'b110})))'
Error: "uvm_tb.sv", 2355: pcs_tb_top.AST_SDD_EXACTLY2: at time 12916000 ps
[ASSERT/ORDER] All-±2 output persists after SDD2 (stuck in SDD?) @ 12916000
UVM_ERROR uvm_tb.sv(1312) @ 12932000: uvm_test_top.env.sb [SB/SYM] MISMATCH exp=c51 act=5f1 ph=PH_DATA cycle=1610
UVM_ERROR uvm_tb.sv(1312) @ 12940000: uvm_test_top.env.sb [SB/SYM] MISMATCH exp=037 act=0b0 ph=PH_DATA cycle=1611
UVM_ERROR uvm_tb.sv(1312) @ 12948000: uvm_test_top.env.sb [SB/SYM] MISMATCH exp=0be act=00a ph=PH_DATA cycle=1612
UVM_ERROR uvm_tb.sv(1312) @ 12956000: uvm_test_top.env.sb [SB/SYM] MISMATCH exp=c79 act=5c8 ph=PH_DATA cycle=1613
UVM_ERROR uvm_tb.sv(1312) @ 12964000: uvm_test_top.env.sb [SB/SYM] MISMATCH exp=fb9 act=eba ph=PH_CSR cycle=1614
UVM_ERROR uvm_tb.sv(1312) @ 12972000: uvm_test_top.env.sb [SB/SYM] MISMATCH exp=c8e act=c72 ph=PH_CSR cycle=1615
UVM_ERROR uvm_tb.sv(1312) @ 12980000: uvm_test_top.env.sb [SB/SYM] MISMATCH exp=d89 act=4b1 ph=PH_ESD cycle=1616
"uvm_tb.sv", 2305: pcs_tb_top.AST_ESD1_NONZERO: started at 12964000ps failed at 12980000ps
	Offending '((((pcs_tb_top.dut_if.Dout[3] inside {3'b010, 3'b110}) && (pcs_tb_top.dut_if.Dout[2] inside {3'b010, 3'b110})) && (pcs_tb_top.dut_if.Dout[1] inside {3'b010, 3'b110})) && (pcs_tb_top.dut_if.Dout[0] inside {3'b010, 3'b110}))'
Error: "uvm_tb.sv", 2305: pcs_tb_top.AST_ESD1_NONZERO: at time 12980000 ps
[ASSERT/ESD] ESD1: lane(s) not ±2 two cycles after TX_EN fall: got 4b1 @ 12980000
UVM_ERROR uvm_tb.sv(1312) @ 12988000: uvm_test_top.env.sb [SB/SYM] MISMATCH exp=db6 act=4b6 ph=PH_ESD cycle=1617
"uvm_tb.sv", 2372: pcs_tb_top.AST_ESD_EXACTLY2: started at 12964000ps failed at 12996000ps
	Offending '(!((((pcs_tb_top.dut_if.Dout[3] inside {3'b010, 3'b110}) && (pcs_tb_top.dut_if.Dout[2] inside {3'b010, 3'b110})) && (pcs_tb_top.dut_if.Dout[1] inside {3'b010, 3'b110})) && (pcs_tb_top.dut_if.Dout[0] inside {3'b010, 3'b110})))'
Error: "uvm_tb.sv", 2372: pcs_tb_top.AST_ESD_EXACTLY2: at time 12996000 ps
[ASSERT/ORDER] All-±2 output persists after ESD2 (stuck in ESD?) @ 12996000
UVM_ERROR uvm_tb.sv(1312) @ 13004000: uvm_test_top.env.sb [SB/SYM] MISMATCH exp=cb2 act=082 ph=PH_IDLE cycle=1619
UVM_ERROR uvm_tb.sv(1312) @ 13012000: uvm_test_top.env.sb [SB/SYM] MISMATCH exp=080 act=030 ph=PH_SDD cycle=1620
"uvm_tb.sv", 2275: pcs_tb_top.AST_SDD1_NONZERO: started at 13012000ps failed at 13012000ps
	Offending '((((pcs_tb_top.dut_if.Dout[3] inside {3'b010, 3'b110}) && (pcs_tb_top.dut_if.Dout[2] inside {3'b010, 3'b110})) && (pcs_tb_top.dut_if.Dout[1] inside {3'b010, 3'b110})) && (pcs_tb_top.dut_if.Dout[0] inside {3'b010, 3'b110}))'
Error: "uvm_tb.sv", 2275: pcs_tb_top.AST_SDD1_NONZERO: at time 13012000 ps
[ASSERT/SDD] SDD1: lane(s) not ±2 at TX_EN rise: got 030 @ 13012000
"uvm_tb.sv", 2355: pcs_tb_top.AST_SDD_EXACTLY2: started at 13012000ps failed at 13028000ps
	Offending '(!((((pcs_tb_top.dut_if.Dout[3] inside {3'b010, 3'b110}) && (pcs_tb_top.dut_if.Dout[2] inside {3'b010, 3'b110})) && (pcs_tb_top.dut_if.Dout[1] inside {3'b010, 3'b110})) && (pcs_tb_top.dut_if.Dout[0] inside {3'b010, 3'b110})))'
Error: "uvm_tb.sv", 2355: pcs_tb_top.AST_SDD_EXACTLY2: at time 13028000 ps
[ASSERT/ORDER] All-±2 output persists after SDD2 (stuck in SDD?) @ 13028000
UVM_ERROR uvm_tb.sv(1312) @ 13044000: uvm_test_top.env.sb [SB/SYM] MISMATCH exp=3be act=e0e ph=PH_DATA cycle=1624
UVM_ERROR uvm_tb.sv(1312) @ 13052000: uvm_test_top.env.sb [SB/SYM] MISMATCH exp=449 act=237 ph=PH_DATA cycle=1625
UVM_ERROR uvm_tb.sv(1312) @ 13060000: uvm_test_top.env.sb [SB/SYM] MISMATCH exp=c50 act=070 ph=PH_DATA cycle=1626
UVM_ERROR uvm_tb.sv(1312) @ 13068000: uvm_test_top.env.sb [SB/SYM] MISMATCH exp=447 act=041 ph=PH_DATA cycle=1627
UVM_ERROR uvm_tb.sv(1312) @ 13076000: uvm_test_top.env.sb [SB/SYM] MISMATCH exp=296 act=202 ph=PH_DATA cycle=1628
UVM_ERROR uvm_tb.sv(1312) @ 13084000: uvm_test_top.env.sb [SB/SYM] MISMATCH exp=432 act=486 ph=PH_CSR cycle=1629
UVM_ERROR uvm_tb.sv(1312) @ 13092000: uvm_test_top.env.sb [SB/SYM] MISMATCH exp=2b6 act=5d2 ph=PH_CSR cycle=1630
UVM_ERROR uvm_tb.sv(1312) @ 13100000: uvm_test_top.env.sb [SB/SYM] MISMATCH exp=d89 act=d97 ph=PH_ESD cycle=1631
"uvm_tb.sv", 2305: pcs_tb_top.AST_ESD1_NONZERO: started at 13084000ps failed at 13100000ps
	Offending '((((pcs_tb_top.dut_if.Dout[3] inside {3'b010, 3'b110}) && (pcs_tb_top.dut_if.Dout[2] inside {3'b010, 3'b110})) && (pcs_tb_top.dut_if.Dout[1] inside {3'b010, 3'b110})) && (pcs_tb_top.dut_if.Dout[0] inside {3'b010, 3'b110}))'
Error: "uvm_tb.sv", 2305: pcs_tb_top.AST_ESD1_NONZERO: at time 13100000 ps
[ASSERT/ESD] ESD1: lane(s) not ±2 two cycles after TX_EN fall: got d97 @ 13100000
UVM_ERROR uvm_tb.sv(1312) @ 13108000: uvm_test_top.env.sb [SB/SYM] MISMATCH exp=db6 act=496 ph=PH_ESD cycle=1632
"uvm_tb.sv", 2372: pcs_tb_top.AST_ESD_EXACTLY2: started at 13084000ps failed at 13116000ps
	Offending '(!((((pcs_tb_top.dut_if.Dout[3] inside {3'b010, 3'b110}) && (pcs_tb_top.dut_if.Dout[2] inside {3'b010, 3'b110})) && (pcs_tb_top.dut_if.Dout[1] inside {3'b010, 3'b110})) && (pcs_tb_top.dut_if.Dout[0] inside {3'b010, 3'b110})))'
Error: "uvm_tb.sv", 2372: pcs_tb_top.AST_ESD_EXACTLY2: at time 13116000 ps
[ASSERT/ORDER] All-±2 output persists after ESD2 (stuck in ESD?) @ 13116000
UVM_ERROR uvm_tb.sv(1312) @ 13124000: uvm_test_top.env.sb [SB/SYM] MISMATCH exp=186 act=010 ph=PH_IDLE cycle=1634
UVM_ERROR uvm_tb.sv(1312) @ 13132000: uvm_test_top.env.sb [SB/SYM] MISMATCH exp=010 act=092 ph=PH_IDLE cycle=1635
UVM_ERROR uvm_tb.sv(1312) @ 13140000: uvm_test_top.env.sb [SB/SYM] MISMATCH exp=032 act=000 ph=PH_IDLE cycle=1636
UVM_ERROR uvm_tb.sv(1312) @ 13148000: uvm_test_top.env.sb [SB/SYM] MISMATCH exp=580 act=1b6 ph=PH_SDD cycle=1637
"uvm_tb.sv", 2275: pcs_tb_top.AST_SDD1_NONZERO: started at 13148000ps failed at 13148000ps
	Offending '((((pcs_tb_top.dut_if.Dout[3] inside {3'b010, 3'b110}) && (pcs_tb_top.dut_if.Dout[2] inside {3'b010, 3'b110})) && (pcs_tb_top.dut_if.Dout[1] inside {3'b010, 3'b110})) && (pcs_tb_top.dut_if.Dout[0] inside {3'b010, 3'b110}))'
Error: "uvm_tb.sv", 2275: pcs_tb_top.AST_SDD1_NONZERO: at time 13148000 ps
[ASSERT/SDD] SDD1: lane(s) not ±2 at TX_EN rise: got 1b6 @ 13148000
"uvm_tb.sv", 2355: pcs_tb_top.AST_SDD_EXACTLY2: started at 13148000ps failed at 13164000ps
	Offending '(!((((pcs_tb_top.dut_if.Dout[3] inside {3'b010, 3'b110}) && (pcs_tb_top.dut_if.Dout[2] inside {3'b010, 3'b110})) && (pcs_tb_top.dut_if.Dout[1] inside {3'b010, 3'b110})) && (pcs_tb_top.dut_if.Dout[0] inside {3'b010, 3'b110})))'
Error: "uvm_tb.sv", 2355: pcs_tb_top.AST_SDD_EXACTLY2: at time 13164000 ps
[ASSERT/ORDER] All-±2 output persists after SDD2 (stuck in SDD?) @ 13164000
UVM_ERROR uvm_tb.sv(1312) @ 13172000: uvm_test_top.env.sb [SB/SYM] MISMATCH exp=486 act=480 ph=PH_DATA cycle=1640
UVM_ERROR uvm_tb.sv(1312) @ 13180000: uvm_test_top.env.sb [SB/SYM] MISMATCH exp=f91 act=5fa ph=PH_DATA cycle=1641
UVM_ERROR uvm_tb.sv(1312) @ 13188000: uvm_test_top.env.sb [SB/SYM] MISMATCH exp=211 act=391 ph=PH_CSR cycle=1642
UVM_ERROR uvm_tb.sv(1312) @ 13196000: uvm_test_top.env.sb [SB/SYM] MISMATCH exp=2b6 act=cb6 ph=PH_CSR cycle=1643
UVM_ERROR uvm_tb.sv(1312) @ 13204000: uvm_test_top.env.sb [SB/SYM] MISMATCH exp=d89 act=d96 ph=PH_ESD cycle=1644
UVM_ERROR uvm_tb.sv(1312) @ 13212000: uvm_test_top.env.sb [SB/SYM] MISMATCH exp=db6 act=cb6 ph=PH_ESD cycle=1645
"uvm_tb.sv", 2372: pcs_tb_top.AST_ESD_EXACTLY2: started at 13188000ps failed at 13220000ps
	Offending '(!((((pcs_tb_top.dut_if.Dout[3] inside {3'b010, 3'b110}) && (pcs_tb_top.dut_if.Dout[2] inside {3'b010, 3'b110})) && (pcs_tb_top.dut_if.Dout[1] inside {3'b010, 3'b110})) && (pcs_tb_top.dut_if.Dout[0] inside {3'b010, 3'b110})))'
Error: "uvm_tb.sv", 2372: pcs_tb_top.AST_ESD_EXACTLY2: at time 13220000 ps
[ASSERT/ORDER] All-±2 output persists after ESD2 (stuck in ESD?) @ 13220000
"uvm_tb.sv", 2355: pcs_tb_top.AST_SDD_EXACTLY2: started at 13212000ps failed at 13228000ps
	Offending '(!((((pcs_tb_top.dut_if.Dout[3] inside {3'b010, 3'b110}) && (pcs_tb_top.dut_if.Dout[2] inside {3'b010, 3'b110})) && (pcs_tb_top.dut_if.Dout[1] inside {3'b010, 3'b110})) && (pcs_tb_top.dut_if.Dout[0] inside {3'b010, 3'b110})))'
Error: "uvm_tb.sv", 2355: pcs_tb_top.AST_SDD_EXACTLY2: at time 13228000 ps
[ASSERT/ORDER] All-±2 output persists after SDD2 (stuck in SDD?) @ 13228000
UVM_ERROR uvm_tb.sv(1312) @ 13244000: uvm_test_top.env.sb [SB/SYM] MISMATCH exp=c32 act=1b2 ph=PH_IDLE cycle=1649
UVM_ERROR uvm_tb.sv(1312) @ 13252000: uvm_test_top.env.sb [SB/SYM] MISMATCH exp=5ce act=5f8 ph=PH_IDLE cycle=1650
UVM_ERROR uvm_tb.sv(1312) @ 13260000: uvm_test_top.env.sb [SB/SYM] MISMATCH exp=e52 act=e41 ph=PH_IDLE cycle=1651
UVM_ERROR uvm_tb.sv(1312) @ 13268000: uvm_test_top.env.sb [SB/SYM] MISMATCH exp=381 act=e96 ph=PH_IDLE cycle=1652
UVM_ERROR uvm_tb.sv(1312) @ 13276000: uvm_test_top.env.sb [SB/SYM] MISMATCH exp=5ce act=e32 ph=PH_IDLE cycle=1653
UVM_ERROR uvm_tb.sv(1312) @ 13284000: uvm_test_top.env.sb [SB/SYM] MISMATCH exp=e92 act=201 ph=PH_IDLE cycle=1654
UVM_ERROR uvm_tb.sv(1312) @ 13292000: uvm_test_top.env.sb [SB/SYM] MISMATCH exp=c56 act=4b6 ph=PH_IDLE cycle=1655
UVM_ERROR uvm_tb.sv(1312) @ 13300000: uvm_test_top.env.sb [SB/SYM] MISMATCH exp=d89 act=db6 ph=PH_IDLE cycle=1656
UVM_ERROR uvm_tb.sv(1312) @ 13308000: uvm_test_top.env.sb [SB/SYM] MISMATCH exp=db6 act=d96 ph=PH_IDLE cycle=1657
"uvm_tb.sv", 2372: pcs_tb_top.AST_ESD_EXACTLY2: started at 13284000ps failed at 13316000ps
	Offending '(!((((pcs_tb_top.dut_if.Dout[3] inside {3'b010, 3'b110}) && (pcs_tb_top.dut_if.Dout[2] inside {3'b010, 3'b110})) && (pcs_tb_top.dut_if.Dout[1] inside {3'b010, 3'b110})) && (pcs_tb_top.dut_if.Dout[0] inside {3'b010, 3'b110})))'
Error: "uvm_tb.sv", 2372: pcs_tb_top.AST_ESD_EXACTLY2: at time 13316000 ps
[ASSERT/ORDER] All-±2 output persists after ESD2 (stuck in ESD?) @ 13316000
UVM_ERROR uvm_tb.sv(1312) @ 13324000: uvm_test_top.env.sb [SB/SYM] MISMATCH exp=006 act=096 ph=PH_IDLE cycle=1659
UVM_ERROR uvm_tb.sv(1312) @ 13332000: uvm_test_top.env.sb [SB/SYM] MISMATCH exp=010 act=000 ph=PH_SDD cycle=1660
"uvm_tb.sv", 2275: pcs_tb_top.AST_SDD1_NONZERO: started at 13332000ps failed at 13332000ps
	Offending '((((pcs_tb_top.dut_if.Dout[3] inside {3'b010, 3'b110}) && (pcs_tb_top.dut_if.Dout[2] inside {3'b010, 3'b110})) && (pcs_tb_top.dut_if.Dout[1] inside {3'b010, 3'b110})) && (pcs_tb_top.dut_if.Dout[0] inside {3'b010, 3'b110}))'
Error: "uvm_tb.sv", 2275: pcs_tb_top.AST_SDD1_NONZERO: at time 13332000 ps
[ASSERT/SDD] SDD1: lane(s) not ±2 at TX_EN rise: got 000 @ 13332000
"uvm_tb.sv", 2355: pcs_tb_top.AST_SDD_EXACTLY2: started at 13332000ps failed at 13348000ps
	Offending '(!((((pcs_tb_top.dut_if.Dout[3] inside {3'b010, 3'b110}) && (pcs_tb_top.dut_if.Dout[2] inside {3'b010, 3'b110})) && (pcs_tb_top.dut_if.Dout[1] inside {3'b010, 3'b110})) && (pcs_tb_top.dut_if.Dout[0] inside {3'b010, 3'b110})))'
Error: "uvm_tb.sv", 2355: pcs_tb_top.AST_SDD_EXACTLY2: at time 13348000 ps
[ASSERT/ORDER] All-±2 output persists after SDD2 (stuck in SDD?) @ 13348000
UVM_ERROR uvm_tb.sv(1312) @ 13356000: uvm_test_top.env.sb [SB/SYM] MISMATCH exp=000 act=180 ph=PH_CSR cycle=1663
"uvm_tb.sv", 2372: pcs_tb_top.AST_ESD_EXACTLY2: started at 13356000ps failed at 13388000ps
	Offending '(!((((pcs_tb_top.dut_if.Dout[3] inside {3'b010, 3'b110}) && (pcs_tb_top.dut_if.Dout[2] inside {3'b010, 3'b110})) && (pcs_tb_top.dut_if.Dout[1] inside {3'b010, 3'b110})) && (pcs_tb_top.dut_if.Dout[0] inside {3'b010, 3'b110})))'
Error: "uvm_tb.sv", 2372: pcs_tb_top.AST_ESD_EXACTLY2: at time 13388000 ps
[ASSERT/ORDER] All-±2 output persists after ESD2 (stuck in ESD?) @ 13388000
"uvm_tb.sv", 2355: pcs_tb_top.AST_SDD_EXACTLY2: started at 13388000ps failed at 13404000ps
	Offending '(!((((pcs_tb_top.dut_if.Dout[3] inside {3'b010, 3'b110}) && (pcs_tb_top.dut_if.Dout[2] inside {3'b010, 3'b110})) && (pcs_tb_top.dut_if.Dout[1] inside {3'b010, 3'b110})) && (pcs_tb_top.dut_if.Dout[0] inside {3'b010, 3'b110})))'
Error: "uvm_tb.sv", 2355: pcs_tb_top.AST_SDD_EXACTLY2: at time 13404000 ps
[ASSERT/ORDER] All-±2 output persists after SDD2 (stuck in SDD?) @ 13404000
UVM_ERROR uvm_tb.sv(1312) @ 13412000: uvm_test_top.env.sb [SB/SYM] MISMATCH exp=032 act=082 ph=PH_DATA cycle=1670
UVM_ERROR uvm_tb.sv(1312) @ 13420000: uvm_test_top.env.sb [SB/SYM] MISMATCH exp=047 act=041 ph=PH_DATA cycle=1671
UVM_ERROR uvm_tb.sv(1312) @ 13436000: uvm_test_top.env.sb [SB/SYM] MISMATCH exp=e40 act=e47 ph=PH_DATA cycle=1673
UVM_ERROR uvm_tb.sv(1312) @ 13444000: uvm_test_top.env.sb [SB/SYM] MISMATCH exp=038 act=009 ph=PH_CSR cycle=1674
UVM_ERROR uvm_tb.sv(1312) @ 13452000: uvm_test_top.env.sb [SB/SYM] MISMATCH exp=d89 act=fba ph=PH_CSR cycle=1675
UVM_ERROR uvm_tb.sv(1312) @ 13460000: uvm_test_top.env.sb [SB/SYM] MISMATCH exp=c96 act=497 ph=PH_ESD cycle=1676
"uvm_tb.sv", 2305: pcs_tb_top.AST_ESD1_NONZERO: started at 13444000ps failed at 13460000ps
	Offending '((((pcs_tb_top.dut_if.Dout[3] inside {3'b010, 3'b110}) && (pcs_tb_top.dut_if.Dout[2] inside {3'b010, 3'b110})) && (pcs_tb_top.dut_if.Dout[1] inside {3'b010, 3'b110})) && (pcs_tb_top.dut_if.Dout[0] inside {3'b010, 3'b110}))'
Error: "uvm_tb.sv", 2305: pcs_tb_top.AST_ESD1_NONZERO: at time 13460000 ps
[ASSERT/ESD] ESD1: lane(s) not ±2 two cycles after TX_EN fall: got 497 @ 13460000
UVM_ERROR uvm_tb.sv(1312) @ 13468000: uvm_test_top.env.sb [SB/SYM] MISMATCH exp=db6 act=c92 ph=PH_ESD cycle=1677
"uvm_tb.sv", 2372: pcs_tb_top.AST_ESD_EXACTLY2: started at 13444000ps failed at 13476000ps
	Offending '(!((((pcs_tb_top.dut_if.Dout[3] inside {3'b010, 3'b110}) && (pcs_tb_top.dut_if.Dout[2] inside {3'b010, 3'b110})) && (pcs_tb_top.dut_if.Dout[1] inside {3'b010, 3'b110})) && (pcs_tb_top.dut_if.Dout[0] inside {3'b010, 3'b110})))'
Error: "uvm_tb.sv", 2372: pcs_tb_top.AST_ESD_EXACTLY2: at time 13476000 ps
[ASSERT/ORDER] All-±2 output persists after ESD2 (stuck in ESD?) @ 13476000
UVM_ERROR uvm_tb.sv(1312) @ 13484000: uvm_test_top.env.sb [SB/SYM] MISMATCH exp=180 act=012 ph=PH_SDD cycle=1679
"uvm_tb.sv", 2275: pcs_tb_top.AST_SDD1_NONZERO: started at 13484000ps failed at 13484000ps
	Offending '((((pcs_tb_top.dut_if.Dout[3] inside {3'b010, 3'b110}) && (pcs_tb_top.dut_if.Dout[2] inside {3'b010, 3'b110})) && (pcs_tb_top.dut_if.Dout[1] inside {3'b010, 3'b110})) && (pcs_tb_top.dut_if.Dout[0] inside {3'b010, 3'b110}))'
Error: "uvm_tb.sv", 2275: pcs_tb_top.AST_SDD1_NONZERO: at time 13484000 ps
[ASSERT/SDD] SDD1: lane(s) not ±2 at TX_EN rise: got 012 @ 13484000
"uvm_tb.sv", 2355: pcs_tb_top.AST_SDD_EXACTLY2: started at 13484000ps failed at 13500000ps
	Offending '(!((((pcs_tb_top.dut_if.Dout[3] inside {3'b010, 3'b110}) && (pcs_tb_top.dut_if.Dout[2] inside {3'b010, 3'b110})) && (pcs_tb_top.dut_if.Dout[1] inside {3'b010, 3'b110})) && (pcs_tb_top.dut_if.Dout[0] inside {3'b010, 3'b110})))'
Error: "uvm_tb.sv", 2355: pcs_tb_top.AST_SDD_EXACTLY2: at time 13500000 ps
[ASSERT/ORDER] All-±2 output persists after SDD2 (stuck in SDD?) @ 13500000
UVM_ERROR uvm_tb.sv(1312) @ 13508000: uvm_test_top.env.sb [SB/SYM] MISMATCH exp=086 act=010 ph=PH_DATA cycle=1682
UVM_ERROR uvm_tb.sv(1312) @ 13516000: uvm_test_top.env.sb [SB/SYM] MISMATCH exp=279 act=3ff ph=PH_DATA cycle=1683
UVM_ERROR uvm_tb.sv(1312) @ 13532000: uvm_test_top.env.sb [SB/SYM] MISMATCH exp=5b8 act=e56 ph=PH_DATA cycle=1685
UVM_ERROR uvm_tb.sv(1312) @ 13540000: uvm_test_top.env.sb [SB/SYM] MISMATCH exp=078 act=1ca ph=PH_CSR cycle=1686
UVM_ERROR uvm_tb.sv(1312) @ 13548000: uvm_test_top.env.sb [SB/SYM] MISMATCH exp=c96 act=4b6 ph=PH_CSR cycle=1687
UVM_ERROR uvm_tb.sv(1312) @ 13556000: uvm_test_top.env.sb [SB/SYM] MISMATCH exp=c96 act=5b6 ph=PH_ESD cycle=1688
UVM_ERROR uvm_tb.sv(1312) @ 13564000: uvm_test_top.env.sb [SB/SYM] MISMATCH exp=db6 act=d96 ph=PH_ESD cycle=1689
"uvm_tb.sv", 2372: pcs_tb_top.AST_ESD_EXACTLY2: started at 13540000ps failed at 13572000ps
	Offending '(!((((pcs_tb_top.dut_if.Dout[3] inside {3'b010, 3'b110}) && (pcs_tb_top.dut_if.Dout[2] inside {3'b010, 3'b110})) && (pcs_tb_top.dut_if.Dout[1] inside {3'b010, 3'b110})) && (pcs_tb_top.dut_if.Dout[0] inside {3'b010, 3'b110})))'
Error: "uvm_tb.sv", 2372: pcs_tb_top.AST_ESD_EXACTLY2: at time 13572000 ps
[ASSERT/ORDER] All-±2 output persists after ESD2 (stuck in ESD?) @ 13572000
UVM_ERROR uvm_tb.sv(1312) @ 13580000: uvm_test_top.env.sb [SB/SYM] MISMATCH exp=c00 act=006 ph=PH_IDLE cycle=1691
UVM_ERROR uvm_tb.sv(1312) @ 13588000: uvm_test_top.env.sb [SB/SYM] MISMATCH exp=030 act=0b0 ph=PH_SDD cycle=1692
"uvm_tb.sv", 2275: pcs_tb_top.AST_SDD1_NONZERO: started at 13588000ps failed at 13588000ps
	Offending '((((pcs_tb_top.dut_if.Dout[3] inside {3'b010, 3'b110}) && (pcs_tb_top.dut_if.Dout[2] inside {3'b010, 3'b110})) && (pcs_tb_top.dut_if.Dout[1] inside {3'b010, 3'b110})) && (pcs_tb_top.dut_if.Dout[0] inside {3'b010, 3'b110}))'
Error: "uvm_tb.sv", 2275: pcs_tb_top.AST_SDD1_NONZERO: at time 13588000 ps
[ASSERT/SDD] SDD1: lane(s) not ±2 at TX_EN rise: got 0b0 @ 13588000
"uvm_tb.sv", 2355: pcs_tb_top.AST_SDD_EXACTLY2: started at 13588000ps failed at 13604000ps
	Offending '(!((((pcs_tb_top.dut_if.Dout[3] inside {3'b010, 3'b110}) && (pcs_tb_top.dut_if.Dout[2] inside {3'b010, 3'b110})) && (pcs_tb_top.dut_if.Dout[1] inside {3'b010, 3'b110})) && (pcs_tb_top.dut_if.Dout[0] inside {3'b010, 3'b110})))'
Error: "uvm_tb.sv", 2355: pcs_tb_top.AST_SDD_EXACTLY2: at time 13604000 ps
[ASSERT/ORDER] All-±2 output persists after SDD2 (stuck in SDD?) @ 13604000
UVM_ERROR uvm_tb.sv(1312) @ 13612000: uvm_test_top.env.sb [SB/SYM] MISMATCH exp=c80 act=0b0 ph=PH_DATA cycle=1695
UVM_ERROR uvm_tb.sv(1312) @ 13620000: uvm_test_top.env.sb [SB/SYM] MISMATCH exp=078 act=1f8 ph=PH_DATA cycle=1696
UVM_ERROR uvm_tb.sv(1312) @ 13628000: uvm_test_top.env.sb [SB/SYM] MISMATCH exp=096 act=e7a ph=PH_CSR cycle=1697
UVM_ERROR uvm_tb.sv(1312) @ 13636000: uvm_test_top.env.sb [SB/SYM] MISMATCH exp=cb1 act=2ba ph=PH_CSR cycle=1698
UVM_ERROR uvm_tb.sv(1312) @ 13644000: uvm_test_top.env.sb [SB/SYM] MISMATCH exp=d89 act=c97 ph=PH_ESD cycle=1699
"uvm_tb.sv", 2305: pcs_tb_top.AST_ESD1_NONZERO: started at 13628000ps failed at 13644000ps
	Offending '((((pcs_tb_top.dut_if.Dout[3] inside {3'b010, 3'b110}) && (pcs_tb_top.dut_if.Dout[2] inside {3'b010, 3'b110})) && (pcs_tb_top.dut_if.Dout[1] inside {3'b010, 3'b110})) && (pcs_tb_top.dut_if.Dout[0] inside {3'b010, 3'b110}))'
Error: "uvm_tb.sv", 2305: pcs_tb_top.AST_ESD1_NONZERO: at time 13644000 ps
[ASSERT/ESD] ESD1: lane(s) not ±2 two cycles after TX_EN fall: got c97 @ 13644000
UVM_ERROR uvm_tb.sv(1312) @ 13652000: uvm_test_top.env.sb [SB/SYM] MISMATCH exp=db6 act=592 ph=PH_ESD cycle=1700
"uvm_tb.sv", 2372: pcs_tb_top.AST_ESD_EXACTLY2: started at 13628000ps failed at 13660000ps
	Offending '(!((((pcs_tb_top.dut_if.Dout[3] inside {3'b010, 3'b110}) && (pcs_tb_top.dut_if.Dout[2] inside {3'b010, 3'b110})) && (pcs_tb_top.dut_if.Dout[1] inside {3'b010, 3'b110})) && (pcs_tb_top.dut_if.Dout[0] inside {3'b010, 3'b110})))'
Error: "uvm_tb.sv", 2372: pcs_tb_top.AST_ESD_EXACTLY2: at time 13660000 ps
[ASSERT/ORDER] All-±2 output persists after ESD2 (stuck in ESD?) @ 13660000
UVM_ERROR uvm_tb.sv(1312) @ 13676000: uvm_test_top.env.sb [SB/SYM] MISMATCH exp=c00 act=000 ph=PH_SDD cycle=1703
"uvm_tb.sv", 2275: pcs_tb_top.AST_SDD1_NONZERO: started at 13676000ps failed at 13676000ps
	Offending '((((pcs_tb_top.dut_if.Dout[3] inside {3'b010, 3'b110}) && (pcs_tb_top.dut_if.Dout[2] inside {3'b010, 3'b110})) && (pcs_tb_top.dut_if.Dout[1] inside {3'b010, 3'b110})) && (pcs_tb_top.dut_if.Dout[0] inside {3'b010, 3'b110}))'
Error: "uvm_tb.sv", 2275: pcs_tb_top.AST_SDD1_NONZERO: at time 13676000 ps
[ASSERT/SDD] SDD1: lane(s) not ±2 at TX_EN rise: got 000 @ 13676000
"uvm_tb.sv", 2355: pcs_tb_top.AST_SDD_EXACTLY2: started at 13676000ps failed at 13692000ps
	Offending '(!((((pcs_tb_top.dut_if.Dout[3] inside {3'b010, 3'b110}) && (pcs_tb_top.dut_if.Dout[2] inside {3'b010, 3'b110})) && (pcs_tb_top.dut_if.Dout[1] inside {3'b010, 3'b110})) && (pcs_tb_top.dut_if.Dout[0] inside {3'b010, 3'b110})))'
Error: "uvm_tb.sv", 2355: pcs_tb_top.AST_SDD_EXACTLY2: at time 13692000 ps
[ASSERT/ORDER] All-±2 output persists after SDD2 (stuck in SDD?) @ 13692000
UVM_ERROR uvm_tb.sv(1312) @ 13700000: uvm_test_top.env.sb [SB/SYM] MISMATCH exp=000 act=036 ph=PH_DATA cycle=1706
UVM_ERROR uvm_tb.sv(1312) @ 13708000: uvm_test_top.env.sb [SB/SYM] MISMATCH exp=447 act=1c1 ph=PH_CSR cycle=1707
UVM_ERROR uvm_tb.sv(1312) @ 13716000: uvm_test_top.env.sb [SB/SYM] MISMATCH exp=2b6 act=38e ph=PH_CSR cycle=1708
UVM_ERROR uvm_tb.sv(1312) @ 13724000: uvm_test_top.env.sb [SB/SYM] MISMATCH exp=d89 act=5b1 ph=PH_ESD cycle=1709
"uvm_tb.sv", 2305: pcs_tb_top.AST_ESD1_NONZERO: started at 13708000ps failed at 13724000ps
	Offending '((((pcs_tb_top.dut_if.Dout[3] inside {3'b010, 3'b110}) && (pcs_tb_top.dut_if.Dout[2] inside {3'b010, 3'b110})) && (pcs_tb_top.dut_if.Dout[1] inside {3'b010, 3'b110})) && (pcs_tb_top.dut_if.Dout[0] inside {3'b010, 3'b110}))'
Error: "uvm_tb.sv", 2305: pcs_tb_top.AST_ESD1_NONZERO: at time 13724000 ps
[ASSERT/ESD] ESD1: lane(s) not ±2 two cycles after TX_EN fall: got 5b1 @ 13724000
UVM_ERROR uvm_tb.sv(1312) @ 13732000: uvm_test_top.env.sb [SB/SYM] MISMATCH exp=db6 act=d96 ph=PH_ESD cycle=1710
"uvm_tb.sv", 2372: pcs_tb_top.AST_ESD_EXACTLY2: started at 13708000ps failed at 13740000ps
	Offending '(!((((pcs_tb_top.dut_if.Dout[3] inside {3'b010, 3'b110}) && (pcs_tb_top.dut_if.Dout[2] inside {3'b010, 3'b110})) && (pcs_tb_top.dut_if.Dout[1] inside {3'b010, 3'b110})) && (pcs_tb_top.dut_if.Dout[0] inside {3'b010, 3'b110})))'
Error: "uvm_tb.sv", 2372: pcs_tb_top.AST_ESD_EXACTLY2: at time 13740000 ps
[ASSERT/ORDER] All-±2 output persists after ESD2 (stuck in ESD?) @ 13740000
"uvm_tb.sv", 2355: pcs_tb_top.AST_SDD_EXACTLY2: started at 13732000ps failed at 13748000ps
	Offending '(!((((pcs_tb_top.dut_if.Dout[3] inside {3'b010, 3'b110}) && (pcs_tb_top.dut_if.Dout[2] inside {3'b010, 3'b110})) && (pcs_tb_top.dut_if.Dout[1] inside {3'b010, 3'b110})) && (pcs_tb_top.dut_if.Dout[0] inside {3'b010, 3'b110})))'
Error: "uvm_tb.sv", 2355: pcs_tb_top.AST_SDD_EXACTLY2: at time 13748000 ps
[ASSERT/ORDER] All-±2 output persists after SDD2 (stuck in SDD?) @ 13748000
UVM_ERROR uvm_tb.sv(1312) @ 13764000: uvm_test_top.env.sb [SB/SYM] MISMATCH exp=080 act=002 ph=PH_IDLE cycle=1714
UVM_ERROR uvm_tb.sv(1312) @ 13772000: uvm_test_top.env.sb [SB/SYM] MISMATCH exp=080 act=081 ph=PH_IDLE cycle=1715
UVM_ERROR uvm_tb.sv(1312) @ 13780000: uvm_test_top.env.sb [SB/SYM] MISMATCH exp=589 act=18e ph=PH_IDLE cycle=1716
UVM_ERROR uvm_tb.sv(1312) @ 13788000: uvm_test_top.env.sb [SB/SYM] MISMATCH exp=cb1 act=497 ph=PH_IDLE cycle=1717
UVM_ERROR uvm_tb.sv(1312) @ 13796000: uvm_test_top.env.sb [SB/SYM] MISMATCH exp=d89 act=c96 ph=PH_IDLE cycle=1718
UVM_ERROR uvm_tb.sv(1312) @ 13804000: uvm_test_top.env.sb [SB/SYM] MISMATCH exp=db6 act=5b6 ph=PH_SDD cycle=1719
"uvm_tb.sv", 2372: pcs_tb_top.AST_ESD_EXACTLY2: started at 13780000ps failed at 13812000ps
	Offending '(!((((pcs_tb_top.dut_if.Dout[3] inside {3'b010, 3'b110}) && (pcs_tb_top.dut_if.Dout[2] inside {3'b010, 3'b110})) && (pcs_tb_top.dut_if.Dout[1] inside {3'b010, 3'b110})) && (pcs_tb_top.dut_if.Dout[0] inside {3'b010, 3'b110})))'
Error: "uvm_tb.sv", 2372: pcs_tb_top.AST_ESD_EXACTLY2: at time 13812000 ps
[ASSERT/ORDER] All-±2 output persists after ESD2 (stuck in ESD?) @ 13812000
"uvm_tb.sv", 2355: pcs_tb_top.AST_SDD_EXACTLY2: started at 13804000ps failed at 13820000ps
	Offending '(!((((pcs_tb_top.dut_if.Dout[3] inside {3'b010, 3'b110}) && (pcs_tb_top.dut_if.Dout[2] inside {3'b010, 3'b110})) && (pcs_tb_top.dut_if.Dout[1] inside {3'b010, 3'b110})) && (pcs_tb_top.dut_if.Dout[0] inside {3'b010, 3'b110})))'
Error: "uvm_tb.sv", 2355: pcs_tb_top.AST_SDD_EXACTLY2: at time 13820000 ps
[ASSERT/ORDER] All-±2 output persists after SDD2 (stuck in SDD?) @ 13820000
UVM_ERROR uvm_tb.sv(1312) @ 13836000: uvm_test_top.env.sb [SB/SYM] MISMATCH exp=c00 act=010 ph=PH_DATA cycle=1723
UVM_ERROR uvm_tb.sv(1312) @ 13844000: uvm_test_top.env.sb [SB/SYM] MISMATCH exp=051 act=441 ph=PH_DATA cycle=1724
UVM_ERROR uvm_tb.sv(1312) @ 13852000: uvm_test_top.env.sb [SB/SYM] MISMATCH exp=017 act=002 ph=PH_DATA cycle=1725
UVM_ERROR uvm_tb.sv(1312) @ 13860000: uvm_test_top.env.sb [SB/SYM] MISMATCH exp=292 act=e11 ph=PH_DATA cycle=1726
UVM_ERROR uvm_tb.sv(1312) @ 13868000: uvm_test_top.env.sb [SB/SYM] MISMATCH exp=279 act=e49 ph=PH_CSR cycle=1727
UVM_ERROR uvm_tb.sv(1312) @ 13876000: uvm_test_top.env.sb [SB/SYM] MISMATCH exp=3b1 act=4b1 ph=PH_CSR cycle=1728
UVM_ERROR uvm_tb.sv(1312) @ 13884000: uvm_test_top.env.sb [SB/SYM] MISMATCH exp=c96 act=db6 ph=PH_ESD cycle=1729
UVM_ERROR uvm_tb.sv(1312) @ 13892000: uvm_test_top.env.sb [SB/SYM] MISMATCH exp=db6 act=496 ph=PH_ESD cycle=1730
"uvm_tb.sv", 2372: pcs_tb_top.AST_ESD_EXACTLY2: started at 13868000ps failed at 13900000ps
	Offending '(!((((pcs_tb_top.dut_if.Dout[3] inside {3'b010, 3'b110}) && (pcs_tb_top.dut_if.Dout[2] inside {3'b010, 3'b110})) && (pcs_tb_top.dut_if.Dout[1] inside {3'b010, 3'b110})) && (pcs_tb_top.dut_if.Dout[0] inside {3'b010, 3'b110})))'
Error: "uvm_tb.sv", 2372: pcs_tb_top.AST_ESD_EXACTLY2: at time 13900000 ps
[ASSERT/ORDER] All-±2 output persists after ESD2 (stuck in ESD?) @ 13900000
UVM_ERROR uvm_tb.sv(1312) @ 13908000: uvm_test_top.env.sb [SB/SYM] MISMATCH exp=c00 act=000 ph=PH_SDD cycle=1732
"uvm_tb.sv", 2275: pcs_tb_top.AST_SDD1_NONZERO: started at 13908000ps failed at 13908000ps
	Offending '((((pcs_tb_top.dut_if.Dout[3] inside {3'b010, 3'b110}) && (pcs_tb_top.dut_if.Dout[2] inside {3'b010, 3'b110})) && (pcs_tb_top.dut_if.Dout[1] inside {3'b010, 3'b110})) && (pcs_tb_top.dut_if.Dout[0] inside {3'b010, 3'b110}))'
Error: "uvm_tb.sv", 2275: pcs_tb_top.AST_SDD1_NONZERO: at time 13908000 ps
[ASSERT/SDD] SDD1: lane(s) not ±2 at TX_EN rise: got 000 @ 13908000
"uvm_tb.sv", 2355: pcs_tb_top.AST_SDD_EXACTLY2: started at 13908000ps failed at 13924000ps
	Offending '(!((((pcs_tb_top.dut_if.Dout[3] inside {3'b010, 3'b110}) && (pcs_tb_top.dut_if.Dout[2] inside {3'b010, 3'b110})) && (pcs_tb_top.dut_if.Dout[1] inside {3'b010, 3'b110})) && (pcs_tb_top.dut_if.Dout[0] inside {3'b010, 3'b110})))'
Error: "uvm_tb.sv", 2355: pcs_tb_top.AST_SDD_EXACTLY2: at time 13924000 ps
[ASSERT/ORDER] All-±2 output persists after SDD2 (stuck in SDD?) @ 13924000
UVM_ERROR uvm_tb.sv(1312) @ 13932000: uvm_test_top.env.sb [SB/SYM] MISMATCH exp=c12 act=d92 ph=PH_DATA cycle=1735
UVM_ERROR uvm_tb.sv(1312) @ 13940000: uvm_test_top.env.sb [SB/SYM] MISMATCH exp=d92 act=c06 ph=PH_DATA cycle=1736
UVM_ERROR uvm_tb.sv(1312) @ 13948000: uvm_test_top.env.sb [SB/SYM] MISMATCH exp=c02 act=c87 ph=PH_DATA cycle=1737
UVM_ERROR uvm_tb.sv(1312) @ 13956000: uvm_test_top.env.sb [SB/SYM] MISMATCH exp=409 act=5b8 ph=PH_DATA cycle=1738
UVM_ERROR uvm_tb.sv(1312) @ 13964000: uvm_test_top.env.sb [SB/SYM] MISMATCH exp=1d6 act=23e ph=PH_DATA cycle=1739
UVM_ERROR uvm_tb.sv(1312) @ 13972000: uvm_test_top.env.sb [SB/SYM] MISMATCH exp=e3f act=e09 ph=PH_DATA cycle=1740
UVM_ERROR uvm_tb.sv(1312) @ 13980000: uvm_test_top.env.sb [SB/SYM] MISMATCH exp=07a act=1c9 ph=PH_CSR cycle=1741
UVM_ERROR uvm_tb.sv(1312) @ 13988000: uvm_test_top.env.sb [SB/SYM] MISMATCH exp=c96 act=28a ph=PH_CSR cycle=1742
UVM_ERROR uvm_tb.sv(1312) @ 13996000: uvm_test_top.env.sb [SB/SYM] MISMATCH exp=c96 act=c97 ph=PH_ESD cycle=1743
"uvm_tb.sv", 2305: pcs_tb_top.AST_ESD1_NONZERO: started at 13980000ps failed at 13996000ps
	Offending '((((pcs_tb_top.dut_if.Dout[3] inside {3'b010, 3'b110}) && (pcs_tb_top.dut_if.Dout[2] inside {3'b010, 3'b110})) && (pcs_tb_top.dut_if.Dout[1] inside {3'b010, 3'b110})) && (pcs_tb_top.dut_if.Dout[0] inside {3'b010, 3'b110}))'
Error: "uvm_tb.sv", 2305: pcs_tb_top.AST_ESD1_NONZERO: at time 13996000 ps
[ASSERT/ESD] ESD1: lane(s) not ±2 two cycles after TX_EN fall: got c97 @ 13996000
UVM_ERROR uvm_tb.sv(1312) @ 14004000: uvm_test_top.env.sb [SB/SYM] MISMATCH exp=db6 act=5b6 ph=PH_ESD cycle=1744
"uvm_tb.sv", 2372: pcs_tb_top.AST_ESD_EXACTLY2: started at 13980000ps failed at 14012000ps
	Offending '(!((((pcs_tb_top.dut_if.Dout[3] inside {3'b010, 3'b110}) && (pcs_tb_top.dut_if.Dout[2] inside {3'b010, 3'b110})) && (pcs_tb_top.dut_if.Dout[1] inside {3'b010, 3'b110})) && (pcs_tb_top.dut_if.Dout[0] inside {3'b010, 3'b110})))'
Error: "uvm_tb.sv", 2372: pcs_tb_top.AST_ESD_EXACTLY2: at time 14012000 ps
[ASSERT/ORDER] All-±2 output persists after ESD2 (stuck in ESD?) @ 14012000
UVM_ERROR uvm_tb.sv(1312) @ 14020000: uvm_test_top.env.sb [SB/SYM] MISMATCH exp=0b2 act=080 ph=PH_IDLE cycle=1746
UVM_ERROR uvm_tb.sv(1312) @ 14028000: uvm_test_top.env.sb [SB/SYM] MISMATCH exp=000 act=036 ph=PH_SDD cycle=1747
"uvm_tb.sv", 2275: pcs_tb_top.AST_SDD1_NONZERO: started at 14028000ps failed at 14028000ps
	Offending '((((pcs_tb_top.dut_if.Dout[3] inside {3'b010, 3'b110}) && (pcs_tb_top.dut_if.Dout[2] inside {3'b010, 3'b110})) && (pcs_tb_top.dut_if.Dout[1] inside {3'b010, 3'b110})) && (pcs_tb_top.dut_if.Dout[0] inside {3'b010, 3'b110}))'
Error: "uvm_tb.sv", 2275: pcs_tb_top.AST_SDD1_NONZERO: at time 14028000 ps
[ASSERT/SDD] SDD1: lane(s) not ±2 at TX_EN rise: got 036 @ 14028000
"uvm_tb.sv", 2355: pcs_tb_top.AST_SDD_EXACTLY2: started at 14028000ps failed at 14044000ps
	Offending '(!((((pcs_tb_top.dut_if.Dout[3] inside {3'b010, 3'b110}) && (pcs_tb_top.dut_if.Dout[2] inside {3'b010, 3'b110})) && (pcs_tb_top.dut_if.Dout[1] inside {3'b010, 3'b110})) && (pcs_tb_top.dut_if.Dout[0] inside {3'b010, 3'b110})))'
Error: "uvm_tb.sv", 2355: pcs_tb_top.AST_SDD_EXACTLY2: at time 14044000 ps
[ASSERT/ORDER] All-±2 output persists after SDD2 (stuck in SDD?) @ 14044000
UVM_ERROR uvm_tb.sv(1312) @ 14052000: uvm_test_top.env.sb [SB/SYM] MISMATCH exp=002 act=182 ph=PH_DATA cycle=1750
UVM_ERROR uvm_tb.sv(1312) @ 14060000: uvm_test_top.env.sb [SB/SYM] MISMATCH exp=1bf act=009 ph=PH_DATA cycle=1751
UVM_ERROR uvm_tb.sv(1312) @ 14068000: uvm_test_top.env.sb [SB/SYM] MISMATCH exp=056 act=e8e ph=PH_DATA cycle=1752
UVM_ERROR uvm_tb.sv(1312) @ 14076000: uvm_test_top.env.sb [SB/SYM] MISMATCH exp=296 act=e87 ph=PH_DATA cycle=1753
UVM_ERROR uvm_tb.sv(1312) @ 14084000: uvm_test_top.env.sb [SB/SYM] MISMATCH exp=588 act=db8 ph=PH_DATA cycle=1754
UVM_ERROR uvm_tb.sv(1312) @ 14092000: uvm_test_top.env.sb [SB/SYM] MISMATCH exp=c08 act=3d6 ph=PH_DATA cycle=1755
UVM_ERROR uvm_tb.sv(1312) @ 14100000: uvm_test_top.env.sb [SB/SYM] MISMATCH exp=04a act=1ff ph=PH_CSR cycle=1756
UVM_ERROR uvm_tb.sv(1312) @ 14108000: uvm_test_top.env.sb [SB/SYM] MISMATCH exp=cb1 act=df2 ph=PH_CSR cycle=1757
UVM_ERROR uvm_tb.sv(1312) @ 14116000: uvm_test_top.env.sb [SB/SYM] MISMATCH exp=d89 act=4b7 ph=PH_ESD cycle=1758
"uvm_tb.sv", 2305: pcs_tb_top.AST_ESD1_NONZERO: started at 14100000ps failed at 14116000ps
	Offending '((((pcs_tb_top.dut_if.Dout[3] inside {3'b010, 3'b110}) && (pcs_tb_top.dut_if.Dout[2] inside {3'b010, 3'b110})) && (pcs_tb_top.dut_if.Dout[1] inside {3'b010, 3'b110})) && (pcs_tb_top.dut_if.Dout[0] inside {3'b010, 3'b110}))'
Error: "uvm_tb.sv", 2305: pcs_tb_top.AST_ESD1_NONZERO: at time 14116000 ps
[ASSERT/ESD] ESD1: lane(s) not ±2 two cycles after TX_EN fall: got 4b7 @ 14116000
UVM_ERROR uvm_tb.sv(1312) @ 14124000: uvm_test_top.env.sb [SB/SYM] MISMATCH exp=db6 act=c96 ph=PH_ESD cycle=1759
"uvm_tb.sv", 2372: pcs_tb_top.AST_ESD_EXACTLY2: started at 14100000ps failed at 14132000ps
	Offending '(!((((pcs_tb_top.dut_if.Dout[3] inside {3'b010, 3'b110}) && (pcs_tb_top.dut_if.Dout[2] inside {3'b010, 3'b110})) && (pcs_tb_top.dut_if.Dout[1] inside {3'b010, 3'b110})) && (pcs_tb_top.dut_if.Dout[0] inside {3'b010, 3'b110})))'
Error: "uvm_tb.sv", 2372: pcs_tb_top.AST_ESD_EXACTLY2: at time 14132000 ps
[ASSERT/ORDER] All-±2 output persists after ESD2 (stuck in ESD?) @ 14132000
UVM_ERROR uvm_tb.sv(1312) @ 14140000: uvm_test_top.env.sb [SB/SYM] MISMATCH exp=1b0 act=186 ph=PH_IDLE cycle=1761
UVM_ERROR uvm_tb.sv(1312) @ 14148000: uvm_test_top.env.sb [SB/SYM] MISMATCH exp=080 act=010 ph=PH_IDLE cycle=1762
UVM_ERROR uvm_tb.sv(1312) @ 14156000: uvm_test_top.env.sb [SB/SYM] MISMATCH exp=036 act=030 ph=PH_IDLE cycle=1763
UVM_ERROR uvm_tb.sv(1312) @ 14164000: uvm_test_top.env.sb [SB/SYM] MISMATCH exp=030 act=182 ph=PH_SDD cycle=1764
"uvm_tb.sv", 2275: pcs_tb_top.AST_SDD1_NONZERO: started at 14164000ps failed at 14164000ps
	Offending '((((pcs_tb_top.dut_if.Dout[3] inside {3'b010, 3'b110}) && (pcs_tb_top.dut_if.Dout[2] inside {3'b010, 3'b110})) && (pcs_tb_top.dut_if.Dout[1] inside {3'b010, 3'b110})) && (pcs_tb_top.dut_if.Dout[0] inside {3'b010, 3'b110}))'
Error: "uvm_tb.sv", 2275: pcs_tb_top.AST_SDD1_NONZERO: at time 14164000 ps
[ASSERT/SDD] SDD1: lane(s) not ±2 at TX_EN rise: got 182 @ 14164000
"uvm_tb.sv", 2355: pcs_tb_top.AST_SDD_EXACTLY2: started at 14164000ps failed at 14180000ps
	Offending '(!((((pcs_tb_top.dut_if.Dout[3] inside {3'b010, 3'b110}) && (pcs_tb_top.dut_if.Dout[2] inside {3'b010, 3'b110})) && (pcs_tb_top.dut_if.Dout[1] inside {3'b010, 3'b110})) && (pcs_tb_top.dut_if.Dout[0] inside {3'b010, 3'b110})))'
Error: "uvm_tb.sv", 2355: pcs_tb_top.AST_SDD_EXACTLY2: at time 14180000 ps
[ASSERT/ORDER] All-±2 output persists after SDD2 (stuck in SDD?) @ 14180000
UVM_ERROR uvm_tb.sv(1312) @ 14188000: uvm_test_top.env.sb [SB/SYM] MISMATCH exp=0b6 act=086 ph=PH_DATA cycle=1767
UVM_ERROR uvm_tb.sv(1312) @ 14196000: uvm_test_top.env.sb [SB/SYM] MISMATCH exp=c4e act=c78 ph=PH_DATA cycle=1768
UVM_ERROR uvm_tb.sv(1312) @ 14204000: uvm_test_top.env.sb [SB/SYM] MISMATCH exp=057 act=1d7 ph=PH_CSR cycle=1769
UVM_ERROR uvm_tb.sv(1312) @ 14212000: uvm_test_top.env.sb [SB/SYM] MISMATCH exp=3b1 act=4b6 ph=PH_CSR cycle=1770
UVM_ERROR uvm_tb.sv(1312) @ 14228000: uvm_test_top.env.sb [SB/SYM] MISMATCH exp=db6 act=db2 ph=PH_ESD cycle=1772
"uvm_tb.sv", 2372: pcs_tb_top.AST_ESD_EXACTLY2: started at 14204000ps failed at 14236000ps
	Offending '(!((((pcs_tb_top.dut_if.Dout[3] inside {3'b010, 3'b110}) && (pcs_tb_top.dut_if.Dout[2] inside {3'b010, 3'b110})) && (pcs_tb_top.dut_if.Dout[1] inside {3'b010, 3'b110})) && (pcs_tb_top.dut_if.Dout[0] inside {3'b010, 3'b110})))'
Error: "uvm_tb.sv", 2372: pcs_tb_top.AST_ESD_EXACTLY2: at time 14236000 ps
[ASSERT/ORDER] All-±2 output persists after ESD2 (stuck in ESD?) @ 14236000
UVM_ERROR uvm_tb.sv(1312) @ 14244000: uvm_test_top.env.sb [SB/SYM] MISMATCH exp=410 act=000 ph=PH_SDD cycle=1774
"uvm_tb.sv", 2275: pcs_tb_top.AST_SDD1_NONZERO: started at 14244000ps failed at 14244000ps
	Offending '((((pcs_tb_top.dut_if.Dout[3] inside {3'b010, 3'b110}) && (pcs_tb_top.dut_if.Dout[2] inside {3'b010, 3'b110})) && (pcs_tb_top.dut_if.Dout[1] inside {3'b010, 3'b110})) && (pcs_tb_top.dut_if.Dout[0] inside {3'b010, 3'b110}))'
Error: "uvm_tb.sv", 2275: pcs_tb_top.AST_SDD1_NONZERO: at time 14244000 ps
[ASSERT/SDD] SDD1: lane(s) not ±2 at TX_EN rise: got 000 @ 14244000
"uvm_tb.sv", 2355: pcs_tb_top.AST_SDD_EXACTLY2: started at 14244000ps failed at 14260000ps
	Offending '(!((((pcs_tb_top.dut_if.Dout[3] inside {3'b010, 3'b110}) && (pcs_tb_top.dut_if.Dout[2] inside {3'b010, 3'b110})) && (pcs_tb_top.dut_if.Dout[1] inside {3'b010, 3'b110})) && (pcs_tb_top.dut_if.Dout[0] inside {3'b010, 3'b110})))'
Error: "uvm_tb.sv", 2355: pcs_tb_top.AST_SDD_EXACTLY2: at time 14260000 ps
[ASSERT/ORDER] All-±2 output persists after SDD2 (stuck in SDD?) @ 14260000
UVM_ERROR uvm_tb.sv(1312) @ 14268000: uvm_test_top.env.sb [SB/SYM] MISMATCH exp=c00 act=c96 ph=PH_DATA cycle=1777
UVM_ERROR uvm_tb.sv(1312) @ 14276000: uvm_test_top.env.sb [SB/SYM] MISMATCH exp=592 act=016 ph=PH_DATA cycle=1778
UVM_ERROR uvm_tb.sv(1312) @ 14284000: uvm_test_top.env.sb [SB/SYM] MISMATCH exp=e31 act=c79 ph=PH_CSR cycle=1779
UVM_ERROR uvm_tb.sv(1312) @ 14292000: uvm_test_top.env.sb [SB/SYM] MISMATCH exp=3b1 act=3ba ph=PH_CSR cycle=1780
UVM_ERROR uvm_tb.sv(1312) @ 14300000: uvm_test_top.env.sb [SB/SYM] MISMATCH exp=c96 act=4b1 ph=PH_ESD cycle=1781
"uvm_tb.sv", 2305: pcs_tb_top.AST_ESD1_NONZERO: started at 14284000ps failed at 14300000ps
	Offending '((((pcs_tb_top.dut_if.Dout[3] inside {3'b010, 3'b110}) && (pcs_tb_top.dut_if.Dout[2] inside {3'b010, 3'b110})) && (pcs_tb_top.dut_if.Dout[1] inside {3'b010, 3'b110})) && (pcs_tb_top.dut_if.Dout[0] inside {3'b010, 3'b110}))'
Error: "uvm_tb.sv", 2305: pcs_tb_top.AST_ESD1_NONZERO: at time 14300000 ps
[ASSERT/ESD] ESD1: lane(s) not ±2 two cycles after TX_EN fall: got 4b1 @ 14300000
UVM_ERROR uvm_tb.sv(1312) @ 14308000: uvm_test_top.env.sb [SB/SYM] MISMATCH exp=db6 act=cb2 ph=PH_ESD cycle=1782
"uvm_tb.sv", 2372: pcs_tb_top.AST_ESD_EXACTLY2: started at 14284000ps failed at 14316000ps
	Offending '(!((((pcs_tb_top.dut_if.Dout[3] inside {3'b010, 3'b110}) && (pcs_tb_top.dut_if.Dout[2] inside {3'b010, 3'b110})) && (pcs_tb_top.dut_if.Dout[1] inside {3'b010, 3'b110})) && (pcs_tb_top.dut_if.Dout[0] inside {3'b010, 3'b110})))'
Error: "uvm_tb.sv", 2372: pcs_tb_top.AST_ESD_EXACTLY2: at time 14316000 ps
[ASSERT/ORDER] All-±2 output persists after ESD2 (stuck in ESD?) @ 14316000
UVM_ERROR uvm_tb.sv(1312) @ 14324000: uvm_test_top.env.sb [SB/SYM] MISMATCH exp=c90 act=086 ph=PH_IDLE cycle=1784
UVM_ERROR uvm_tb.sv(1312) @ 14332000: uvm_test_top.env.sb [SB/SYM] MISMATCH exp=006 act=016 ph=PH_IDLE cycle=1785
UVM_ERROR uvm_tb.sv(1312) @ 14340000: uvm_test_top.env.sb [SB/SYM] MISMATCH exp=086 act=080 ph=PH_IDLE cycle=1786
UVM_ERROR uvm_tb.sv(1312) @ 14348000: uvm_test_top.env.sb [SB/SYM] MISMATCH exp=c10 act=016 ph=PH_IDLE cycle=1787
UVM_ERROR uvm_tb.sv(1312) @ 14356000: uvm_test_top.env.sb [SB/SYM] MISMATCH exp=db0 act=180 ph=PH_SDD cycle=1788
"uvm_tb.sv", 2275: pcs_tb_top.AST_SDD1_NONZERO: started at 14356000ps failed at 14356000ps
	Offending '((((pcs_tb_top.dut_if.Dout[3] inside {3'b010, 3'b110}) && (pcs_tb_top.dut_if.Dout[2] inside {3'b010, 3'b110})) && (pcs_tb_top.dut_if.Dout[1] inside {3'b010, 3'b110})) && (pcs_tb_top.dut_if.Dout[0] inside {3'b010, 3'b110}))'
Error: "uvm_tb.sv", 2275: pcs_tb_top.AST_SDD1_NONZERO: at time 14356000 ps
[ASSERT/SDD] SDD1: lane(s) not ±2 at TX_EN rise: got 180 @ 14356000
"uvm_tb.sv", 2355: pcs_tb_top.AST_SDD_EXACTLY2: started at 14356000ps failed at 14372000ps
	Offending '(!((((pcs_tb_top.dut_if.Dout[3] inside {3'b010, 3'b110}) && (pcs_tb_top.dut_if.Dout[2] inside {3'b010, 3'b110})) && (pcs_tb_top.dut_if.Dout[1] inside {3'b010, 3'b110})) && (pcs_tb_top.dut_if.Dout[0] inside {3'b010, 3'b110})))'
Error: "uvm_tb.sv", 2355: pcs_tb_top.AST_SDD_EXACTLY2: at time 14372000 ps
[ASSERT/ORDER] All-±2 output persists after SDD2 (stuck in SDD?) @ 14372000
UVM_ERROR uvm_tb.sv(1312) @ 14380000: uvm_test_top.env.sb [SB/SYM] MISMATCH exp=080 act=096 ph=PH_DATA cycle=1791
UVM_ERROR uvm_tb.sv(1312) @ 14388000: uvm_test_top.env.sb [SB/SYM] MISMATCH exp=201 act=381 ph=PH_DATA cycle=1792
UVM_ERROR uvm_tb.sv(1312) @ 14396000: uvm_test_top.env.sb [SB/SYM] MISMATCH exp=387 act=392 ph=PH_DATA cycle=1793
UVM_ERROR uvm_tb.sv(1312) @ 14404000: uvm_test_top.env.sb [SB/SYM] MISMATCH exp=046 act=23a ph=PH_DATA cycle=1794
UVM_ERROR uvm_tb.sv(1312) @ 14412000: uvm_test_top.env.sb [SB/SYM] MISMATCH exp=010 act=037 ph=PH_DATA cycle=1795
UVM_ERROR uvm_tb.sv(1312) @ 14420000: uvm_test_top.env.sb [SB/SYM] MISMATCH exp=dc9 act=5fe ph=PH_CSR cycle=1796
UVM_ERROR uvm_tb.sv(1312) @ 14428000: uvm_test_top.env.sb [SB/SYM] MISMATCH exp=c56 act=d97 ph=PH_CSR cycle=1797
UVM_ERROR uvm_tb.sv(1312) @ 14436000: uvm_test_top.env.sb [SB/SYM] MISMATCH exp=d89 act=4b6 ph=PH_ESD cycle=1798
UVM_ERROR uvm_tb.sv(1312) @ 14444000: uvm_test_top.env.sb [SB/SYM] MISMATCH exp=db6 act=c96 ph=PH_ESD cycle=1799
"uvm_tb.sv", 2372: pcs_tb_top.AST_ESD_EXACTLY2: started at 14420000ps failed at 14452000ps
	Offending '(!((((pcs_tb_top.dut_if.Dout[3] inside {3'b010, 3'b110}) && (pcs_tb_top.dut_if.Dout[2] inside {3'b010, 3'b110})) && (pcs_tb_top.dut_if.Dout[1] inside {3'b010, 3'b110})) && (pcs_tb_top.dut_if.Dout[0] inside {3'b010, 3'b110})))'
Error: "uvm_tb.sv", 2372: pcs_tb_top.AST_ESD_EXACTLY2: at time 14452000 ps
[ASSERT/ORDER] All-±2 output persists after ESD2 (stuck in ESD?) @ 14452000
"uvm_tb.sv", 2355: pcs_tb_top.AST_SDD_EXACTLY2: started at 14444000ps failed at 14460000ps
	Offending '(!((((pcs_tb_top.dut_if.Dout[3] inside {3'b010, 3'b110}) && (pcs_tb_top.dut_if.Dout[2] inside {3'b010, 3'b110})) && (pcs_tb_top.dut_if.Dout[1] inside {3'b010, 3'b110})) && (pcs_tb_top.dut_if.Dout[0] inside {3'b010, 3'b110})))'
Error: "uvm_tb.sv", 2355: pcs_tb_top.AST_SDD_EXACTLY2: at time 14460000 ps
[ASSERT/ORDER] All-±2 output persists after SDD2 (stuck in SDD?) @ 14460000
UVM_ERROR uvm_tb.sv(1312) @ 14476000: uvm_test_top.env.sb [SB/SYM] MISMATCH exp=e81 act=287 ph=PH_IDLE cycle=1803
UVM_ERROR uvm_tb.sv(1312) @ 14484000: uvm_test_top.env.sb [SB/SYM] MISMATCH exp=fb7 act=452 ph=PH_IDLE cycle=1804
UVM_ERROR uvm_tb.sv(1312) @ 14492000: uvm_test_top.env.sb [SB/SYM] MISMATCH exp=c96 act=5b7 ph=PH_IDLE cycle=1805
"uvm_tb.sv", 2305: pcs_tb_top.AST_ESD1_NONZERO: started at 14476000ps failed at 14492000ps
	Offending '((((pcs_tb_top.dut_if.Dout[3] inside {3'b010, 3'b110}) && (pcs_tb_top.dut_if.Dout[2] inside {3'b010, 3'b110})) && (pcs_tb_top.dut_if.Dout[1] inside {3'b010, 3'b110})) && (pcs_tb_top.dut_if.Dout[0] inside {3'b010, 3'b110}))'
Error: "uvm_tb.sv", 2305: pcs_tb_top.AST_ESD1_NONZERO: at time 14492000 ps
[ASSERT/ESD] ESD1: lane(s) not ±2 two cycles after TX_EN fall: got 5b7 @ 14492000
UVM_ERROR uvm_tb.sv(1312) @ 14500000: uvm_test_top.env.sb [SB/SYM] MISMATCH exp=db6 act=5b6 ph=PH_IDLE cycle=1806
"uvm_tb.sv", 2372: pcs_tb_top.AST_ESD_EXACTLY2: started at 14476000ps failed at 14508000ps
	Offending '(!((((pcs_tb_top.dut_if.Dout[3] inside {3'b010, 3'b110}) && (pcs_tb_top.dut_if.Dout[2] inside {3'b010, 3'b110})) && (pcs_tb_top.dut_if.Dout[1] inside {3'b010, 3'b110})) && (pcs_tb_top.dut_if.Dout[0] inside {3'b010, 3'b110})))'
Error: "uvm_tb.sv", 2372: pcs_tb_top.AST_ESD_EXACTLY2: at time 14508000 ps
[ASSERT/ORDER] All-±2 output persists after ESD2 (stuck in ESD?) @ 14508000
"uvm_tb.sv", 2355: pcs_tb_top.AST_SDD_EXACTLY2: started at 14508000ps failed at 14524000ps
	Offending '(!((((pcs_tb_top.dut_if.Dout[3] inside {3'b010, 3'b110}) && (pcs_tb_top.dut_if.Dout[2] inside {3'b010, 3'b110})) && (pcs_tb_top.dut_if.Dout[1] inside {3'b010, 3'b110})) && (pcs_tb_top.dut_if.Dout[0] inside {3'b010, 3'b110})))'
Error: "uvm_tb.sv", 2355: pcs_tb_top.AST_SDD_EXACTLY2: at time 14524000 ps
[ASSERT/ORDER] All-±2 output persists after SDD2 (stuck in SDD?) @ 14524000
UVM_ERROR uvm_tb.sv(1312) @ 14532000: uvm_test_top.env.sb [SB/SYM] MISMATCH exp=006 act=010 ph=PH_DATA cycle=1810
UVM_ERROR uvm_tb.sv(1312) @ 14548000: uvm_test_top.env.sb [SB/SYM] MISMATCH exp=590 act=c37 ph=PH_DATA cycle=1812
UVM_ERROR uvm_tb.sv(1312) @ 14556000: uvm_test_top.env.sb [SB/SYM] MISMATCH exp=fcf act=e4f ph=PH_CSR cycle=1813
UVM_ERROR uvm_tb.sv(1312) @ 14564000: uvm_test_top.env.sb [SB/SYM] MISMATCH exp=c96 act=591 ph=PH_CSR cycle=1814
UVM_ERROR uvm_tb.sv(1312) @ 14572000: uvm_test_top.env.sb [SB/SYM] MISMATCH exp=c96 act=492 ph=PH_ESD cycle=1815
UVM_ERROR uvm_tb.sv(1312) @ 14580000: uvm_test_top.env.sb [SB/SYM] MISMATCH exp=db6 act=5b6 ph=PH_ESD cycle=1816
"uvm_tb.sv", 2372: pcs_tb_top.AST_ESD_EXACTLY2: started at 14556000ps failed at 14588000ps
	Offending '(!((((pcs_tb_top.dut_if.Dout[3] inside {3'b010, 3'b110}) && (pcs_tb_top.dut_if.Dout[2] inside {3'b010, 3'b110})) && (pcs_tb_top.dut_if.Dout[1] inside {3'b010, 3'b110})) && (pcs_tb_top.dut_if.Dout[0] inside {3'b010, 3'b110})))'
Error: "uvm_tb.sv", 2372: pcs_tb_top.AST_ESD_EXACTLY2: at time 14588000 ps
[ASSERT/ORDER] All-±2 output persists after ESD2 (stuck in ESD?) @ 14588000
"uvm_tb.sv", 2355: pcs_tb_top.AST_SDD_EXACTLY2: started at 14588000ps failed at 14604000ps
	Offending '(!((((pcs_tb_top.dut_if.Dout[3] inside {3'b010, 3'b110}) && (pcs_tb_top.dut_if.Dout[2] inside {3'b010, 3'b110})) && (pcs_tb_top.dut_if.Dout[1] inside {3'b010, 3'b110})) && (pcs_tb_top.dut_if.Dout[0] inside {3'b010, 3'b110})))'
Error: "uvm_tb.sv", 2355: pcs_tb_top.AST_SDD_EXACTLY2: at time 14604000 ps
[ASSERT/ORDER] All-±2 output persists after SDD2 (stuck in SDD?) @ 14604000
UVM_ERROR uvm_tb.sv(1312) @ 14612000: uvm_test_top.env.sb [SB/SYM] MISMATCH exp=086 act=010 ph=PH_DATA cycle=1820
UVM_ERROR uvm_tb.sv(1312) @ 14628000: uvm_test_top.env.sb [SB/SYM] MISMATCH exp=f82 act=e06 ph=PH_DATA cycle=1822
UVM_ERROR uvm_tb.sv(1312) @ 14636000: uvm_test_top.env.sb [SB/SYM] MISMATCH exp=246 act=c89 ph=PH_DATA cycle=1823
UVM_ERROR uvm_tb.sv(1312) @ 14644000: uvm_test_top.env.sb [SB/SYM] MISMATCH exp=416 act=ffe ph=PH_DATA cycle=1824
UVM_ERROR uvm_tb.sv(1312) @ 14652000: uvm_test_top.env.sb [SB/SYM] MISMATCH exp=046 act=072 ph=PH_CSR cycle=1825
UVM_ERROR uvm_tb.sv(1312) @ 14660000: uvm_test_top.env.sb [SB/SYM] MISMATCH exp=c56 act=4b7 ph=PH_CSR cycle=1826
UVM_ERROR uvm_tb.sv(1312) @ 14668000: uvm_test_top.env.sb [SB/SYM] MISMATCH exp=d89 act=5b6 ph=PH_ESD cycle=1827
UVM_ERROR uvm_tb.sv(1312) @ 14676000: uvm_test_top.env.sb [SB/SYM] MISMATCH exp=db6 act=4b6 ph=PH_ESD cycle=1828
"uvm_tb.sv", 2372: pcs_tb_top.AST_ESD_EXACTLY2: started at 14652000ps failed at 14684000ps
	Offending '(!((((pcs_tb_top.dut_if.Dout[3] inside {3'b010, 3'b110}) && (pcs_tb_top.dut_if.Dout[2] inside {3'b010, 3'b110})) && (pcs_tb_top.dut_if.Dout[1] inside {3'b010, 3'b110})) && (pcs_tb_top.dut_if.Dout[0] inside {3'b010, 3'b110})))'
Error: "uvm_tb.sv", 2372: pcs_tb_top.AST_ESD_EXACTLY2: at time 14684000 ps
[ASSERT/ORDER] All-±2 output persists after ESD2 (stuck in ESD?) @ 14684000
UVM_ERROR uvm_tb.sv(1312) @ 14692000: uvm_test_top.env.sb [SB/SYM] MISMATCH exp=c90 act=002 ph=PH_IDLE cycle=1830
UVM_ERROR uvm_tb.sv(1312) @ 14700000: uvm_test_top.env.sb [SB/SYM] MISMATCH exp=402 act=182 ph=PH_SDD cycle=1831
"uvm_tb.sv", 2275: pcs_tb_top.AST_SDD1_NONZERO: started at 14700000ps failed at 14700000ps
	Offending '((((pcs_tb_top.dut_if.Dout[3] inside {3'b010, 3'b110}) && (pcs_tb_top.dut_if.Dout[2] inside {3'b010, 3'b110})) && (pcs_tb_top.dut_if.Dout[1] inside {3'b010, 3'b110})) && (pcs_tb_top.dut_if.Dout[0] inside {3'b010, 3'b110}))'
Error: "uvm_tb.sv", 2275: pcs_tb_top.AST_SDD1_NONZERO: at time 14700000 ps
[ASSERT/SDD] SDD1: lane(s) not ±2 at TX_EN rise: got 182 @ 14700000
"uvm_tb.sv", 2355: pcs_tb_top.AST_SDD_EXACTLY2: started at 14700000ps failed at 14716000ps
	Offending '(!((((pcs_tb_top.dut_if.Dout[3] inside {3'b010, 3'b110}) && (pcs_tb_top.dut_if.Dout[2] inside {3'b010, 3'b110})) && (pcs_tb_top.dut_if.Dout[1] inside {3'b010, 3'b110})) && (pcs_tb_top.dut_if.Dout[0] inside {3'b010, 3'b110})))'
Error: "uvm_tb.sv", 2355: pcs_tb_top.AST_SDD_EXACTLY2: at time 14716000 ps
[ASSERT/ORDER] All-±2 output persists after SDD2 (stuck in SDD?) @ 14716000
UVM_ERROR uvm_tb.sv(1312) @ 14724000: uvm_test_top.env.sb [SB/SYM] MISMATCH exp=010 act=090 ph=PH_DATA cycle=1834
UVM_ERROR uvm_tb.sv(1312) @ 14732000: uvm_test_top.env.sb [SB/SYM] MISMATCH exp=009 act=00f ph=PH_DATA cycle=1835
UVM_ERROR uvm_tb.sv(1312) @ 14740000: uvm_test_top.env.sb [SB/SYM] MISMATCH exp=3fe act=3c8 ph=PH_DATA cycle=1836
UVM_ERROR uvm_tb.sv(1312) @ 14748000: uvm_test_top.env.sb [SB/SYM] MISMATCH exp=fba act=e88 ph=PH_DATA cycle=1837
UVM_ERROR uvm_tb.sv(1312) @ 14756000: uvm_test_top.env.sb [SB/SYM] MISMATCH exp=c91 act=c36 ph=PH_DATA cycle=1838
UVM_ERROR uvm_tb.sv(1312) @ 14764000: uvm_test_top.env.sb [SB/SYM] MISMATCH exp=e46 act=0bf ph=PH_DATA cycle=1839
UVM_ERROR uvm_tb.sv(1312) @ 14772000: uvm_test_top.env.sb [SB/SYM] MISMATCH exp=390 act=386 ph=PH_CSR cycle=1840
UVM_ERROR uvm_tb.sv(1312) @ 14780000: uvm_test_top.env.sb [SB/SYM] MISMATCH exp=c56 act=596 ph=PH_CSR cycle=1841
UVM_ERROR uvm_tb.sv(1312) @ 14788000: uvm_test_top.env.sb [SB/SYM] MISMATCH exp=d89 act=596 ph=PH_ESD cycle=1842
UVM_ERROR uvm_tb.sv(1312) @ 14796000: uvm_test_top.env.sb [SB/SYM] MISMATCH exp=db6 act=5b2 ph=PH_ESD cycle=1843
"uvm_tb.sv", 2372: pcs_tb_top.AST_ESD_EXACTLY2: started at 14772000ps failed at 14804000ps
	Offending '(!((((pcs_tb_top.dut_if.Dout[3] inside {3'b010, 3'b110}) && (pcs_tb_top.dut_if.Dout[2] inside {3'b010, 3'b110})) && (pcs_tb_top.dut_if.Dout[1] inside {3'b010, 3'b110})) && (pcs_tb_top.dut_if.Dout[0] inside {3'b010, 3'b110})))'
Error: "uvm_tb.sv", 2372: pcs_tb_top.AST_ESD_EXACTLY2: at time 14804000 ps
[ASSERT/ORDER] All-±2 output persists after ESD2 (stuck in ESD?) @ 14804000
UVM_ERROR uvm_tb.sv(1312) @ 14812000: uvm_test_top.env.sb [SB/SYM] MISMATCH exp=000 act=010 ph=PH_SDD cycle=1845
"uvm_tb.sv", 2275: pcs_tb_top.AST_SDD1_NONZERO: started at 14812000ps failed at 14812000ps
	Offending '((((pcs_tb_top.dut_if.Dout[3] inside {3'b010, 3'b110}) && (pcs_tb_top.dut_if.Dout[2] inside {3'b010, 3'b110})) && (pcs_tb_top.dut_if.Dout[1] inside {3'b010, 3'b110})) && (pcs_tb_top.dut_if.Dout[0] inside {3'b010, 3'b110}))'
Error: "uvm_tb.sv", 2275: pcs_tb_top.AST_SDD1_NONZERO: at time 14812000 ps
[ASSERT/SDD] SDD1: lane(s) not ±2 at TX_EN rise: got 010 @ 14812000
"uvm_tb.sv", 2355: pcs_tb_top.AST_SDD_EXACTLY2: started at 14812000ps failed at 14828000ps
	Offending '(!((((pcs_tb_top.dut_if.Dout[3] inside {3'b010, 3'b110}) && (pcs_tb_top.dut_if.Dout[2] inside {3'b010, 3'b110})) && (pcs_tb_top.dut_if.Dout[1] inside {3'b010, 3'b110})) && (pcs_tb_top.dut_if.Dout[0] inside {3'b010, 3'b110})))'
Error: "uvm_tb.sv", 2355: pcs_tb_top.AST_SDD_EXACTLY2: at time 14828000 ps
[ASSERT/ORDER] All-±2 output persists after SDD2 (stuck in SDD?) @ 14828000
UVM_ERROR uvm_tb.sv(1312) @ 14836000: uvm_test_top.env.sb [SB/SYM] MISMATCH exp=016 act=190 ph=PH_DATA cycle=1848
UVM_ERROR uvm_tb.sv(1312) @ 14844000: uvm_test_top.env.sb [SB/SYM] MISMATCH exp=c82 act=090 ph=PH_DATA cycle=1849
UVM_ERROR uvm_tb.sv(1312) @ 14852000: uvm_test_top.env.sb [SB/SYM] MISMATCH exp=cb0 act=0b7 ph=PH_CSR cycle=1850
UVM_ERROR uvm_tb.sv(1312) @ 14860000: uvm_test_top.env.sb [SB/SYM] MISMATCH exp=c96 act=c92 ph=PH_CSR cycle=1851
UVM_ERROR uvm_tb.sv(1312) @ 14868000: uvm_test_top.env.sb [SB/SYM] MISMATCH exp=c96 act=5b2 ph=PH_ESD cycle=1852
UVM_ERROR uvm_tb.sv(1312) @ 14876000: uvm_test_top.env.sb [SB/SYM] MISMATCH exp=db6 act=5b6 ph=PH_ESD cycle=1853
"uvm_tb.sv", 2372: pcs_tb_top.AST_ESD_EXACTLY2: started at 14852000ps failed at 14884000ps
	Offending '(!((((pcs_tb_top.dut_if.Dout[3] inside {3'b010, 3'b110}) && (pcs_tb_top.dut_if.Dout[2] inside {3'b010, 3'b110})) && (pcs_tb_top.dut_if.Dout[1] inside {3'b010, 3'b110})) && (pcs_tb_top.dut_if.Dout[0] inside {3'b010, 3'b110})))'
Error: "uvm_tb.sv", 2372: pcs_tb_top.AST_ESD_EXACTLY2: at time 14884000 ps
[ASSERT/ORDER] All-±2 output persists after ESD2 (stuck in ESD?) @ 14884000
"uvm_tb.sv", 2355: pcs_tb_top.AST_SDD_EXACTLY2: started at 14876000ps failed at 14892000ps
	Offending '(!((((pcs_tb_top.dut_if.Dout[3] inside {3'b010, 3'b110}) && (pcs_tb_top.dut_if.Dout[2] inside {3'b010, 3'b110})) && (pcs_tb_top.dut_if.Dout[1] inside {3'b010, 3'b110})) && (pcs_tb_top.dut_if.Dout[0] inside {3'b010, 3'b110})))'
Error: "uvm_tb.sv", 2355: pcs_tb_top.AST_SDD_EXACTLY2: at time 14892000 ps
[ASSERT/ORDER] All-±2 output persists after SDD2 (stuck in SDD?) @ 14892000
UVM_ERROR uvm_tb.sv(1312) @ 14916000: uvm_test_top.env.sb [SB/SYM] MISMATCH exp=07a act=07f ph=PH_IDLE cycle=1858
UVM_ERROR uvm_tb.sv(1312) @ 14924000: uvm_test_top.env.sb [SB/SYM] MISMATCH exp=450 act=5c7 ph=PH_IDLE cycle=1859
UVM_ERROR uvm_tb.sv(1312) @ 14932000: uvm_test_top.env.sb [SB/SYM] MISMATCH exp=fc2 act=257 ph=PH_IDLE cycle=1860
UVM_ERROR uvm_tb.sv(1312) @ 14940000: uvm_test_top.env.sb [SB/SYM] MISMATCH exp=3b1 act=df6 ph=PH_IDLE cycle=1861
UVM_ERROR uvm_tb.sv(1312) @ 14948000: uvm_test_top.env.sb [SB/SYM] MISMATCH exp=c96 act=cb1 ph=PH_IDLE cycle=1862
"uvm_tb.sv", 2305: pcs_tb_top.AST_ESD1_NONZERO: started at 14932000ps failed at 14948000ps
	Offending '((((pcs_tb_top.dut_if.Dout[3] inside {3'b010, 3'b110}) && (pcs_tb_top.dut_if.Dout[2] inside {3'b010, 3'b110})) && (pcs_tb_top.dut_if.Dout[1] inside {3'b010, 3'b110})) && (pcs_tb_top.dut_if.Dout[0] inside {3'b010, 3'b110}))'
Error: "uvm_tb.sv", 2305: pcs_tb_top.AST_ESD1_NONZERO: at time 14948000 ps
[ASSERT/ESD] ESD1: lane(s) not ±2 two cycles after TX_EN fall: got cb1 @ 14948000
UVM_ERROR uvm_tb.sv(1312) @ 14956000: uvm_test_top.env.sb [SB/SYM] MISMATCH exp=db6 act=4b2 ph=PH_IDLE cycle=1863
"uvm_tb.sv", 2372: pcs_tb_top.AST_ESD_EXACTLY2: started at 14932000ps failed at 14964000ps
	Offending '(!((((pcs_tb_top.dut_if.Dout[3] inside {3'b010, 3'b110}) && (pcs_tb_top.dut_if.Dout[2] inside {3'b010, 3'b110})) && (pcs_tb_top.dut_if.Dout[1] inside {3'b010, 3'b110})) && (pcs_tb_top.dut_if.Dout[0] inside {3'b010, 3'b110})))'
Error: "uvm_tb.sv", 2372: pcs_tb_top.AST_ESD_EXACTLY2: at time 14964000 ps
[ASSERT/ORDER] All-±2 output persists after ESD2 (stuck in ESD?) @ 14964000
"uvm_tb.sv", 2355: pcs_tb_top.AST_SDD_EXACTLY2: started at 14964000ps failed at 14980000ps
	Offending '(!((((pcs_tb_top.dut_if.Dout[3] inside {3'b010, 3'b110}) && (pcs_tb_top.dut_if.Dout[2] inside {3'b010, 3'b110})) && (pcs_tb_top.dut_if.Dout[1] inside {3'b010, 3'b110})) && (pcs_tb_top.dut_if.Dout[0] inside {3'b010, 3'b110})))'
Error: "uvm_tb.sv", 2355: pcs_tb_top.AST_SDD_EXACTLY2: at time 14980000 ps
[ASSERT/ORDER] All-±2 output persists after SDD2 (stuck in SDD?) @ 14980000
UVM_ERROR uvm_tb.sv(1312) @ 14988000: uvm_test_top.env.sb [SB/SYM] MISMATCH exp=c30 act=000 ph=PH_DATA cycle=1867
UVM_ERROR uvm_tb.sv(1312) @ 14996000: uvm_test_top.env.sb [SB/SYM] MISMATCH exp=00f act=03f ph=PH_CSR cycle=1868
UVM_ERROR uvm_tb.sv(1312) @ 15004000: uvm_test_top.env.sb [SB/SYM] MISMATCH exp=5b7 act=592 ph=PH_CSR cycle=1869
UVM_ERROR uvm_tb.sv(1312) @ 15012000: uvm_test_top.env.sb [SB/SYM] MISMATCH exp=d89 act=4b6 ph=PH_ESD cycle=1870
UVM_ERROR uvm_tb.sv(1312) @ 15020000: uvm_test_top.env.sb [SB/SYM] MISMATCH exp=db6 act=5b2 ph=PH_ESD cycle=1871
"uvm_tb.sv", 2372: pcs_tb_top.AST_ESD_EXACTLY2: started at 14996000ps failed at 15028000ps
	Offending '(!((((pcs_tb_top.dut_if.Dout[3] inside {3'b010, 3'b110}) && (pcs_tb_top.dut_if.Dout[2] inside {3'b010, 3'b110})) && (pcs_tb_top.dut_if.Dout[1] inside {3'b010, 3'b110})) && (pcs_tb_top.dut_if.Dout[0] inside {3'b010, 3'b110})))'
Error: "uvm_tb.sv", 2372: pcs_tb_top.AST_ESD_EXACTLY2: at time 15028000 ps
[ASSERT/ORDER] All-±2 output persists after ESD2 (stuck in ESD?) @ 15028000
UVM_ERROR uvm_tb.sv(1312) @ 15036000: uvm_test_top.env.sb [SB/SYM] MISMATCH exp=5b0 act=182 ph=PH_IDLE cycle=1873
UVM_ERROR uvm_tb.sv(1312) @ 15044000: uvm_test_top.env.sb [SB/SYM] MISMATCH exp=596 act=010 ph=PH_SDD cycle=1874
"uvm_tb.sv", 2275: pcs_tb_top.AST_SDD1_NONZERO: started at 15044000ps failed at 15044000ps
	Offending '((((pcs_tb_top.dut_if.Dout[3] inside {3'b010, 3'b110}) && (pcs_tb_top.dut_if.Dout[2] inside {3'b010, 3'b110})) && (pcs_tb_top.dut_if.Dout[1] inside {3'b010, 3'b110})) && (pcs_tb_top.dut_if.Dout[0] inside {3'b010, 3'b110}))'
Error: "uvm_tb.sv", 2275: pcs_tb_top.AST_SDD1_NONZERO: at time 15044000 ps
[ASSERT/SDD] SDD1: lane(s) not ±2 at TX_EN rise: got 010 @ 15044000
"uvm_tb.sv", 2355: pcs_tb_top.AST_SDD_EXACTLY2: started at 15044000ps failed at 15060000ps
	Offending '(!((((pcs_tb_top.dut_if.Dout[3] inside {3'b010, 3'b110}) && (pcs_tb_top.dut_if.Dout[2] inside {3'b010, 3'b110})) && (pcs_tb_top.dut_if.Dout[1] inside {3'b010, 3'b110})) && (pcs_tb_top.dut_if.Dout[0] inside {3'b010, 3'b110})))'
Error: "uvm_tb.sv", 2355: pcs_tb_top.AST_SDD_EXACTLY2: at time 15060000 ps
[ASSERT/ORDER] All-±2 output persists after SDD2 (stuck in SDD?) @ 15060000
UVM_ERROR uvm_tb.sv(1312) @ 15068000: uvm_test_top.env.sb [SB/SYM] MISMATCH exp=182 act=002 ph=PH_DATA cycle=1877
UVM_ERROR uvm_tb.sv(1312) @ 15076000: uvm_test_top.env.sb [SB/SYM] MISMATCH exp=d96 act=d86 ph=PH_DATA cycle=1878
UVM_ERROR uvm_tb.sv(1312) @ 15084000: uvm_test_top.env.sb [SB/SYM] MISMATCH exp=f88 act=eba ph=PH_DATA cycle=1879
UVM_ERROR uvm_tb.sv(1312) @ 15092000: uvm_test_top.env.sb [SB/SYM] MISMATCH exp=3c7 act=240 ph=PH_DATA cycle=1880
UVM_ERROR uvm_tb.sv(1312) @ 15100000: uvm_test_top.env.sb [SB/SYM] MISMATCH exp=07a act=079 ph=PH_DATA cycle=1881
UVM_ERROR uvm_tb.sv(1312) @ 15108000: uvm_test_top.env.sb [SB/SYM] MISMATCH exp=ebe act=20e ph=PH_DATA cycle=1882
UVM_ERROR uvm_tb.sv(1312) @ 15116000: uvm_test_top.env.sb [SB/SYM] MISMATCH exp=442 act=1d1 ph=PH_DATA cycle=1883
UVM_ERROR uvm_tb.sv(1312) @ 15124000: uvm_test_top.env.sb [SB/SYM] MISMATCH exp=1fe act=eb0 ph=PH_CSR cycle=1884
UVM_ERROR uvm_tb.sv(1312) @ 15132000: uvm_test_top.env.sb [SB/SYM] MISMATCH exp=cb1 act=c76 ph=PH_CSR cycle=1885
UVM_ERROR uvm_tb.sv(1312) @ 15140000: uvm_test_top.env.sb [SB/SYM] MISMATCH exp=d89 act=591 ph=PH_ESD cycle=1886
"uvm_tb.sv", 2305: pcs_tb_top.AST_ESD1_NONZERO: started at 15124000ps failed at 15140000ps
	Offending '((((pcs_tb_top.dut_if.Dout[3] inside {3'b010, 3'b110}) && (pcs_tb_top.dut_if.Dout[2] inside {3'b010, 3'b110})) && (pcs_tb_top.dut_if.Dout[1] inside {3'b010, 3'b110})) && (pcs_tb_top.dut_if.Dout[0] inside {3'b010, 3'b110}))'
Error: "uvm_tb.sv", 2305: pcs_tb_top.AST_ESD1_NONZERO: at time 15140000 ps
[ASSERT/ESD] ESD1: lane(s) not ±2 two cycles after TX_EN fall: got 591 @ 15140000
UVM_ERROR uvm_tb.sv(1312) @ 15148000: uvm_test_top.env.sb [SB/SYM] MISMATCH exp=db6 act=c92 ph=PH_ESD cycle=1887
"uvm_tb.sv", 2372: pcs_tb_top.AST_ESD_EXACTLY2: started at 15124000ps failed at 15156000ps
	Offending '(!((((pcs_tb_top.dut_if.Dout[3] inside {3'b010, 3'b110}) && (pcs_tb_top.dut_if.Dout[2] inside {3'b010, 3'b110})) && (pcs_tb_top.dut_if.Dout[1] inside {3'b010, 3'b110})) && (pcs_tb_top.dut_if.Dout[0] inside {3'b010, 3'b110})))'
Error: "uvm_tb.sv", 2372: pcs_tb_top.AST_ESD_EXACTLY2: at time 15156000 ps
[ASSERT/ORDER] All-±2 output persists after ESD2 (stuck in ESD?) @ 15156000
UVM_ERROR uvm_tb.sv(1312) @ 15164000: uvm_test_top.env.sb [SB/SYM] MISMATCH exp=0b2 act=082 ph=PH_IDLE cycle=1889
UVM_ERROR uvm_tb.sv(1312) @ 15172000: uvm_test_top.env.sb [SB/SYM] MISMATCH exp=c06 act=030 ph=PH_IDLE cycle=1890
UVM_ERROR uvm_tb.sv(1312) @ 15180000: uvm_test_top.env.sb [SB/SYM] MISMATCH exp=1b0 act=000 ph=PH_SDD cycle=1891
"uvm_tb.sv", 2275: pcs_tb_top.AST_SDD1_NONZERO: started at 15180000ps failed at 15180000ps
	Offending '((((pcs_tb_top.dut_if.Dout[3] inside {3'b010, 3'b110}) && (pcs_tb_top.dut_if.Dout[2] inside {3'b010, 3'b110})) && (pcs_tb_top.dut_if.Dout[1] inside {3'b010, 3'b110})) && (pcs_tb_top.dut_if.Dout[0] inside {3'b010, 3'b110}))'
Error: "uvm_tb.sv", 2275: pcs_tb_top.AST_SDD1_NONZERO: at time 15180000 ps
[ASSERT/SDD] SDD1: lane(s) not ±2 at TX_EN rise: got 000 @ 15180000
"uvm_tb.sv", 2355: pcs_tb_top.AST_SDD_EXACTLY2: started at 15180000ps failed at 15196000ps
	Offending '(!((((pcs_tb_top.dut_if.Dout[3] inside {3'b010, 3'b110}) && (pcs_tb_top.dut_if.Dout[2] inside {3'b010, 3'b110})) && (pcs_tb_top.dut_if.Dout[1] inside {3'b010, 3'b110})) && (pcs_tb_top.dut_if.Dout[0] inside {3'b010, 3'b110})))'
Error: "uvm_tb.sv", 2355: pcs_tb_top.AST_SDD_EXACTLY2: at time 15196000 ps
[ASSERT/ORDER] All-±2 output persists after SDD2 (stuck in SDD?) @ 15196000
UVM_ERROR uvm_tb.sv(1312) @ 15204000: uvm_test_top.env.sb [SB/SYM] MISMATCH exp=0b6 act=0b0 ph=PH_DATA cycle=1894
UVM_ERROR uvm_tb.sv(1312) @ 15212000: uvm_test_top.env.sb [SB/SYM] MISMATCH exp=032 act=180 ph=PH_DATA cycle=1895
UVM_ERROR uvm_tb.sv(1312) @ 15220000: uvm_test_top.env.sb [SB/SYM] MISMATCH exp=28e act=1c2 ph=PH_DATA cycle=1896
UVM_ERROR uvm_tb.sv(1312) @ 15228000: uvm_test_top.env.sb [SB/SYM] MISMATCH exp=038 act=008 ph=PH_CSR cycle=1897
UVM_ERROR uvm_tb.sv(1312) @ 15236000: uvm_test_top.env.sb [SB/SYM] MISMATCH exp=d89 act=476 ph=PH_CSR cycle=1898
UVM_ERROR uvm_tb.sv(1312) @ 15244000: uvm_test_top.env.sb [SB/SYM] MISMATCH exp=c96 act=5b7 ph=PH_ESD cycle=1899
"uvm_tb.sv", 2305: pcs_tb_top.AST_ESD1_NONZERO: started at 15228000ps failed at 15244000ps
	Offending '((((pcs_tb_top.dut_if.Dout[3] inside {3'b010, 3'b110}) && (pcs_tb_top.dut_if.Dout[2] inside {3'b010, 3'b110})) && (pcs_tb_top.dut_if.Dout[1] inside {3'b010, 3'b110})) && (pcs_tb_top.dut_if.Dout[0] inside {3'b010, 3'b110}))'
Error: "uvm_tb.sv", 2305: pcs_tb_top.AST_ESD1_NONZERO: at time 15244000 ps
[ASSERT/ESD] ESD1: lane(s) not ±2 two cycles after TX_EN fall: got 5b7 @ 15244000
UVM_ERROR uvm_tb.sv(1312) @ 15252000: uvm_test_top.env.sb [SB/SYM] MISMATCH exp=db6 act=d96 ph=PH_ESD cycle=1900
"uvm_tb.sv", 2372: pcs_tb_top.AST_ESD_EXACTLY2: started at 15228000ps failed at 15260000ps
	Offending '(!((((pcs_tb_top.dut_if.Dout[3] inside {3'b010, 3'b110}) && (pcs_tb_top.dut_if.Dout[2] inside {3'b010, 3'b110})) && (pcs_tb_top.dut_if.Dout[1] inside {3'b010, 3'b110})) && (pcs_tb_top.dut_if.Dout[0] inside {3'b010, 3'b110})))'
Error: "uvm_tb.sv", 2372: pcs_tb_top.AST_ESD_EXACTLY2: at time 15260000 ps
[ASSERT/ORDER] All-±2 output persists after ESD2 (stuck in ESD?) @ 15260000
"uvm_tb.sv", 2355: pcs_tb_top.AST_SDD_EXACTLY2: started at 15252000ps failed at 15268000ps
	Offending '(!((((pcs_tb_top.dut_if.Dout[3] inside {3'b010, 3'b110}) && (pcs_tb_top.dut_if.Dout[2] inside {3'b010, 3'b110})) && (pcs_tb_top.dut_if.Dout[1] inside {3'b010, 3'b110})) && (pcs_tb_top.dut_if.Dout[0] inside {3'b010, 3'b110})))'
Error: "uvm_tb.sv", 2355: pcs_tb_top.AST_SDD_EXACTLY2: at time 15268000 ps
[ASSERT/ORDER] All-±2 output persists after SDD2 (stuck in SDD?) @ 15268000
UVM_ERROR uvm_tb.sv(1312) @ 15292000: uvm_test_top.env.sb [SB/SYM] MISMATCH exp=24a act=3ff ph=PH_IDLE cycle=1905
UVM_ERROR uvm_tb.sv(1312) @ 15300000: uvm_test_top.env.sb [SB/SYM] MISMATCH exp=0b1 act=031 ph=PH_IDLE cycle=1906
UVM_ERROR uvm_tb.sv(1312) @ 15308000: uvm_test_top.env.sb [SB/SYM] MISMATCH exp=5fe act=386 ph=PH_IDLE cycle=1907
UVM_ERROR uvm_tb.sv(1312) @ 15316000: uvm_test_top.env.sb [SB/SYM] MISMATCH exp=cb1 act=5b7 ph=PH_IDLE cycle=1908
UVM_ERROR uvm_tb.sv(1312) @ 15324000: uvm_test_top.env.sb [SB/SYM] MISMATCH exp=d89 act=db6 ph=PH_IDLE cycle=1909
UVM_ERROR uvm_tb.sv(1312) @ 15332000: uvm_test_top.env.sb [SB/SYM] MISMATCH exp=db6 act=592 ph=PH_IDLE cycle=1910
"uvm_tb.sv", 2372: pcs_tb_top.AST_ESD_EXACTLY2: started at 15308000ps failed at 15340000ps
	Offending '(!((((pcs_tb_top.dut_if.Dout[3] inside {3'b010, 3'b110}) && (pcs_tb_top.dut_if.Dout[2] inside {3'b010, 3'b110})) && (pcs_tb_top.dut_if.Dout[1] inside {3'b010, 3'b110})) && (pcs_tb_top.dut_if.Dout[0] inside {3'b010, 3'b110})))'
Error: "uvm_tb.sv", 2372: pcs_tb_top.AST_ESD_EXACTLY2: at time 15340000 ps
[ASSERT/ORDER] All-±2 output persists after ESD2 (stuck in ESD?) @ 15340000
UVM_ERROR uvm_tb.sv(1312) @ 15348000: uvm_test_top.env.sb [SB/SYM] MISMATCH exp=080 act=000 ph=PH_IDLE cycle=1912
UVM_ERROR uvm_tb.sv(1312) @ 15356000: uvm_test_top.env.sb [SB/SYM] MISMATCH exp=016 act=000 ph=PH_IDLE cycle=1913
UVM_ERROR uvm_tb.sv(1312) @ 15364000: uvm_test_top.env.sb [SB/SYM] MISMATCH exp=082 act=0b2 ph=PH_IDLE cycle=1914
UVM_ERROR uvm_tb.sv(1312) @ 15372000: uvm_test_top.env.sb [SB/SYM] MISMATCH exp=410 act=006 ph=PH_IDLE cycle=1915
UVM_ERROR uvm_tb.sv(1312) @ 15380000: uvm_test_top.env.sb [SB/SYM] MISMATCH exp=010 act=090 ph=PH_SDD cycle=1916
"uvm_tb.sv", 2275: pcs_tb_top.AST_SDD1_NONZERO: started at 15380000ps failed at 15380000ps
	Offending '((((pcs_tb_top.dut_if.Dout[3] inside {3'b010, 3'b110}) && (pcs_tb_top.dut_if.Dout[2] inside {3'b010, 3'b110})) && (pcs_tb_top.dut_if.Dout[1] inside {3'b010, 3'b110})) && (pcs_tb_top.dut_if.Dout[0] inside {3'b010, 3'b110}))'
Error: "uvm_tb.sv", 2275: pcs_tb_top.AST_SDD1_NONZERO: at time 15380000 ps
[ASSERT/SDD] SDD1: lane(s) not ±2 at TX_EN rise: got 090 @ 15380000
"uvm_tb.sv", 2355: pcs_tb_top.AST_SDD_EXACTLY2: started at 15380000ps failed at 15396000ps
	Offending '(!((((pcs_tb_top.dut_if.Dout[3] inside {3'b010, 3'b110}) && (pcs_tb_top.dut_if.Dout[2] inside {3'b010, 3'b110})) && (pcs_tb_top.dut_if.Dout[1] inside {3'b010, 3'b110})) && (pcs_tb_top.dut_if.Dout[0] inside {3'b010, 3'b110})))'
Error: "uvm_tb.sv", 2355: pcs_tb_top.AST_SDD_EXACTLY2: at time 15396000 ps
[ASSERT/ORDER] All-±2 output persists after SDD2 (stuck in SDD?) @ 15396000
UVM_ERROR uvm_tb.sv(1312) @ 15404000: uvm_test_top.env.sb [SB/SYM] MISMATCH exp=002 act=192 ph=PH_DATA cycle=1919
UVM_ERROR uvm_tb.sv(1312) @ 15412000: uvm_test_top.env.sb [SB/SYM] MISMATCH exp=fb8 act=23a ph=PH_DATA cycle=1920
UVM_ERROR uvm_tb.sv(1312) @ 15420000: uvm_test_top.env.sb [SB/SYM] MISMATCH exp=5ff act=44f ph=PH_DATA cycle=1921
UVM_ERROR uvm_tb.sv(1312) @ 15428000: uvm_test_top.env.sb [SB/SYM] MISMATCH exp=43a act=5bf ph=PH_DATA cycle=1922
UVM_ERROR uvm_tb.sv(1312) @ 15436000: uvm_test_top.env.sb [SB/SYM] MISMATCH exp=288 act=e3e ph=PH_DATA cycle=1923
UVM_ERROR uvm_tb.sv(1312) @ 15444000: uvm_test_top.env.sb [SB/SYM] MISMATCH exp=e01 act=231 ph=PH_CSR cycle=1924
UVM_ERROR uvm_tb.sv(1312) @ 15452000: uvm_test_top.env.sb [SB/SYM] MISMATCH exp=3b1 act=cb7 ph=PH_CSR cycle=1925
UVM_ERROR uvm_tb.sv(1312) @ 15460000: uvm_test_top.env.sb [SB/SYM] MISMATCH exp=c96 act=d92 ph=PH_ESD cycle=1926
UVM_ERROR uvm_tb.sv(1312) @ 15468000: uvm_test_top.env.sb [SB/SYM] MISMATCH exp=db6 act=c96 ph=PH_ESD cycle=1927
"uvm_tb.sv", 2372: pcs_tb_top.AST_ESD_EXACTLY2: started at 15444000ps failed at 15476000ps
	Offending '(!((((pcs_tb_top.dut_if.Dout[3] inside {3'b010, 3'b110}) && (pcs_tb_top.dut_if.Dout[2] inside {3'b010, 3'b110})) && (pcs_tb_top.dut_if.Dout[1] inside {3'b010, 3'b110})) && (pcs_tb_top.dut_if.Dout[0] inside {3'b010, 3'b110})))'
Error: "uvm_tb.sv", 2372: pcs_tb_top.AST_ESD_EXACTLY2: at time 15476000 ps
[ASSERT/ORDER] All-±2 output persists after ESD2 (stuck in ESD?) @ 15476000
UVM_ERROR uvm_tb.sv(1312) @ 15484000: uvm_test_top.env.sb [SB/SYM] MISMATCH exp=486 act=086 ph=PH_SDD cycle=1929
"uvm_tb.sv", 2275: pcs_tb_top.AST_SDD1_NONZERO: started at 15484000ps failed at 15484000ps
	Offending '((((pcs_tb_top.dut_if.Dout[3] inside {3'b010, 3'b110}) && (pcs_tb_top.dut_if.Dout[2] inside {3'b010, 3'b110})) && (pcs_tb_top.dut_if.Dout[1] inside {3'b010, 3'b110})) && (pcs_tb_top.dut_if.Dout[0] inside {3'b010, 3'b110}))'
Error: "uvm_tb.sv", 2275: pcs_tb_top.AST_SDD1_NONZERO: at time 15484000 ps
[ASSERT/SDD] SDD1: lane(s) not ±2 at TX_EN rise: got 086 @ 15484000
"uvm_tb.sv", 2355: pcs_tb_top.AST_SDD_EXACTLY2: started at 15484000ps failed at 15500000ps
	Offending '(!((((pcs_tb_top.dut_if.Dout[3] inside {3'b010, 3'b110}) && (pcs_tb_top.dut_if.Dout[2] inside {3'b010, 3'b110})) && (pcs_tb_top.dut_if.Dout[1] inside {3'b010, 3'b110})) && (pcs_tb_top.dut_if.Dout[0] inside {3'b010, 3'b110})))'
Error: "uvm_tb.sv", 2355: pcs_tb_top.AST_SDD_EXACTLY2: at time 15500000 ps
[ASSERT/ORDER] All-±2 output persists after SDD2 (stuck in SDD?) @ 15500000
UVM_ERROR uvm_tb.sv(1312) @ 15508000: uvm_test_top.env.sb [SB/SYM] MISMATCH exp=002 act=000 ph=PH_DATA cycle=1932
UVM_ERROR uvm_tb.sv(1312) @ 15516000: uvm_test_top.env.sb [SB/SYM] MISMATCH exp=dfe act=dce ph=PH_DATA cycle=1933
UVM_ERROR uvm_tb.sv(1312) @ 15524000: uvm_test_top.env.sb [SB/SYM] MISMATCH exp=238 act=389 ph=PH_DATA cycle=1934
UVM_ERROR uvm_tb.sv(1312) @ 15532000: uvm_test_top.env.sb [SB/SYM] MISMATCH exp=24f act=e78 ph=PH_DATA cycle=1935
UVM_ERROR uvm_tb.sv(1312) @ 15540000: uvm_test_top.env.sb [SB/SYM] MISMATCH exp=e00 act=381 ph=PH_DATA cycle=1936
UVM_ERROR uvm_tb.sv(1312) @ 15548000: uvm_test_top.env.sb [SB/SYM] MISMATCH exp=030 act=c10 ph=PH_CSR cycle=1937
UVM_ERROR uvm_tb.sv(1312) @ 15556000: uvm_test_top.env.sb [SB/SYM] MISMATCH exp=2b6 act=452 ph=PH_CSR cycle=1938
UVM_ERROR uvm_tb.sv(1312) @ 15564000: uvm_test_top.env.sb [SB/SYM] MISMATCH exp=d89 act=d97 ph=PH_ESD cycle=1939
"uvm_tb.sv", 2305: pcs_tb_top.AST_ESD1_NONZERO: started at 15548000ps failed at 15564000ps
	Offending '((((pcs_tb_top.dut_if.Dout[3] inside {3'b010, 3'b110}) && (pcs_tb_top.dut_if.Dout[2] inside {3'b010, 3'b110})) && (pcs_tb_top.dut_if.Dout[1] inside {3'b010, 3'b110})) && (pcs_tb_top.dut_if.Dout[0] inside {3'b010, 3'b110}))'
Error: "uvm_tb.sv", 2305: pcs_tb_top.AST_ESD1_NONZERO: at time 15564000 ps
[ASSERT/ESD] ESD1: lane(s) not ±2 two cycles after TX_EN fall: got d97 @ 15564000
"uvm_tb.sv", 2372: pcs_tb_top.AST_ESD_EXACTLY2: started at 15548000ps failed at 15580000ps
	Offending '(!((((pcs_tb_top.dut_if.Dout[3] inside {3'b010, 3'b110}) && (pcs_tb_top.dut_if.Dout[2] inside {3'b010, 3'b110})) && (pcs_tb_top.dut_if.Dout[1] inside {3'b010, 3'b110})) && (pcs_tb_top.dut_if.Dout[0] inside {3'b010, 3'b110})))'
Error: "uvm_tb.sv", 2372: pcs_tb_top.AST_ESD_EXACTLY2: at time 15580000 ps
[ASSERT/ORDER] All-±2 output persists after ESD2 (stuck in ESD?) @ 15580000
UVM_ERROR uvm_tb.sv(1312) @ 15588000: uvm_test_top.env.sb [SB/SYM] MISMATCH exp=cb0 act=032 ph=PH_IDLE cycle=1942
UVM_ERROR uvm_tb.sv(1312) @ 15596000: uvm_test_top.env.sb [SB/SYM] MISMATCH exp=002 act=000 ph=PH_IDLE cycle=1943
UVM_ERROR uvm_tb.sv(1312) @ 15604000: uvm_test_top.env.sb [SB/SYM] MISMATCH exp=1b0 act=1b2 ph=PH_IDLE cycle=1944
"uvm_tb.sv", 2275: pcs_tb_top.AST_SDD1_NONZERO: started at 15612000ps failed at 15612000ps
	Offending '((((pcs_tb_top.dut_if.Dout[3] inside {3'b010, 3'b110}) && (pcs_tb_top.dut_if.Dout[2] inside {3'b010, 3'b110})) && (pcs_tb_top.dut_if.Dout[1] inside {3'b010, 3'b110})) && (pcs_tb_top.dut_if.Dout[0] inside {3'b010, 3'b110}))'
Error: "uvm_tb.sv", 2275: pcs_tb_top.AST_SDD1_NONZERO: at time 15612000 ps
[ASSERT/SDD] SDD1: lane(s) not ±2 at TX_EN rise: got 006 @ 15612000
"uvm_tb.sv", 2355: pcs_tb_top.AST_SDD_EXACTLY2: started at 15612000ps failed at 15628000ps
	Offending '(!((((pcs_tb_top.dut_if.Dout[3] inside {3'b010, 3'b110}) && (pcs_tb_top.dut_if.Dout[2] inside {3'b010, 3'b110})) && (pcs_tb_top.dut_if.Dout[1] inside {3'b010, 3'b110})) && (pcs_tb_top.dut_if.Dout[0] inside {3'b010, 3'b110})))'
Error: "uvm_tb.sv", 2355: pcs_tb_top.AST_SDD_EXACTLY2: at time 15628000 ps
[ASSERT/ORDER] All-±2 output persists after SDD2 (stuck in SDD?) @ 15628000
UVM_ERROR uvm_tb.sv(1312) @ 15636000: uvm_test_top.env.sb [SB/SYM] MISMATCH exp=406 act=186 ph=PH_DATA cycle=1948
UVM_ERROR uvm_tb.sv(1312) @ 15644000: uvm_test_top.env.sb [SB/SYM] MISMATCH exp=20a act=38a ph=PH_DATA cycle=1949
UVM_ERROR uvm_tb.sv(1312) @ 15660000: uvm_test_top.env.sb [SB/SYM] MISMATCH exp=c8e act=e8e ph=PH_CSR cycle=1951
UVM_ERROR uvm_tb.sv(1312) @ 15668000: uvm_test_top.env.sb [SB/SYM] MISMATCH exp=d89 act=db1 ph=PH_ESD cycle=1952
"uvm_tb.sv", 2305: pcs_tb_top.AST_ESD1_NONZERO: started at 15652000ps failed at 15668000ps
	Offending '((((pcs_tb_top.dut_if.Dout[3] inside {3'b010, 3'b110}) && (pcs_tb_top.dut_if.Dout[2] inside {3'b010, 3'b110})) && (pcs_tb_top.dut_if.Dout[1] inside {3'b010, 3'b110})) && (pcs_tb_top.dut_if.Dout[0] inside {3'b010, 3'b110}))'
Error: "uvm_tb.sv", 2305: pcs_tb_top.AST_ESD1_NONZERO: at time 15668000 ps
[ASSERT/ESD] ESD1: lane(s) not ±2 two cycles after TX_EN fall: got db1 @ 15668000
UVM_ERROR uvm_tb.sv(1312) @ 15676000: uvm_test_top.env.sb [SB/SYM] MISMATCH exp=db6 act=496 ph=PH_ESD cycle=1953
"uvm_tb.sv", 2372: pcs_tb_top.AST_ESD_EXACTLY2: started at 15652000ps failed at 15684000ps
	Offending '(!((((pcs_tb_top.dut_if.Dout[3] inside {3'b010, 3'b110}) && (pcs_tb_top.dut_if.Dout[2] inside {3'b010, 3'b110})) && (pcs_tb_top.dut_if.Dout[1] inside {3'b010, 3'b110})) && (pcs_tb_top.dut_if.Dout[0] inside {3'b010, 3'b110})))'
Error: "uvm_tb.sv", 2372: pcs_tb_top.AST_ESD_EXACTLY2: at time 15684000 ps
[ASSERT/ORDER] All-±2 output persists after ESD2 (stuck in ESD?) @ 15684000
UVM_ERROR uvm_tb.sv(1312) @ 15692000: uvm_test_top.env.sb [SB/SYM] MISMATCH exp=416 act=080 ph=PH_IDLE cycle=1955
UVM_ERROR uvm_tb.sv(1312) @ 15700000: uvm_test_top.env.sb [SB/SYM] MISMATCH exp=000 act=032 ph=PH_IDLE cycle=1956
UVM_ERROR uvm_tb.sv(1312) @ 15708000: uvm_test_top.env.sb [SB/SYM] MISMATCH exp=1b6 act=036 ph=PH_SDD cycle=1957
"uvm_tb.sv", 2275: pcs_tb_top.AST_SDD1_NONZERO: started at 15708000ps failed at 15708000ps
	Offending '((((pcs_tb_top.dut_if.Dout[3] inside {3'b010, 3'b110}) && (pcs_tb_top.dut_if.Dout[2] inside {3'b010, 3'b110})) && (pcs_tb_top.dut_if.Dout[1] inside {3'b010, 3'b110})) && (pcs_tb_top.dut_if.Dout[0] inside {3'b010, 3'b110}))'
Error: "uvm_tb.sv", 2275: pcs_tb_top.AST_SDD1_NONZERO: at time 15708000 ps
[ASSERT/SDD] SDD1: lane(s) not ±2 at TX_EN rise: got 036 @ 15708000
"uvm_tb.sv", 2355: pcs_tb_top.AST_SDD_EXACTLY2: started at 15708000ps failed at 15724000ps
	Offending '(!((((pcs_tb_top.dut_if.Dout[3] inside {3'b010, 3'b110}) && (pcs_tb_top.dut_if.Dout[2] inside {3'b010, 3'b110})) && (pcs_tb_top.dut_if.Dout[1] inside {3'b010, 3'b110})) && (pcs_tb_top.dut_if.Dout[0] inside {3'b010, 3'b110})))'
Error: "uvm_tb.sv", 2355: pcs_tb_top.AST_SDD_EXACTLY2: at time 15724000 ps
[ASSERT/ORDER] All-±2 output persists after SDD2 (stuck in SDD?) @ 15724000
UVM_ERROR uvm_tb.sv(1312) @ 15732000: uvm_test_top.env.sb [SB/SYM] MISMATCH exp=c30 act=030 ph=PH_DATA cycle=1960
UVM_ERROR uvm_tb.sv(1312) @ 15740000: uvm_test_top.env.sb [SB/SYM] MISMATCH exp=441 act=5c1 ph=PH_CSR cycle=1961
UVM_ERROR uvm_tb.sv(1312) @ 15748000: uvm_test_top.env.sb [SB/SYM] MISMATCH exp=fb6 act=5d6 ph=PH_CSR cycle=1962
UVM_ERROR uvm_tb.sv(1312) @ 15756000: uvm_test_top.env.sb [SB/SYM] MISMATCH exp=d89 act=597 ph=PH_ESD cycle=1963
"uvm_tb.sv", 2305: pcs_tb_top.AST_ESD1_NONZERO: started at 15740000ps failed at 15756000ps
	Offending '((((pcs_tb_top.dut_if.Dout[3] inside {3'b010, 3'b110}) && (pcs_tb_top.dut_if.Dout[2] inside {3'b010, 3'b110})) && (pcs_tb_top.dut_if.Dout[1] inside {3'b010, 3'b110})) && (pcs_tb_top.dut_if.Dout[0] inside {3'b010, 3'b110}))'
Error: "uvm_tb.sv", 2305: pcs_tb_top.AST_ESD1_NONZERO: at time 15756000 ps
[ASSERT/ESD] ESD1: lane(s) not ±2 two cycles after TX_EN fall: got 597 @ 15756000
UVM_ERROR uvm_tb.sv(1312) @ 15764000: uvm_test_top.env.sb [SB/SYM] MISMATCH exp=db6 act=4b6 ph=PH_ESD cycle=1964
"uvm_tb.sv", 2372: pcs_tb_top.AST_ESD_EXACTLY2: started at 15740000ps failed at 15772000ps
	Offending '(!((((pcs_tb_top.dut_if.Dout[3] inside {3'b010, 3'b110}) && (pcs_tb_top.dut_if.Dout[2] inside {3'b010, 3'b110})) && (pcs_tb_top.dut_if.Dout[1] inside {3'b010, 3'b110})) && (pcs_tb_top.dut_if.Dout[0] inside {3'b010, 3'b110})))'
Error: "uvm_tb.sv", 2372: pcs_tb_top.AST_ESD_EXACTLY2: at time 15772000 ps
[ASSERT/ORDER] All-±2 output persists after ESD2 (stuck in ESD?) @ 15772000
"uvm_tb.sv", 2355: pcs_tb_top.AST_SDD_EXACTLY2: started at 15764000ps failed at 15780000ps
	Offending '(!((((pcs_tb_top.dut_if.Dout[3] inside {3'b010, 3'b110}) && (pcs_tb_top.dut_if.Dout[2] inside {3'b010, 3'b110})) && (pcs_tb_top.dut_if.Dout[1] inside {3'b010, 3'b110})) && (pcs_tb_top.dut_if.Dout[0] inside {3'b010, 3'b110})))'
Error: "uvm_tb.sv", 2355: pcs_tb_top.AST_SDD_EXACTLY2: at time 15780000 ps
[ASSERT/ORDER] All-±2 output persists after SDD2 (stuck in SDD?) @ 15780000
UVM_ERROR uvm_tb.sv(1312) @ 15812000: uvm_test_top.env.sb [SB/SYM] MISMATCH exp=db6 act=5b6 ph=PH_IDLE cycle=1970
"uvm_tb.sv", 2372: pcs_tb_top.AST_ESD_EXACTLY2: started at 15788000ps failed at 15820000ps
	Offending '(!((((pcs_tb_top.dut_if.Dout[3] inside {3'b010, 3'b110}) && (pcs_tb_top.dut_if.Dout[2] inside {3'b010, 3'b110})) && (pcs_tb_top.dut_if.Dout[1] inside {3'b010, 3'b110})) && (pcs_tb_top.dut_if.Dout[0] inside {3'b010, 3'b110})))'
Error: "uvm_tb.sv", 2372: pcs_tb_top.AST_ESD_EXACTLY2: at time 15820000 ps
[ASSERT/ORDER] All-±2 output persists after ESD2 (stuck in ESD?) @ 15820000
UVM_ERROR uvm_tb.sv(1312) @ 15828000: uvm_test_top.env.sb [SB/SYM] MISMATCH exp=030 act=036 ph=PH_IDLE cycle=1972
UVM_ERROR uvm_tb.sv(1312) @ 15836000: uvm_test_top.env.sb [SB/SYM] MISMATCH exp=086 act=010 ph=PH_IDLE cycle=1973
"uvm_tb.sv", 2275: pcs_tb_top.AST_SDD1_NONZERO: started at 15844000ps failed at 15844000ps
	Offending '((((pcs_tb_top.dut_if.Dout[3] inside {3'b010, 3'b110}) && (pcs_tb_top.dut_if.Dout[2] inside {3'b010, 3'b110})) && (pcs_tb_top.dut_if.Dout[1] inside {3'b010, 3'b110})) && (pcs_tb_top.dut_if.Dout[0] inside {3'b010, 3'b110}))'
Error: "uvm_tb.sv", 2275: pcs_tb_top.AST_SDD1_NONZERO: at time 15844000 ps
[ASSERT/SDD] SDD1: lane(s) not ±2 at TX_EN rise: got 186 @ 15844000
"uvm_tb.sv", 2355: pcs_tb_top.AST_SDD_EXACTLY2: started at 15844000ps failed at 15860000ps
	Offending '(!((((pcs_tb_top.dut_if.Dout[3] inside {3'b010, 3'b110}) && (pcs_tb_top.dut_if.Dout[2] inside {3'b010, 3'b110})) && (pcs_tb_top.dut_if.Dout[1] inside {3'b010, 3'b110})) && (pcs_tb_top.dut_if.Dout[0] inside {3'b010, 3'b110})))'
Error: "uvm_tb.sv", 2355: pcs_tb_top.AST_SDD_EXACTLY2: at time 15860000 ps
[ASSERT/ORDER] All-±2 output persists after SDD2 (stuck in SDD?) @ 15860000
UVM_ERROR uvm_tb.sv(1312) @ 15868000: uvm_test_top.env.sb [SB/SYM] MISMATCH exp=196 act=010 ph=PH_DATA cycle=1977
UVM_ERROR uvm_tb.sv(1312) @ 15876000: uvm_test_top.env.sb [SB/SYM] MISMATCH exp=c89 act=ff2 ph=PH_DATA cycle=1978
UVM_ERROR uvm_tb.sv(1312) @ 15884000: uvm_test_top.env.sb [SB/SYM] MISMATCH exp=2b6 act=286 ph=PH_DATA cycle=1979
UVM_ERROR uvm_tb.sv(1312) @ 15892000: uvm_test_top.env.sb [SB/SYM] MISMATCH exp=fc6 act=0b8 ph=PH_DATA cycle=1980
UVM_ERROR uvm_tb.sv(1312) @ 15900000: uvm_test_top.env.sb [SB/SYM] MISMATCH exp=c02 act=037 ph=PH_DATA cycle=1981
UVM_ERROR uvm_tb.sv(1312) @ 15908000: uvm_test_top.env.sb [SB/SYM] MISMATCH exp=1f9 act=079 ph=PH_DATA cycle=1982
UVM_ERROR uvm_tb.sv(1312) @ 15916000: uvm_test_top.env.sb [SB/SYM] MISMATCH exp=e0e act=fb8 ph=PH_DATA cycle=1983
UVM_ERROR uvm_tb.sv(1312) @ 15924000: uvm_test_top.env.sb [SB/SYM] MISMATCH exp=c48 act=5cf ph=PH_CSR cycle=1984
UVM_ERROR uvm_tb.sv(1312) @ 15932000: uvm_test_top.env.sb [SB/SYM] MISMATCH exp=3b1 act=497 ph=PH_CSR cycle=1985
UVM_ERROR uvm_tb.sv(1312) @ 15948000: uvm_test_top.env.sb [SB/SYM] MISMATCH exp=db6 act=5b6 ph=PH_ESD cycle=1987
"uvm_tb.sv", 2372: pcs_tb_top.AST_ESD_EXACTLY2: started at 15924000ps failed at 15956000ps
	Offending '(!((((pcs_tb_top.dut_if.Dout[3] inside {3'b010, 3'b110}) && (pcs_tb_top.dut_if.Dout[2] inside {3'b010, 3'b110})) && (pcs_tb_top.dut_if.Dout[1] inside {3'b010, 3'b110})) && (pcs_tb_top.dut_if.Dout[0] inside {3'b010, 3'b110})))'
Error: "uvm_tb.sv", 2372: pcs_tb_top.AST_ESD_EXACTLY2: at time 15956000 ps
[ASSERT/ORDER] All-±2 output persists after ESD2 (stuck in ESD?) @ 15956000
"uvm_tb.sv", 2355: pcs_tb_top.AST_SDD_EXACTLY2: started at 15948000ps failed at 15964000ps
	Offending '(!((((pcs_tb_top.dut_if.Dout[3] inside {3'b010, 3'b110}) && (pcs_tb_top.dut_if.Dout[2] inside {3'b010, 3'b110})) && (pcs_tb_top.dut_if.Dout[1] inside {3'b010, 3'b110})) && (pcs_tb_top.dut_if.Dout[0] inside {3'b010, 3'b110})))'
Error: "uvm_tb.sv", 2355: pcs_tb_top.AST_SDD_EXACTLY2: at time 15964000 ps
[ASSERT/ORDER] All-±2 output persists after SDD2 (stuck in SDD?) @ 15964000
UVM_ERROR uvm_tb.sv(1312) @ 15980000: uvm_test_top.env.sb [SB/SYM] MISMATCH exp=580 act=012 ph=PH_IDLE cycle=1991
UVM_ERROR uvm_tb.sv(1312) @ 15988000: uvm_test_top.env.sb [SB/SYM] MISMATCH exp=3c9 act=3ca ph=PH_IDLE cycle=1992
UVM_ERROR uvm_tb.sv(1312) @ 15996000: uvm_test_top.env.sb [SB/SYM] MISMATCH exp=5ca act=1ca ph=PH_IDLE cycle=1993
UVM_ERROR uvm_tb.sv(1312) @ 16004000: uvm_test_top.env.sb [SB/SYM] MISMATCH exp=496 act=3fe ph=PH_IDLE cycle=1994
UVM_ERROR uvm_tb.sv(1312) @ 16012000: uvm_test_top.env.sb [SB/SYM] MISMATCH exp=cb1 act=38e ph=PH_IDLE cycle=1995
UVM_ERROR uvm_tb.sv(1312) @ 16020000: uvm_test_top.env.sb [SB/SYM] MISMATCH exp=d89 act=cb7 ph=PH_IDLE cycle=1996
"uvm_tb.sv", 2305: pcs_tb_top.AST_ESD1_NONZERO: started at 16004000ps failed at 16020000ps
	Offending '((((pcs_tb_top.dut_if.Dout[3] inside {3'b010, 3'b110}) && (pcs_tb_top.dut_if.Dout[2] inside {3'b010, 3'b110})) && (pcs_tb_top.dut_if.Dout[1] inside {3'b010, 3'b110})) && (pcs_tb_top.dut_if.Dout[0] inside {3'b010, 3'b110}))'
Error: "uvm_tb.sv", 2305: pcs_tb_top.AST_ESD1_NONZERO: at time 16020000 ps
[ASSERT/ESD] ESD1: lane(s) not ±2 two cycles after TX_EN fall: got cb7 @ 16020000
UVM_ERROR uvm_tb.sv(1312) @ 16028000: uvm_test_top.env.sb [SB/SYM] MISMATCH exp=db6 act=4b2 ph=PH_IDLE cycle=1997
"uvm_tb.sv", 2372: pcs_tb_top.AST_ESD_EXACTLY2: started at 16004000ps failed at 16036000ps
	Offending '(!((((pcs_tb_top.dut_if.Dout[3] inside {3'b010, 3'b110}) && (pcs_tb_top.dut_if.Dout[2] inside {3'b010, 3'b110})) && (pcs_tb_top.dut_if.Dout[1] inside {3'b010, 3'b110})) && (pcs_tb_top.dut_if.Dout[0] inside {3'b010, 3'b110})))'
Error: "uvm_tb.sv", 2372: pcs_tb_top.AST_ESD_EXACTLY2: at time 16036000 ps
[ASSERT/ORDER] All-±2 output persists after ESD2 (stuck in ESD?) @ 16036000
"uvm_tb.sv", 2355: pcs_tb_top.AST_SDD_EXACTLY2: started at 16036000ps failed at 16052000ps
	Offending '(!((((pcs_tb_top.dut_if.Dout[3] inside {3'b010, 3'b110}) && (pcs_tb_top.dut_if.Dout[2] inside {3'b010, 3'b110})) && (pcs_tb_top.dut_if.Dout[1] inside {3'b010, 3'b110})) && (pcs_tb_top.dut_if.Dout[0] inside {3'b010, 3'b110})))'
Error: "uvm_tb.sv", 2355: pcs_tb_top.AST_SDD_EXACTLY2: at time 16052000 ps
[ASSERT/ORDER] All-±2 output persists after SDD2 (stuck in SDD?) @ 16052000
UVM_ERROR uvm_tb.sv(1312) @ 16060000: uvm_test_top.env.sb [SB/SYM] MISMATCH exp=d96 act=c16 ph=PH_CSR cycle=2001
UVM_ERROR uvm_tb.sv(1312) @ 16084000: uvm_test_top.env.sb [SB/SYM] MISMATCH exp=db6 act=5b2 ph=PH_ESD cycle=2004
"uvm_tb.sv", 2372: pcs_tb_top.AST_ESD_EXACTLY2: started at 16060000ps failed at 16092000ps
	Offending '(!((((pcs_tb_top.dut_if.Dout[3] inside {3'b010, 3'b110}) && (pcs_tb_top.dut_if.Dout[2] inside {3'b010, 3'b110})) && (pcs_tb_top.dut_if.Dout[1] inside {3'b010, 3'b110})) && (pcs_tb_top.dut_if.Dout[0] inside {3'b010, 3'b110})))'
Error: "uvm_tb.sv", 2372: pcs_tb_top.AST_ESD_EXACTLY2: at time 16092000 ps
[ASSERT/ORDER] All-±2 output persists after ESD2 (stuck in ESD?) @ 16092000
"uvm_tb.sv", 2355: pcs_tb_top.AST_SDD_EXACTLY2: started at 16084000ps failed at 16100000ps
	Offending '(!((((pcs_tb_top.dut_if.Dout[3] inside {3'b010, 3'b110}) && (pcs_tb_top.dut_if.Dout[2] inside {3'b010, 3'b110})) && (pcs_tb_top.dut_if.Dout[1] inside {3'b010, 3'b110})) && (pcs_tb_top.dut_if.Dout[0] inside {3'b010, 3'b110})))'
Error: "uvm_tb.sv", 2355: pcs_tb_top.AST_SDD_EXACTLY2: at time 16100000 ps
[ASSERT/ORDER] All-±2 output persists after SDD2 (stuck in SDD?) @ 16100000
UVM_ERROR uvm_tb.sv(1312) @ 16116000: uvm_test_top.env.sb [SB/SYM] MISMATCH exp=fc6 act=3c6 ph=PH_IDLE cycle=2008
UVM_ERROR uvm_tb.sv(1312) @ 16124000: uvm_test_top.env.sb [SB/SYM] MISMATCH exp=3bf act=5c2 ph=PH_IDLE cycle=2009
UVM_ERROR uvm_tb.sv(1312) @ 16132000: uvm_test_top.env.sb [SB/SYM] MISMATCH exp=c56 act=2ba ph=PH_IDLE cycle=2010
UVM_ERROR uvm_tb.sv(1312) @ 16140000: uvm_test_top.env.sb [SB/SYM] MISMATCH exp=d89 act=cb7 ph=PH_IDLE cycle=2011
"uvm_tb.sv", 2305: pcs_tb_top.AST_ESD1_NONZERO: started at 16124000ps failed at 16140000ps
	Offending '((((pcs_tb_top.dut_if.Dout[3] inside {3'b010, 3'b110}) && (pcs_tb_top.dut_if.Dout[2] inside {3'b010, 3'b110})) && (pcs_tb_top.dut_if.Dout[1] inside {3'b010, 3'b110})) && (pcs_tb_top.dut_if.Dout[0] inside {3'b010, 3'b110}))'
Error: "uvm_tb.sv", 2305: pcs_tb_top.AST_ESD1_NONZERO: at time 16140000 ps
[ASSERT/ESD] ESD1: lane(s) not ±2 two cycles after TX_EN fall: got cb7 @ 16140000
UVM_ERROR uvm_tb.sv(1312) @ 16148000: uvm_test_top.env.sb [SB/SYM] MISMATCH exp=db6 act=4b2 ph=PH_IDLE cycle=2012
"uvm_tb.sv", 2372: pcs_tb_top.AST_ESD_EXACTLY2: started at 16124000ps failed at 16156000ps
	Offending '(!((((pcs_tb_top.dut_if.Dout[3] inside {3'b010, 3'b110}) && (pcs_tb_top.dut_if.Dout[2] inside {3'b010, 3'b110})) && (pcs_tb_top.dut_if.Dout[1] inside {3'b010, 3'b110})) && (pcs_tb_top.dut_if.Dout[0] inside {3'b010, 3'b110})))'
Error: "uvm_tb.sv", 2372: pcs_tb_top.AST_ESD_EXACTLY2: at time 16156000 ps
[ASSERT/ORDER] All-±2 output persists after ESD2 (stuck in ESD?) @ 16156000
"uvm_tb.sv", 2355: pcs_tb_top.AST_SDD_EXACTLY2: started at 16156000ps failed at 16172000ps
	Offending '(!((((pcs_tb_top.dut_if.Dout[3] inside {3'b010, 3'b110}) && (pcs_tb_top.dut_if.Dout[2] inside {3'b010, 3'b110})) && (pcs_tb_top.dut_if.Dout[1] inside {3'b010, 3'b110})) && (pcs_tb_top.dut_if.Dout[0] inside {3'b010, 3'b110})))'
Error: "uvm_tb.sv", 2355: pcs_tb_top.AST_SDD_EXACTLY2: at time 16172000 ps
[ASSERT/ORDER] All-±2 output persists after SDD2 (stuck in SDD?) @ 16172000
UVM_ERROR uvm_tb.sv(1312) @ 16180000: uvm_test_top.env.sb [SB/SYM] MISMATCH exp=180 act=192 ph=PH_DATA cycle=2016
UVM_ERROR uvm_tb.sv(1312) @ 16188000: uvm_test_top.env.sb [SB/SYM] MISMATCH exp=08f act=e72 ph=PH_DATA cycle=2017
UVM_ERROR uvm_tb.sv(1312) @ 16196000: uvm_test_top.env.sb [SB/SYM] MISMATCH exp=446 act=471 ph=PH_DATA cycle=2018
UVM_ERROR uvm_tb.sv(1312) @ 16204000: uvm_test_top.env.sb [SB/SYM] MISMATCH exp=1c2 act=040 ph=PH_DATA cycle=2019
UVM_ERROR uvm_tb.sv(1312) @ 16212000: uvm_test_top.env.sb [SB/SYM] MISMATCH exp=207 act=f86 ph=PH_DATA cycle=2020
UVM_ERROR uvm_tb.sv(1312) @ 16220000: uvm_test_top.env.sb [SB/SYM] MISMATCH exp=032 act=0b6 ph=PH_DATA cycle=2021
UVM_ERROR uvm_tb.sv(1312) @ 16228000: uvm_test_top.env.sb [SB/SYM] MISMATCH exp=e7f act=3cf ph=PH_DATA cycle=2022
UVM_ERROR uvm_tb.sv(1312) @ 16236000: uvm_test_top.env.sb [SB/SYM] MISMATCH exp=e3a act=e38 ph=PH_CSR cycle=2023
UVM_ERROR uvm_tb.sv(1312) @ 16244000: uvm_test_top.env.sb [SB/SYM] MISMATCH exp=2b6 act=d92 ph=PH_CSR cycle=2024
UVM_ERROR uvm_tb.sv(1312) @ 16252000: uvm_test_top.env.sb [SB/SYM] MISMATCH exp=d89 act=d92 ph=PH_ESD cycle=2025
UVM_ERROR uvm_tb.sv(1312) @ 16260000: uvm_test_top.env.sb [SB/SYM] MISMATCH exp=db6 act=592 ph=PH_ESD cycle=2026
"uvm_tb.sv", 2372: pcs_tb_top.AST_ESD_EXACTLY2: started at 16236000ps failed at 16268000ps
	Offending '(!((((pcs_tb_top.dut_if.Dout[3] inside {3'b010, 3'b110}) && (pcs_tb_top.dut_if.Dout[2] inside {3'b010, 3'b110})) && (pcs_tb_top.dut_if.Dout[1] inside {3'b010, 3'b110})) && (pcs_tb_top.dut_if.Dout[0] inside {3'b010, 3'b110})))'
Error: "uvm_tb.sv", 2372: pcs_tb_top.AST_ESD_EXACTLY2: at time 16268000 ps
[ASSERT/ORDER] All-±2 output persists after ESD2 (stuck in ESD?) @ 16268000
UVM_ERROR uvm_tb.sv(1312) @ 16276000: uvm_test_top.env.sb [SB/SYM] MISMATCH exp=082 act=092 ph=PH_SDD cycle=2028
"uvm_tb.sv", 2275: pcs_tb_top.AST_SDD1_NONZERO: started at 16276000ps failed at 16276000ps
	Offending '((((pcs_tb_top.dut_if.Dout[3] inside {3'b010, 3'b110}) && (pcs_tb_top.dut_if.Dout[2] inside {3'b010, 3'b110})) && (pcs_tb_top.dut_if.Dout[1] inside {3'b010, 3'b110})) && (pcs_tb_top.dut_if.Dout[0] inside {3'b010, 3'b110}))'
Error: "uvm_tb.sv", 2275: pcs_tb_top.AST_SDD1_NONZERO: at time 16276000 ps
[ASSERT/SDD] SDD1: lane(s) not ±2 at TX_EN rise: got 092 @ 16276000
"uvm_tb.sv", 2355: pcs_tb_top.AST_SDD_EXACTLY2: started at 16276000ps failed at 16292000ps
	Offending '(!((((pcs_tb_top.dut_if.Dout[3] inside {3'b010, 3'b110}) && (pcs_tb_top.dut_if.Dout[2] inside {3'b010, 3'b110})) && (pcs_tb_top.dut_if.Dout[1] inside {3'b010, 3'b110})) && (pcs_tb_top.dut_if.Dout[0] inside {3'b010, 3'b110})))'
Error: "uvm_tb.sv", 2355: pcs_tb_top.AST_SDD_EXACTLY2: at time 16292000 ps
[ASSERT/ORDER] All-±2 output persists after SDD2 (stuck in SDD?) @ 16292000
UVM_ERROR uvm_tb.sv(1312) @ 16300000: uvm_test_top.env.sb [SB/SYM] MISMATCH exp=0b0 act=0b2 ph=PH_DATA cycle=2031
UVM_ERROR uvm_tb.sv(1312) @ 16308000: uvm_test_top.env.sb [SB/SYM] MISMATCH exp=256 act=e56 ph=PH_DATA cycle=2032
UVM_ERROR uvm_tb.sv(1312) @ 16316000: uvm_test_top.env.sb [SB/SYM] MISMATCH exp=407 act=017 ph=PH_DATA cycle=2033
UVM_ERROR uvm_tb.sv(1312) @ 16324000: uvm_test_top.env.sb [SB/SYM] MISMATCH exp=28a act=238 ph=PH_CSR cycle=2034
UVM_ERROR uvm_tb.sv(1312) @ 16332000: uvm_test_top.env.sb [SB/SYM] MISMATCH exp=cb1 act=38e ph=PH_CSR cycle=2035
UVM_ERROR uvm_tb.sv(1312) @ 16340000: uvm_test_top.env.sb [SB/SYM] MISMATCH exp=d89 act=cb1 ph=PH_ESD cycle=2036
"uvm_tb.sv", 2305: pcs_tb_top.AST_ESD1_NONZERO: started at 16324000ps failed at 16340000ps
	Offending '((((pcs_tb_top.dut_if.Dout[3] inside {3'b010, 3'b110}) && (pcs_tb_top.dut_if.Dout[2] inside {3'b010, 3'b110})) && (pcs_tb_top.dut_if.Dout[1] inside {3'b010, 3'b110})) && (pcs_tb_top.dut_if.Dout[0] inside {3'b010, 3'b110}))'
Error: "uvm_tb.sv", 2305: pcs_tb_top.AST_ESD1_NONZERO: at time 16340000 ps
[ASSERT/ESD] ESD1: lane(s) not ±2 two cycles after TX_EN fall: got cb1 @ 16340000
UVM_ERROR uvm_tb.sv(1312) @ 16348000: uvm_test_top.env.sb [SB/SYM] MISMATCH exp=db6 act=d92 ph=PH_ESD cycle=2037
"uvm_tb.sv", 2372: pcs_tb_top.AST_ESD_EXACTLY2: started at 16324000ps failed at 16356000ps
	Offending '(!((((pcs_tb_top.dut_if.Dout[3] inside {3'b010, 3'b110}) && (pcs_tb_top.dut_if.Dout[2] inside {3'b010, 3'b110})) && (pcs_tb_top.dut_if.Dout[1] inside {3'b010, 3'b110})) && (pcs_tb_top.dut_if.Dout[0] inside {3'b010, 3'b110})))'
Error: "uvm_tb.sv", 2372: pcs_tb_top.AST_ESD_EXACTLY2: at time 16356000 ps
[ASSERT/ORDER] All-±2 output persists after ESD2 (stuck in ESD?) @ 16356000
UVM_ERROR uvm_tb.sv(1312) @ 16364000: uvm_test_top.env.sb [SB/SYM] MISMATCH exp=400 act=086 ph=PH_SDD cycle=2039
"uvm_tb.sv", 2275: pcs_tb_top.AST_SDD1_NONZERO: started at 16364000ps failed at 16364000ps
	Offending '((((pcs_tb_top.dut_if.Dout[3] inside {3'b010, 3'b110}) && (pcs_tb_top.dut_if.Dout[2] inside {3'b010, 3'b110})) && (pcs_tb_top.dut_if.Dout[1] inside {3'b010, 3'b110})) && (pcs_tb_top.dut_if.Dout[0] inside {3'b010, 3'b110}))'
Error: "uvm_tb.sv", 2275: pcs_tb_top.AST_SDD1_NONZERO: at time 16364000 ps
[ASSERT/SDD] SDD1: lane(s) not ±2 at TX_EN rise: got 086 @ 16364000
"uvm_tb.sv", 2355: pcs_tb_top.AST_SDD_EXACTLY2: started at 16364000ps failed at 16380000ps
	Offending '(!((((pcs_tb_top.dut_if.Dout[3] inside {3'b010, 3'b110}) && (pcs_tb_top.dut_if.Dout[2] inside {3'b010, 3'b110})) && (pcs_tb_top.dut_if.Dout[1] inside {3'b010, 3'b110})) && (pcs_tb_top.dut_if.Dout[0] inside {3'b010, 3'b110})))'
Error: "uvm_tb.sv", 2355: pcs_tb_top.AST_SDD_EXACTLY2: at time 16380000 ps
[ASSERT/ORDER] All-±2 output persists after SDD2 (stuck in SDD?) @ 16380000
UVM_ERROR uvm_tb.sv(1312) @ 16388000: uvm_test_top.env.sb [SB/SYM] MISMATCH exp=c10 act=010 ph=PH_CSR cycle=2042
UVM_ERROR uvm_tb.sv(1312) @ 16412000: uvm_test_top.env.sb [SB/SYM] MISMATCH exp=db6 act=596 ph=PH_ESD cycle=2045
"uvm_tb.sv", 2372: pcs_tb_top.AST_ESD_EXACTLY2: started at 16388000ps failed at 16420000ps
	Offending '(!((((pcs_tb_top.dut_if.Dout[3] inside {3'b010, 3'b110}) && (pcs_tb_top.dut_if.Dout[2] inside {3'b010, 3'b110})) && (pcs_tb_top.dut_if.Dout[1] inside {3'b010, 3'b110})) && (pcs_tb_top.dut_if.Dout[0] inside {3'b010, 3'b110})))'
Error: "uvm_tb.sv", 2372: pcs_tb_top.AST_ESD_EXACTLY2: at time 16420000 ps
[ASSERT/ORDER] All-±2 output persists after ESD2 (stuck in ESD?) @ 16420000
UVM_ERROR uvm_tb.sv(1312) @ 16428000: uvm_test_top.env.sb [SB/SYM] MISMATCH exp=480 act=090 ph=PH_IDLE cycle=2047
UVM_ERROR uvm_tb.sv(1312) @ 16436000: uvm_test_top.env.sb [SB/SYM] MISMATCH exp=db0 act=006 ph=PH_IDLE cycle=2048
UVM_ERROR uvm_tb.sv(1312) @ 16444000: uvm_test_top.env.sb [SB/SYM] MISMATCH exp=006 act=0b0 ph=PH_IDLE cycle=2049
UVM_ERROR uvm_tb.sv(1312) @ 16452000: uvm_test_top.env.sb [SB/SYM] MISMATCH exp=182 act=002 ph=PH_IDLE cycle=2050
UVM_ERROR uvm_tb.sv(1312) @ 16460000: uvm_test_top.env.sb [SB/SYM] MISMATCH exp=010 act=086 ph=PH_SDD cycle=2051
"uvm_tb.sv", 2275: pcs_tb_top.AST_SDD1_NONZERO: started at 16460000ps failed at 16460000ps
	Offending '((((pcs_tb_top.dut_if.Dout[3] inside {3'b010, 3'b110}) && (pcs_tb_top.dut_if.Dout[2] inside {3'b010, 3'b110})) && (pcs_tb_top.dut_if.Dout[1] inside {3'b010, 3'b110})) && (pcs_tb_top.dut_if.Dout[0] inside {3'b010, 3'b110}))'
Error: "uvm_tb.sv", 2275: pcs_tb_top.AST_SDD1_NONZERO: at time 16460000 ps
[ASSERT/SDD] SDD1: lane(s) not ±2 at TX_EN rise: got 086 @ 16460000
"uvm_tb.sv", 2355: pcs_tb_top.AST_SDD_EXACTLY2: started at 16460000ps failed at 16476000ps
	Offending '(!((((pcs_tb_top.dut_if.Dout[3] inside {3'b010, 3'b110}) && (pcs_tb_top.dut_if.Dout[2] inside {3'b010, 3'b110})) && (pcs_tb_top.dut_if.Dout[1] inside {3'b010, 3'b110})) && (pcs_tb_top.dut_if.Dout[0] inside {3'b010, 3'b110})))'
Error: "uvm_tb.sv", 2355: pcs_tb_top.AST_SDD_EXACTLY2: at time 16476000 ps
[ASSERT/ORDER] All-±2 output persists after SDD2 (stuck in SDD?) @ 16476000
UVM_ERROR uvm_tb.sv(1312) @ 16484000: uvm_test_top.env.sb [SB/SYM] MISMATCH exp=000 act=090 ph=PH_DATA cycle=2054
UVM_ERROR uvm_tb.sv(1312) @ 16492000: uvm_test_top.env.sb [SB/SYM] MISMATCH exp=c4e act=e31 ph=PH_DATA cycle=2055
UVM_ERROR uvm_tb.sv(1312) @ 16500000: uvm_test_top.env.sb [SB/SYM] MISMATCH exp=fff act=e48 ph=PH_DATA cycle=2056
UVM_ERROR uvm_tb.sv(1312) @ 16508000: uvm_test_top.env.sb [SB/SYM] MISMATCH exp=e3f act=e3a ph=PH_DATA cycle=2057
UVM_ERROR uvm_tb.sv(1312) @ 16516000: uvm_test_top.env.sb [SB/SYM] MISMATCH exp=03e act=189 ph=PH_DATA cycle=2058
UVM_ERROR uvm_tb.sv(1312) @ 16524000: uvm_test_top.env.sb [SB/SYM] MISMATCH exp=281 act=2b6 ph=PH_DATA cycle=2059
UVM_ERROR uvm_tb.sv(1312) @ 16532000: uvm_test_top.env.sb [SB/SYM] MISMATCH exp=040 act=070 ph=PH_DATA cycle=2060
UVM_ERROR uvm_tb.sv(1312) @ 16540000: uvm_test_top.env.sb [SB/SYM] MISMATCH exp=e32 act=211 ph=PH_CSR cycle=2061
UVM_ERROR uvm_tb.sv(1312) @ 16548000: uvm_test_top.env.sb [SB/SYM] MISMATCH exp=c8e act=ebe ph=PH_CSR cycle=2062
UVM_ERROR uvm_tb.sv(1312) @ 16556000: uvm_test_top.env.sb [SB/SYM] MISMATCH exp=d89 act=cb7 ph=PH_ESD cycle=2063
"uvm_tb.sv", 2305: pcs_tb_top.AST_ESD1_NONZERO: started at 16540000ps failed at 16556000ps
	Offending '((((pcs_tb_top.dut_if.Dout[3] inside {3'b010, 3'b110}) && (pcs_tb_top.dut_if.Dout[2] inside {3'b010, 3'b110})) && (pcs_tb_top.dut_if.Dout[1] inside {3'b010, 3'b110})) && (pcs_tb_top.dut_if.Dout[0] inside {3'b010, 3'b110}))'
Error: "uvm_tb.sv", 2305: pcs_tb_top.AST_ESD1_NONZERO: at time 16556000 ps
[ASSERT/ESD] ESD1: lane(s) not ±2 two cycles after TX_EN fall: got cb7 @ 16556000
UVM_ERROR uvm_tb.sv(1312) @ 16564000: uvm_test_top.env.sb [SB/SYM] MISMATCH exp=db6 act=4b6 ph=PH_ESD cycle=2064
"uvm_tb.sv", 2372: pcs_tb_top.AST_ESD_EXACTLY2: started at 16540000ps failed at 16572000ps
	Offending '(!((((pcs_tb_top.dut_if.Dout[3] inside {3'b010, 3'b110}) && (pcs_tb_top.dut_if.Dout[2] inside {3'b010, 3'b110})) && (pcs_tb_top.dut_if.Dout[1] inside {3'b010, 3'b110})) && (pcs_tb_top.dut_if.Dout[0] inside {3'b010, 3'b110})))'
Error: "uvm_tb.sv", 2372: pcs_tb_top.AST_ESD_EXACTLY2: at time 16572000 ps
[ASSERT/ORDER] All-±2 output persists after ESD2 (stuck in ESD?) @ 16572000
UVM_ERROR uvm_tb.sv(1312) @ 16580000: uvm_test_top.env.sb [SB/SYM] MISMATCH exp=002 act=000 ph=PH_IDLE cycle=2066
UVM_ERROR uvm_tb.sv(1312) @ 16588000: uvm_test_top.env.sb [SB/SYM] MISMATCH exp=190 act=010 ph=PH_SDD cycle=2067
"uvm_tb.sv", 2275: pcs_tb_top.AST_SDD1_NONZERO: started at 16588000ps failed at 16588000ps
	Offending '((((pcs_tb_top.dut_if.Dout[3] inside {3'b010, 3'b110}) && (pcs_tb_top.dut_if.Dout[2] inside {3'b010, 3'b110})) && (pcs_tb_top.dut_if.Dout[1] inside {3'b010, 3'b110})) && (pcs_tb_top.dut_if.Dout[0] inside {3'b010, 3'b110}))'
Error: "uvm_tb.sv", 2275: pcs_tb_top.AST_SDD1_NONZERO: at time 16588000 ps
[ASSERT/SDD] SDD1: lane(s) not ±2 at TX_EN rise: got 010 @ 16588000
"uvm_tb.sv", 2355: pcs_tb_top.AST_SDD_EXACTLY2: started at 16588000ps failed at 16604000ps
	Offending '(!((((pcs_tb_top.dut_if.Dout[3] inside {3'b010, 3'b110}) && (pcs_tb_top.dut_if.Dout[2] inside {3'b010, 3'b110})) && (pcs_tb_top.dut_if.Dout[1] inside {3'b010, 3'b110})) && (pcs_tb_top.dut_if.Dout[0] inside {3'b010, 3'b110})))'
Error: "uvm_tb.sv", 2355: pcs_tb_top.AST_SDD_EXACTLY2: at time 16604000 ps
[ASSERT/ORDER] All-±2 output persists after SDD2 (stuck in SDD?) @ 16604000
UVM_ERROR uvm_tb.sv(1312) @ 16612000: uvm_test_top.env.sb [SB/SYM] MISMATCH exp=032 act=082 ph=PH_DATA cycle=2070
UVM_ERROR uvm_tb.sv(1312) @ 16620000: uvm_test_top.env.sb [SB/SYM] MISMATCH exp=5c1 act=5c7 ph=PH_DATA cycle=2071
UVM_ERROR uvm_tb.sv(1312) @ 16628000: uvm_test_top.env.sb [SB/SYM] MISMATCH exp=001 act=011 ph=PH_DATA cycle=2072
UVM_ERROR uvm_tb.sv(1312) @ 16636000: uvm_test_top.env.sb [SB/SYM] MISMATCH exp=1c6 act=072 ph=PH_DATA cycle=2073
UVM_ERROR uvm_tb.sv(1312) @ 16644000: uvm_test_top.env.sb [SB/SYM] MISMATCH exp=5f9 act=47a ph=PH_DATA cycle=2074
UVM_ERROR uvm_tb.sv(1312) @ 16652000: uvm_test_top.env.sb [SB/SYM] MISMATCH exp=43f act=cba ph=PH_CSR cycle=2075
UVM_ERROR uvm_tb.sv(1312) @ 16660000: uvm_test_top.env.sb [SB/SYM] MISMATCH exp=2b6 act=5d6 ph=PH_CSR cycle=2076
UVM_ERROR uvm_tb.sv(1312) @ 16668000: uvm_test_top.env.sb [SB/SYM] MISMATCH exp=d89 act=597 ph=PH_ESD cycle=2077
"uvm_tb.sv", 2305: pcs_tb_top.AST_ESD1_NONZERO: started at 16652000ps failed at 16668000ps
	Offending '((((pcs_tb_top.dut_if.Dout[3] inside {3'b010, 3'b110}) && (pcs_tb_top.dut_if.Dout[2] inside {3'b010, 3'b110})) && (pcs_tb_top.dut_if.Dout[1] inside {3'b010, 3'b110})) && (pcs_tb_top.dut_if.Dout[0] inside {3'b010, 3'b110}))'
Error: "uvm_tb.sv", 2305: pcs_tb_top.AST_ESD1_NONZERO: at time 16668000 ps
[ASSERT/ESD] ESD1: lane(s) not ±2 two cycles after TX_EN fall: got 597 @ 16668000
UVM_ERROR uvm_tb.sv(1312) @ 16676000: uvm_test_top.env.sb [SB/SYM] MISMATCH exp=db6 act=c96 ph=PH_ESD cycle=2078
"uvm_tb.sv", 2372: pcs_tb_top.AST_ESD_EXACTLY2: started at 16652000ps failed at 16684000ps
	Offending '(!((((pcs_tb_top.dut_if.Dout[3] inside {3'b010, 3'b110}) && (pcs_tb_top.dut_if.Dout[2] inside {3'b010, 3'b110})) && (pcs_tb_top.dut_if.Dout[1] inside {3'b010, 3'b110})) && (pcs_tb_top.dut_if.Dout[0] inside {3'b010, 3'b110})))'
Error: "uvm_tb.sv", 2372: pcs_tb_top.AST_ESD_EXACTLY2: at time 16684000 ps
[ASSERT/ORDER] All-±2 output persists after ESD2 (stuck in ESD?) @ 16684000
UVM_ERROR uvm_tb.sv(1312) @ 16692000: uvm_test_top.env.sb [SB/SYM] MISMATCH exp=c30 act=002 ph=PH_IDLE cycle=2080
UVM_ERROR uvm_tb.sv(1312) @ 16700000: uvm_test_top.env.sb [SB/SYM] MISMATCH exp=186 act=190 ph=PH_IDLE cycle=2081
UVM_ERROR uvm_tb.sv(1312) @ 16708000: uvm_test_top.env.sb [SB/SYM] MISMATCH exp=430 act=006 ph=PH_IDLE cycle=2082
UVM_ERROR uvm_tb.sv(1312) @ 16716000: uvm_test_top.env.sb [SB/SYM] MISMATCH exp=086 act=010 ph=PH_IDLE cycle=2083
UVM_ERROR uvm_tb.sv(1312) @ 16724000: uvm_test_top.env.sb [SB/SYM] MISMATCH exp=080 act=086 ph=PH_SDD cycle=2084
"uvm_tb.sv", 2275: pcs_tb_top.AST_SDD1_NONZERO: started at 16724000ps failed at 16724000ps
	Offending '((((pcs_tb_top.dut_if.Dout[3] inside {3'b010, 3'b110}) && (pcs_tb_top.dut_if.Dout[2] inside {3'b010, 3'b110})) && (pcs_tb_top.dut_if.Dout[1] inside {3'b010, 3'b110})) && (pcs_tb_top.dut_if.Dout[0] inside {3'b010, 3'b110}))'
Error: "uvm_tb.sv", 2275: pcs_tb_top.AST_SDD1_NONZERO: at time 16724000 ps
[ASSERT/SDD] SDD1: lane(s) not ±2 at TX_EN rise: got 086 @ 16724000
"uvm_tb.sv", 2355: pcs_tb_top.AST_SDD_EXACTLY2: started at 16724000ps failed at 16740000ps
	Offending '(!((((pcs_tb_top.dut_if.Dout[3] inside {3'b010, 3'b110}) && (pcs_tb_top.dut_if.Dout[2] inside {3'b010, 3'b110})) && (pcs_tb_top.dut_if.Dout[1] inside {3'b010, 3'b110})) && (pcs_tb_top.dut_if.Dout[0] inside {3'b010, 3'b110})))'
Error: "uvm_tb.sv", 2355: pcs_tb_top.AST_SDD_EXACTLY2: at time 16740000 ps
[ASSERT/ORDER] All-±2 output persists after SDD2 (stuck in SDD?) @ 16740000
UVM_ERROR uvm_tb.sv(1312) @ 16748000: uvm_test_top.env.sb [SB/SYM] MISMATCH exp=016 act=000 ph=PH_DATA cycle=2087
UVM_ERROR uvm_tb.sv(1312) @ 16756000: uvm_test_top.env.sb [SB/SYM] MISMATCH exp=c48 act=297 ph=PH_DATA cycle=2088
UVM_ERROR uvm_tb.sv(1312) @ 16764000: uvm_test_top.env.sb [SB/SYM] MISMATCH exp=089 act=fd6 ph=PH_DATA cycle=2089
UVM_ERROR uvm_tb.sv(1312) @ 16772000: uvm_test_top.env.sb [SB/SYM] MISMATCH exp=281 act=3b0 ph=PH_CSR cycle=2090
UVM_ERROR uvm_tb.sv(1312) @ 16780000: uvm_test_top.env.sb [SB/SYM] MISMATCH exp=3b1 act=492 ph=PH_CSR cycle=2091
UVM_ERROR uvm_tb.sv(1312) @ 16788000: uvm_test_top.env.sb [SB/SYM] MISMATCH exp=c96 act=4b2 ph=PH_ESD cycle=2092
UVM_ERROR uvm_tb.sv(1312) @ 16796000: uvm_test_top.env.sb [SB/SYM] MISMATCH exp=db6 act=4b6 ph=PH_ESD cycle=2093
"uvm_tb.sv", 2372: pcs_tb_top.AST_ESD_EXACTLY2: started at 16772000ps failed at 16804000ps
	Offending '(!((((pcs_tb_top.dut_if.Dout[3] inside {3'b010, 3'b110}) && (pcs_tb_top.dut_if.Dout[2] inside {3'b010, 3'b110})) && (pcs_tb_top.dut_if.Dout[1] inside {3'b010, 3'b110})) && (pcs_tb_top.dut_if.Dout[0] inside {3'b010, 3'b110})))'
Error: "uvm_tb.sv", 2372: pcs_tb_top.AST_ESD_EXACTLY2: at time 16804000 ps
[ASSERT/ORDER] All-±2 output persists after ESD2 (stuck in ESD?) @ 16804000
"uvm_tb.sv", 2355: pcs_tb_top.AST_SDD_EXACTLY2: started at 16796000ps failed at 16812000ps
	Offending '(!((((pcs_tb_top.dut_if.Dout[3] inside {3'b010, 3'b110}) && (pcs_tb_top.dut_if.Dout[2] inside {3'b010, 3'b110})) && (pcs_tb_top.dut_if.Dout[1] inside {3'b010, 3'b110})) && (pcs_tb_top.dut_if.Dout[0] inside {3'b010, 3'b110})))'
Error: "uvm_tb.sv", 2355: pcs_tb_top.AST_SDD_EXACTLY2: at time 16812000 ps
[ASSERT/ORDER] All-±2 output persists after SDD2 (stuck in SDD?) @ 16812000
UVM_ERROR uvm_tb.sv(1312) @ 16828000: uvm_test_top.env.sb [SB/SYM] MISMATCH exp=03f act=1b9 ph=PH_IDLE cycle=2097
UVM_ERROR uvm_tb.sv(1312) @ 16836000: uvm_test_top.env.sb [SB/SYM] MISMATCH exp=470 act=1f1 ph=PH_IDLE cycle=2098
UVM_ERROR uvm_tb.sv(1312) @ 16844000: uvm_test_top.env.sb [SB/SYM] MISMATCH exp=c56 act=e8e ph=PH_IDLE cycle=2099
UVM_ERROR uvm_tb.sv(1312) @ 16852000: uvm_test_top.env.sb [SB/SYM] MISMATCH exp=d89 act=491 ph=PH_IDLE cycle=2100
"uvm_tb.sv", 2305: pcs_tb_top.AST_ESD1_NONZERO: started at 16836000ps failed at 16852000ps
	Offending '((((pcs_tb_top.dut_if.Dout[3] inside {3'b010, 3'b110}) && (pcs_tb_top.dut_if.Dout[2] inside {3'b010, 3'b110})) && (pcs_tb_top.dut_if.Dout[1] inside {3'b010, 3'b110})) && (pcs_tb_top.dut_if.Dout[0] inside {3'b010, 3'b110}))'
Error: "uvm_tb.sv", 2305: pcs_tb_top.AST_ESD1_NONZERO: at time 16852000 ps
[ASSERT/ESD] ESD1: lane(s) not ±2 two cycles after TX_EN fall: got 491 @ 16852000
UVM_ERROR uvm_tb.sv(1312) @ 16860000: uvm_test_top.env.sb [SB/SYM] MISMATCH exp=db6 act=c92 ph=PH_SDD cycle=2101
"uvm_tb.sv", 2372: pcs_tb_top.AST_ESD_EXACTLY2: started at 16836000ps failed at 16868000ps
	Offending '(!((((pcs_tb_top.dut_if.Dout[3] inside {3'b010, 3'b110}) && (pcs_tb_top.dut_if.Dout[2] inside {3'b010, 3'b110})) && (pcs_tb_top.dut_if.Dout[1] inside {3'b010, 3'b110})) && (pcs_tb_top.dut_if.Dout[0] inside {3'b010, 3'b110})))'
Error: "uvm_tb.sv", 2372: pcs_tb_top.AST_ESD_EXACTLY2: at time 16868000 ps
[ASSERT/ORDER] All-±2 output persists after ESD2 (stuck in ESD?) @ 16868000
"uvm_tb.sv", 2355: pcs_tb_top.AST_SDD_EXACTLY2: started at 16860000ps failed at 16876000ps
	Offending '(!((((pcs_tb_top.dut_if.Dout[3] inside {3'b010, 3'b110}) && (pcs_tb_top.dut_if.Dout[2] inside {3'b010, 3'b110})) && (pcs_tb_top.dut_if.Dout[1] inside {3'b010, 3'b110})) && (pcs_tb_top.dut_if.Dout[0] inside {3'b010, 3'b110})))'
Error: "uvm_tb.sv", 2355: pcs_tb_top.AST_SDD_EXACTLY2: at time 16876000 ps
[ASSERT/ORDER] All-±2 output persists after SDD2 (stuck in SDD?) @ 16876000
UVM_ERROR uvm_tb.sv(1312) @ 16892000: uvm_test_top.env.sb [SB/SYM] MISMATCH exp=041 act=1d7 ph=PH_DATA cycle=2105
UVM_ERROR uvm_tb.sv(1312) @ 16900000: uvm_test_top.env.sb [SB/SYM] MISMATCH exp=056 act=446 ph=PH_CSR cycle=2106
UVM_ERROR uvm_tb.sv(1312) @ 16908000: uvm_test_top.env.sb [SB/SYM] MISMATCH exp=38e act=596 ph=PH_CSR cycle=2107
UVM_ERROR uvm_tb.sv(1312) @ 16916000: uvm_test_top.env.sb [SB/SYM] MISMATCH exp=c96 act=d92 ph=PH_ESD cycle=2108
UVM_ERROR uvm_tb.sv(1312) @ 16924000: uvm_test_top.env.sb [SB/SYM] MISMATCH exp=db6 act=4b6 ph=PH_ESD cycle=2109
"uvm_tb.sv", 2372: pcs_tb_top.AST_ESD_EXACTLY2: started at 16900000ps failed at 16932000ps
	Offending '(!((((pcs_tb_top.dut_if.Dout[3] inside {3'b010, 3'b110}) && (pcs_tb_top.dut_if.Dout[2] inside {3'b010, 3'b110})) && (pcs_tb_top.dut_if.Dout[1] inside {3'b010, 3'b110})) && (pcs_tb_top.dut_if.Dout[0] inside {3'b010, 3'b110})))'
Error: "uvm_tb.sv", 2372: pcs_tb_top.AST_ESD_EXACTLY2: at time 16932000 ps
[ASSERT/ORDER] All-±2 output persists after ESD2 (stuck in ESD?) @ 16932000
UVM_ERROR uvm_tb.sv(1312) @ 16940000: uvm_test_top.env.sb [SB/SYM] MISMATCH exp=cb6 act=080 ph=PH_IDLE cycle=2111
UVM_ERROR uvm_tb.sv(1312) @ 16948000: uvm_test_top.env.sb [SB/SYM] MISMATCH exp=c02 act=012 ph=PH_IDLE cycle=2112
UVM_ERROR uvm_tb.sv(1312) @ 16956000: uvm_test_top.env.sb [SB/SYM] MISMATCH exp=490 act=010 ph=PH_IDLE cycle=2113
UVM_ERROR uvm_tb.sv(1312) @ 16964000: uvm_test_top.env.sb [SB/SYM] MISMATCH exp=c00 act=186 ph=PH_SDD cycle=2114
"uvm_tb.sv", 2275: pcs_tb_top.AST_SDD1_NONZERO: started at 16964000ps failed at 16964000ps
	Offending '((((pcs_tb_top.dut_if.Dout[3] inside {3'b010, 3'b110}) && (pcs_tb_top.dut_if.Dout[2] inside {3'b010, 3'b110})) && (pcs_tb_top.dut_if.Dout[1] inside {3'b010, 3'b110})) && (pcs_tb_top.dut_if.Dout[0] inside {3'b010, 3'b110}))'
Error: "uvm_tb.sv", 2275: pcs_tb_top.AST_SDD1_NONZERO: at time 16964000 ps
[ASSERT/SDD] SDD1: lane(s) not ±2 at TX_EN rise: got 186 @ 16964000
"uvm_tb.sv", 2355: pcs_tb_top.AST_SDD_EXACTLY2: started at 16964000ps failed at 16980000ps
	Offending '(!((((pcs_tb_top.dut_if.Dout[3] inside {3'b010, 3'b110}) && (pcs_tb_top.dut_if.Dout[2] inside {3'b010, 3'b110})) && (pcs_tb_top.dut_if.Dout[1] inside {3'b010, 3'b110})) && (pcs_tb_top.dut_if.Dout[0] inside {3'b010, 3'b110})))'
Error: "uvm_tb.sv", 2355: pcs_tb_top.AST_SDD_EXACTLY2: at time 16980000 ps
[ASSERT/ORDER] All-±2 output persists after SDD2 (stuck in SDD?) @ 16980000
UVM_ERROR uvm_tb.sv(1312) @ 16988000: uvm_test_top.env.sb [SB/SYM] MISMATCH exp=1b0 act=186 ph=PH_CSR cycle=2117
UVM_ERROR uvm_tb.sv(1312) @ 17012000: uvm_test_top.env.sb [SB/SYM] MISMATCH exp=db6 act=d96 ph=PH_ESD cycle=2120
"uvm_tb.sv", 2372: pcs_tb_top.AST_ESD_EXACTLY2: started at 16988000ps failed at 17020000ps
	Offending '(!((((pcs_tb_top.dut_if.Dout[3] inside {3'b010, 3'b110}) && (pcs_tb_top.dut_if.Dout[2] inside {3'b010, 3'b110})) && (pcs_tb_top.dut_if.Dout[1] inside {3'b010, 3'b110})) && (pcs_tb_top.dut_if.Dout[0] inside {3'b010, 3'b110})))'
Error: "uvm_tb.sv", 2372: pcs_tb_top.AST_ESD_EXACTLY2: at time 17020000 ps
[ASSERT/ORDER] All-±2 output persists after ESD2 (stuck in ESD?) @ 17020000
UVM_ERROR uvm_tb.sv(1312) @ 17028000: uvm_test_top.env.sb [SB/SYM] MISMATCH exp=030 act=186 ph=PH_IDLE cycle=2122
UVM_ERROR uvm_tb.sv(1312) @ 17036000: uvm_test_top.env.sb [SB/SYM] MISMATCH exp=c86 act=090 ph=PH_IDLE cycle=2123
UVM_ERROR uvm_tb.sv(1312) @ 17044000: uvm_test_top.env.sb [SB/SYM] MISMATCH exp=4b0 act=002 ph=PH_IDLE cycle=2124
UVM_ERROR uvm_tb.sv(1312) @ 17052000: uvm_test_top.env.sb [SB/SYM] MISMATCH exp=c02 act=090 ph=PH_SDD cycle=2125
"uvm_tb.sv", 2275: pcs_tb_top.AST_SDD1_NONZERO: started at 17052000ps failed at 17052000ps
	Offending '((((pcs_tb_top.dut_if.Dout[3] inside {3'b010, 3'b110}) && (pcs_tb_top.dut_if.Dout[2] inside {3'b010, 3'b110})) && (pcs_tb_top.dut_if.Dout[1] inside {3'b010, 3'b110})) && (pcs_tb_top.dut_if.Dout[0] inside {3'b010, 3'b110}))'
Error: "uvm_tb.sv", 2275: pcs_tb_top.AST_SDD1_NONZERO: at time 17052000 ps
[ASSERT/SDD] SDD1: lane(s) not ±2 at TX_EN rise: got 090 @ 17052000
"uvm_tb.sv", 2355: pcs_tb_top.AST_SDD_EXACTLY2: started at 17052000ps failed at 17068000ps
	Offending '(!((((pcs_tb_top.dut_if.Dout[3] inside {3'b010, 3'b110}) && (pcs_tb_top.dut_if.Dout[2] inside {3'b010, 3'b110})) && (pcs_tb_top.dut_if.Dout[1] inside {3'b010, 3'b110})) && (pcs_tb_top.dut_if.Dout[0] inside {3'b010, 3'b110})))'
Error: "uvm_tb.sv", 2355: pcs_tb_top.AST_SDD_EXACTLY2: at time 17068000 ps
[ASSERT/ORDER] All-±2 output persists after SDD2 (stuck in SDD?) @ 17068000
UVM_ERROR uvm_tb.sv(1312) @ 17076000: uvm_test_top.env.sb [SB/SYM] MISMATCH exp=480 act=080 ph=PH_DATA cycle=2128
UVM_ERROR uvm_tb.sv(1312) @ 17084000: uvm_test_top.env.sb [SB/SYM] MISMATCH exp=3b7 act=fb7 ph=PH_DATA cycle=2129
UVM_ERROR uvm_tb.sv(1312) @ 17092000: uvm_test_top.env.sb [SB/SYM] MISMATCH exp=051 act=c47 ph=PH_DATA cycle=2130
UVM_ERROR uvm_tb.sv(1312) @ 17100000: uvm_test_top.env.sb [SB/SYM] MISMATCH exp=4b9 act=039 ph=PH_DATA cycle=2131
UVM_ERROR uvm_tb.sv(1312) @ 17108000: uvm_test_top.env.sb [SB/SYM] MISMATCH exp=c8f act=3f7 ph=PH_DATA cycle=2132
UVM_ERROR uvm_tb.sv(1312) @ 17116000: uvm_test_top.env.sb [SB/SYM] MISMATCH exp=c0a act=c3f ph=PH_DATA cycle=2133
UVM_ERROR uvm_tb.sv(1312) @ 17124000: uvm_test_top.env.sb [SB/SYM] MISMATCH exp=c3a act=40f ph=PH_DATA cycle=2134
UVM_ERROR uvm_tb.sv(1312) @ 17132000: uvm_test_top.env.sb [SB/SYM] MISMATCH exp=1ba act=1be ph=PH_CSR cycle=2135
UVM_ERROR uvm_tb.sv(1312) @ 17140000: uvm_test_top.env.sb [SB/SYM] MISMATCH exp=38e act=db7 ph=PH_CSR cycle=2136
UVM_ERROR uvm_tb.sv(1312) @ 17148000: uvm_test_top.env.sb [SB/SYM] MISMATCH exp=c96 act=db6 ph=PH_ESD cycle=2137
UVM_ERROR uvm_tb.sv(1312) @ 17156000: uvm_test_top.env.sb [SB/SYM] MISMATCH exp=db6 act=5b2 ph=PH_ESD cycle=2138
"uvm_tb.sv", 2372: pcs_tb_top.AST_ESD_EXACTLY2: started at 17132000ps failed at 17164000ps
	Offending '(!((((pcs_tb_top.dut_if.Dout[3] inside {3'b010, 3'b110}) && (pcs_tb_top.dut_if.Dout[2] inside {3'b010, 3'b110})) && (pcs_tb_top.dut_if.Dout[1] inside {3'b010, 3'b110})) && (pcs_tb_top.dut_if.Dout[0] inside {3'b010, 3'b110})))'
Error: "uvm_tb.sv", 2372: pcs_tb_top.AST_ESD_EXACTLY2: at time 17164000 ps
[ASSERT/ORDER] All-±2 output persists after ESD2 (stuck in ESD?) @ 17164000
UVM_ERROR uvm_tb.sv(1312) @ 17172000: uvm_test_top.env.sb [SB/SYM] MISMATCH exp=c30 act=030 ph=PH_SDD cycle=2140
"uvm_tb.sv", 2275: pcs_tb_top.AST_SDD1_NONZERO: started at 17172000ps failed at 17172000ps
	Offending '((((pcs_tb_top.dut_if.Dout[3] inside {3'b010, 3'b110}) && (pcs_tb_top.dut_if.Dout[2] inside {3'b010, 3'b110})) && (pcs_tb_top.dut_if.Dout[1] inside {3'b010, 3'b110})) && (pcs_tb_top.dut_if.Dout[0] inside {3'b010, 3'b110}))'
Error: "uvm_tb.sv", 2275: pcs_tb_top.AST_SDD1_NONZERO: at time 17172000 ps
[ASSERT/SDD] SDD1: lane(s) not ±2 at TX_EN rise: got 030 @ 17172000
"uvm_tb.sv", 2355: pcs_tb_top.AST_SDD_EXACTLY2: started at 17172000ps failed at 17188000ps
	Offending '(!((((pcs_tb_top.dut_if.Dout[3] inside {3'b010, 3'b110}) && (pcs_tb_top.dut_if.Dout[2] inside {3'b010, 3'b110})) && (pcs_tb_top.dut_if.Dout[1] inside {3'b010, 3'b110})) && (pcs_tb_top.dut_if.Dout[0] inside {3'b010, 3'b110})))'
Error: "uvm_tb.sv", 2355: pcs_tb_top.AST_SDD_EXACTLY2: at time 17188000 ps
[ASSERT/ORDER] All-±2 output persists after SDD2 (stuck in SDD?) @ 17188000
UVM_ERROR uvm_tb.sv(1312) @ 17196000: uvm_test_top.env.sb [SB/SYM] MISMATCH exp=400 act=036 ph=PH_DATA cycle=2143
UVM_ERROR uvm_tb.sv(1312) @ 17212000: uvm_test_top.env.sb [SB/SYM] MISMATCH exp=210 act=200 ph=PH_DATA cycle=2145
UVM_ERROR uvm_tb.sv(1312) @ 17220000: uvm_test_top.env.sb [SB/SYM] MISMATCH exp=c17 act=0b7 ph=PH_CSR cycle=2146
UVM_ERROR uvm_tb.sv(1312) @ 17228000: uvm_test_top.env.sb [SB/SYM] MISMATCH exp=c56 act=5b7 ph=PH_CSR cycle=2147
UVM_ERROR uvm_tb.sv(1312) @ 17236000: uvm_test_top.env.sb [SB/SYM] MISMATCH exp=d89 act=d96 ph=PH_ESD cycle=2148
UVM_ERROR uvm_tb.sv(1312) @ 17244000: uvm_test_top.env.sb [SB/SYM] MISMATCH exp=db6 act=c92 ph=PH_ESD cycle=2149
"uvm_tb.sv", 2372: pcs_tb_top.AST_ESD_EXACTLY2: started at 17220000ps failed at 17252000ps
	Offending '(!((((pcs_tb_top.dut_if.Dout[3] inside {3'b010, 3'b110}) && (pcs_tb_top.dut_if.Dout[2] inside {3'b010, 3'b110})) && (pcs_tb_top.dut_if.Dout[1] inside {3'b010, 3'b110})) && (pcs_tb_top.dut_if.Dout[0] inside {3'b010, 3'b110})))'
Error: "uvm_tb.sv", 2372: pcs_tb_top.AST_ESD_EXACTLY2: at time 17252000 ps
[ASSERT/ORDER] All-±2 output persists after ESD2 (stuck in ESD?) @ 17252000
UVM_ERROR uvm_tb.sv(1312) @ 17260000: uvm_test_top.env.sb [SB/SYM] MISMATCH exp=c16 act=096 ph=PH_IDLE cycle=2151
UVM_ERROR uvm_tb.sv(1312) @ 17268000: uvm_test_top.env.sb [SB/SYM] MISMATCH exp=400 act=000 ph=PH_IDLE cycle=2152
UVM_ERROR uvm_tb.sv(1312) @ 17284000: uvm_test_top.env.sb [SB/SYM] MISMATCH exp=410 act=000 ph=PH_IDLE cycle=2154
UVM_ERROR uvm_tb.sv(1312) @ 17292000: uvm_test_top.env.sb [SB/SYM] MISMATCH exp=086 act=006 ph=PH_SDD cycle=2155
"uvm_tb.sv", 2275: pcs_tb_top.AST_SDD1_NONZERO: started at 17292000ps failed at 17292000ps
	Offending '((((pcs_tb_top.dut_if.Dout[3] inside {3'b010, 3'b110}) && (pcs_tb_top.dut_if.Dout[2] inside {3'b010, 3'b110})) && (pcs_tb_top.dut_if.Dout[1] inside {3'b010, 3'b110})) && (pcs_tb_top.dut_if.Dout[0] inside {3'b010, 3'b110}))'
Error: "uvm_tb.sv", 2275: pcs_tb_top.AST_SDD1_NONZERO: at time 17292000 ps
[ASSERT/SDD] SDD1: lane(s) not ±2 at TX_EN rise: got 006 @ 17292000
"uvm_tb.sv", 2355: pcs_tb_top.AST_SDD_EXACTLY2: started at 17292000ps failed at 17308000ps
	Offending '(!((((pcs_tb_top.dut_if.Dout[3] inside {3'b010, 3'b110}) && (pcs_tb_top.dut_if.Dout[2] inside {3'b010, 3'b110})) && (pcs_tb_top.dut_if.Dout[1] inside {3'b010, 3'b110})) && (pcs_tb_top.dut_if.Dout[0] inside {3'b010, 3'b110})))'
Error: "uvm_tb.sv", 2355: pcs_tb_top.AST_SDD_EXACTLY2: at time 17308000 ps
[ASSERT/ORDER] All-±2 output persists after SDD2 (stuck in SDD?) @ 17308000
UVM_ERROR uvm_tb.sv(1312) @ 17316000: uvm_test_top.env.sb [SB/SYM] MISMATCH exp=002 act=012 ph=PH_DATA cycle=2158
UVM_ERROR uvm_tb.sv(1312) @ 17324000: uvm_test_top.env.sb [SB/SYM] MISMATCH exp=002 act=1b6 ph=PH_DATA cycle=2159
UVM_ERROR uvm_tb.sv(1312) @ 17332000: uvm_test_top.env.sb [SB/SYM] MISMATCH exp=d80 act=c36 ph=PH_CSR cycle=2160
UVM_ERROR uvm_tb.sv(1312) @ 17340000: uvm_test_top.env.sb [SB/SYM] MISMATCH exp=c96 act=4b7 ph=PH_CSR cycle=2161
UVM_ERROR uvm_tb.sv(1312) @ 17348000: uvm_test_top.env.sb [SB/SYM] MISMATCH exp=c96 act=d92 ph=PH_ESD cycle=2162
UVM_ERROR uvm_tb.sv(1312) @ 17356000: uvm_test_top.env.sb [SB/SYM] MISMATCH exp=db6 act=5b2 ph=PH_ESD cycle=2163
"uvm_tb.sv", 2372: pcs_tb_top.AST_ESD_EXACTLY2: started at 17332000ps failed at 17364000ps
	Offending '(!((((pcs_tb_top.dut_if.Dout[3] inside {3'b010, 3'b110}) && (pcs_tb_top.dut_if.Dout[2] inside {3'b010, 3'b110})) && (pcs_tb_top.dut_if.Dout[1] inside {3'b010, 3'b110})) && (pcs_tb_top.dut_if.Dout[0] inside {3'b010, 3'b110})))'
Error: "uvm_tb.sv", 2372: pcs_tb_top.AST_ESD_EXACTLY2: at time 17364000 ps
[ASSERT/ORDER] All-±2 output persists after ESD2 (stuck in ESD?) @ 17364000
UVM_ERROR uvm_tb.sv(1312) @ 17372000: uvm_test_top.env.sb [SB/SYM] MISMATCH exp=410 act=000 ph=PH_IDLE cycle=2165
UVM_ERROR uvm_tb.sv(1312) @ 17380000: uvm_test_top.env.sb [SB/SYM] MISMATCH exp=400 act=096 ph=PH_IDLE cycle=2166
UVM_ERROR uvm_tb.sv(1312) @ 17388000: uvm_test_top.env.sb [SB/SYM] MISMATCH exp=092 act=010 ph=PH_IDLE cycle=2167
UVM_ERROR uvm_tb.sv(1312) @ 17396000: uvm_test_top.env.sb [SB/SYM] MISMATCH exp=002 act=082 ph=PH_IDLE cycle=2168
UVM_ERROR uvm_tb.sv(1312) @ 17404000: uvm_test_top.env.sb [SB/SYM] MISMATCH exp=cb0 act=030 ph=PH_SDD cycle=2169
"uvm_tb.sv", 2275: pcs_tb_top.AST_SDD1_NONZERO: started at 17404000ps failed at 17404000ps
	Offending '((((pcs_tb_top.dut_if.Dout[3] inside {3'b010, 3'b110}) && (pcs_tb_top.dut_if.Dout[2] inside {3'b010, 3'b110})) && (pcs_tb_top.dut_if.Dout[1] inside {3'b010, 3'b110})) && (pcs_tb_top.dut_if.Dout[0] inside {3'b010, 3'b110}))'
Error: "uvm_tb.sv", 2275: pcs_tb_top.AST_SDD1_NONZERO: at time 17404000 ps
[ASSERT/SDD] SDD1: lane(s) not ±2 at TX_EN rise: got 030 @ 17404000
"uvm_tb.sv", 2355: pcs_tb_top.AST_SDD_EXACTLY2: started at 17404000ps failed at 17420000ps
	Offending '(!((((pcs_tb_top.dut_if.Dout[3] inside {3'b010, 3'b110}) && (pcs_tb_top.dut_if.Dout[2] inside {3'b010, 3'b110})) && (pcs_tb_top.dut_if.Dout[1] inside {3'b010, 3'b110})) && (pcs_tb_top.dut_if.Dout[0] inside {3'b010, 3'b110})))'
Error: "uvm_tb.sv", 2355: pcs_tb_top.AST_SDD_EXACTLY2: at time 17420000 ps
[ASSERT/ORDER] All-±2 output persists after SDD2 (stuck in SDD?) @ 17420000
UVM_ERROR uvm_tb.sv(1312) @ 17428000: uvm_test_top.env.sb [SB/SYM] MISMATCH exp=000 act=186 ph=PH_DATA cycle=2172
UVM_ERROR uvm_tb.sv(1312) @ 17436000: uvm_test_top.env.sb [SB/SYM] MISMATCH exp=388 act=fbe ph=PH_DATA cycle=2173
UVM_ERROR uvm_tb.sv(1312) @ 17444000: uvm_test_top.env.sb [SB/SYM] MISMATCH exp=f96 act=f97 ph=PH_CSR cycle=2174
UVM_ERROR uvm_tb.sv(1312) @ 17452000: uvm_test_top.env.sb [SB/SYM] MISMATCH exp=c56 act=d96 ph=PH_CSR cycle=2175
UVM_ERROR uvm_tb.sv(1312) @ 17460000: uvm_test_top.env.sb [SB/SYM] MISMATCH exp=d89 act=c92 ph=PH_ESD cycle=2176
UVM_ERROR uvm_tb.sv(1312) @ 17468000: uvm_test_top.env.sb [SB/SYM] MISMATCH exp=db6 act=4b2 ph=PH_ESD cycle=2177
"uvm_tb.sv", 2372: pcs_tb_top.AST_ESD_EXACTLY2: started at 17444000ps failed at 17476000ps
	Offending '(!((((pcs_tb_top.dut_if.Dout[3] inside {3'b010, 3'b110}) && (pcs_tb_top.dut_if.Dout[2] inside {3'b010, 3'b110})) && (pcs_tb_top.dut_if.Dout[1] inside {3'b010, 3'b110})) && (pcs_tb_top.dut_if.Dout[0] inside {3'b010, 3'b110})))'
Error: "uvm_tb.sv", 2372: pcs_tb_top.AST_ESD_EXACTLY2: at time 17476000 ps
[ASSERT/ORDER] All-±2 output persists after ESD2 (stuck in ESD?) @ 17476000
UVM_ERROR uvm_tb.sv(1312) @ 17484000: uvm_test_top.env.sb [SB/SYM] MISMATCH exp=c00 act=006 ph=PH_SDD cycle=2179
"uvm_tb.sv", 2275: pcs_tb_top.AST_SDD1_NONZERO: started at 17484000ps failed at 17484000ps
	Offending '((((pcs_tb_top.dut_if.Dout[3] inside {3'b010, 3'b110}) && (pcs_tb_top.dut_if.Dout[2] inside {3'b010, 3'b110})) && (pcs_tb_top.dut_if.Dout[1] inside {3'b010, 3'b110})) && (pcs_tb_top.dut_if.Dout[0] inside {3'b010, 3'b110}))'
Error: "uvm_tb.sv", 2275: pcs_tb_top.AST_SDD1_NONZERO: at time 17484000 ps
[ASSERT/SDD] SDD1: lane(s) not ±2 at TX_EN rise: got 006 @ 17484000
"uvm_tb.sv", 2355: pcs_tb_top.AST_SDD_EXACTLY2: started at 17484000ps failed at 17500000ps
	Offending '(!((((pcs_tb_top.dut_if.Dout[3] inside {3'b010, 3'b110}) && (pcs_tb_top.dut_if.Dout[2] inside {3'b010, 3'b110})) && (pcs_tb_top.dut_if.Dout[1] inside {3'b010, 3'b110})) && (pcs_tb_top.dut_if.Dout[0] inside {3'b010, 3'b110})))'
Error: "uvm_tb.sv", 2355: pcs_tb_top.AST_SDD_EXACTLY2: at time 17500000 ps
[ASSERT/ORDER] All-±2 output persists after SDD2 (stuck in SDD?) @ 17500000
UVM_ERROR uvm_tb.sv(1312) @ 17516000: uvm_test_top.env.sb [SB/SYM] MISMATCH exp=df8 act=dc8 ph=PH_CSR cycle=2183
UVM_ERROR uvm_tb.sv(1312) @ 17524000: uvm_test_top.env.sb [SB/SYM] MISMATCH exp=2b1 act=28e ph=PH_CSR cycle=2184
UVM_ERROR uvm_tb.sv(1312) @ 17532000: uvm_test_top.env.sb [SB/SYM] MISMATCH exp=c96 act=4b1 ph=PH_ESD cycle=2185
"uvm_tb.sv", 2305: pcs_tb_top.AST_ESD1_NONZERO: started at 17516000ps failed at 17532000ps
	Offending '((((pcs_tb_top.dut_if.Dout[3] inside {3'b010, 3'b110}) && (pcs_tb_top.dut_if.Dout[2] inside {3'b010, 3'b110})) && (pcs_tb_top.dut_if.Dout[1] inside {3'b010, 3'b110})) && (pcs_tb_top.dut_if.Dout[0] inside {3'b010, 3'b110}))'
Error: "uvm_tb.sv", 2305: pcs_tb_top.AST_ESD1_NONZERO: at time 17532000 ps
[ASSERT/ESD] ESD1: lane(s) not ±2 two cycles after TX_EN fall: got 4b1 @ 17532000
UVM_ERROR uvm_tb.sv(1312) @ 17540000: uvm_test_top.env.sb [SB/SYM] MISMATCH exp=db6 act=5b6 ph=PH_ESD cycle=2186
"uvm_tb.sv", 2372: pcs_tb_top.AST_ESD_EXACTLY2: started at 17516000ps failed at 17548000ps
	Offending '(!((((pcs_tb_top.dut_if.Dout[3] inside {3'b010, 3'b110}) && (pcs_tb_top.dut_if.Dout[2] inside {3'b010, 3'b110})) && (pcs_tb_top.dut_if.Dout[1] inside {3'b010, 3'b110})) && (pcs_tb_top.dut_if.Dout[0] inside {3'b010, 3'b110})))'
Error: "uvm_tb.sv", 2372: pcs_tb_top.AST_ESD_EXACTLY2: at time 17548000 ps
[ASSERT/ORDER] All-±2 output persists after ESD2 (stuck in ESD?) @ 17548000
UVM_ERROR uvm_tb.sv(1312) @ 17556000: uvm_test_top.env.sb [SB/SYM] MISMATCH exp=016 act=196 ph=PH_IDLE cycle=2188
UVM_ERROR uvm_tb.sv(1312) @ 17564000: uvm_test_top.env.sb [SB/SYM] MISMATCH exp=180 act=186 ph=PH_IDLE cycle=2189
UVM_ERROR uvm_tb.sv(1312) @ 17572000: uvm_test_top.env.sb [SB/SYM] MISMATCH exp=582 act=030 ph=PH_IDLE cycle=2190
"uvm_tb.sv", 2275: pcs_tb_top.AST_SDD1_NONZERO: started at 17580000ps failed at 17580000ps
	Offending '((((pcs_tb_top.dut_if.Dout[3] inside {3'b010, 3'b110}) && (pcs_tb_top.dut_if.Dout[2] inside {3'b010, 3'b110})) && (pcs_tb_top.dut_if.Dout[1] inside {3'b010, 3'b110})) && (pcs_tb_top.dut_if.Dout[0] inside {3'b010, 3'b110}))'
Error: "uvm_tb.sv", 2275: pcs_tb_top.AST_SDD1_NONZERO: at time 17580000 ps
[ASSERT/SDD] SDD1: lane(s) not ±2 at TX_EN rise: got 010 @ 17580000
"uvm_tb.sv", 2355: pcs_tb_top.AST_SDD_EXACTLY2: started at 17580000ps failed at 17596000ps
	Offending '(!((((pcs_tb_top.dut_if.Dout[3] inside {3'b010, 3'b110}) && (pcs_tb_top.dut_if.Dout[2] inside {3'b010, 3'b110})) && (pcs_tb_top.dut_if.Dout[1] inside {3'b010, 3'b110})) && (pcs_tb_top.dut_if.Dout[0] inside {3'b010, 3'b110})))'
Error: "uvm_tb.sv", 2355: pcs_tb_top.AST_SDD_EXACTLY2: at time 17596000 ps
[ASSERT/ORDER] All-±2 output persists after SDD2 (stuck in SDD?) @ 17596000
UVM_ERROR uvm_tb.sv(1312) @ 17604000: uvm_test_top.env.sb [SB/SYM] MISMATCH exp=c36 act=030 ph=PH_DATA cycle=2194
UVM_ERROR uvm_tb.sv(1312) @ 17612000: uvm_test_top.env.sb [SB/SYM] MISMATCH exp=f97 act=c78 ph=PH_DATA cycle=2195
UVM_ERROR uvm_tb.sv(1312) @ 17620000: uvm_test_top.env.sb [SB/SYM] MISMATCH exp=1b9 act=008 ph=PH_DATA cycle=2196
UVM_ERROR uvm_tb.sv(1312) @ 17628000: uvm_test_top.env.sb [SB/SYM] MISMATCH exp=c80 act=c17 ph=PH_DATA cycle=2197
UVM_ERROR uvm_tb.sv(1312) @ 17636000: uvm_test_top.env.sb [SB/SYM] MISMATCH exp=c8f act=ff7 ph=PH_DATA cycle=2198
UVM_ERROR uvm_tb.sv(1312) @ 17644000: uvm_test_top.env.sb [SB/SYM] MISMATCH exp=e4a act=ff8 ph=PH_CSR cycle=2199
UVM_ERROR uvm_tb.sv(1312) @ 17652000: uvm_test_top.env.sb [SB/SYM] MISMATCH exp=d89 act=ebe ph=PH_CSR cycle=2200
UVM_ERROR uvm_tb.sv(1312) @ 17660000: uvm_test_top.env.sb [SB/SYM] MISMATCH exp=c96 act=597 ph=PH_ESD cycle=2201
"uvm_tb.sv", 2305: pcs_tb_top.AST_ESD1_NONZERO: started at 17644000ps failed at 17660000ps
	Offending '((((pcs_tb_top.dut_if.Dout[3] inside {3'b010, 3'b110}) && (pcs_tb_top.dut_if.Dout[2] inside {3'b010, 3'b110})) && (pcs_tb_top.dut_if.Dout[1] inside {3'b010, 3'b110})) && (pcs_tb_top.dut_if.Dout[0] inside {3'b010, 3'b110}))'
Error: "uvm_tb.sv", 2305: pcs_tb_top.AST_ESD1_NONZERO: at time 17660000 ps
[ASSERT/ESD] ESD1: lane(s) not ±2 two cycles after TX_EN fall: got 597 @ 17660000
UVM_ERROR uvm_tb.sv(1312) @ 17668000: uvm_test_top.env.sb [SB/SYM] MISMATCH exp=db6 act=592 ph=PH_ESD cycle=2202
"uvm_tb.sv", 2372: pcs_tb_top.AST_ESD_EXACTLY2: started at 17644000ps failed at 17676000ps
	Offending '(!((((pcs_tb_top.dut_if.Dout[3] inside {3'b010, 3'b110}) && (pcs_tb_top.dut_if.Dout[2] inside {3'b010, 3'b110})) && (pcs_tb_top.dut_if.Dout[1] inside {3'b010, 3'b110})) && (pcs_tb_top.dut_if.Dout[0] inside {3'b010, 3'b110})))'
Error: "uvm_tb.sv", 2372: pcs_tb_top.AST_ESD_EXACTLY2: at time 17676000 ps
[ASSERT/ORDER] All-±2 output persists after ESD2 (stuck in ESD?) @ 17676000
"uvm_tb.sv", 2355: pcs_tb_top.AST_SDD_EXACTLY2: started at 17676000ps failed at 17692000ps
	Offending '(!((((pcs_tb_top.dut_if.Dout[3] inside {3'b010, 3'b110}) && (pcs_tb_top.dut_if.Dout[2] inside {3'b010, 3'b110})) && (pcs_tb_top.dut_if.Dout[1] inside {3'b010, 3'b110})) && (pcs_tb_top.dut_if.Dout[0] inside {3'b010, 3'b110})))'
Error: "uvm_tb.sv", 2355: pcs_tb_top.AST_SDD_EXACTLY2: at time 17692000 ps
[ASSERT/ORDER] All-±2 output persists after SDD2 (stuck in SDD?) @ 17692000
UVM_ERROR uvm_tb.sv(1312) @ 17700000: uvm_test_top.env.sb [SB/SYM] MISMATCH exp=c00 act=096 ph=PH_DATA cycle=2206
UVM_ERROR uvm_tb.sv(1312) @ 17708000: uvm_test_top.env.sb [SB/SYM] MISMATCH exp=fbe act=f8e ph=PH_DATA cycle=2207
UVM_ERROR uvm_tb.sv(1312) @ 17716000: uvm_test_top.env.sb [SB/SYM] MISMATCH exp=1d6 act=1d1 ph=PH_DATA cycle=2208
UVM_ERROR uvm_tb.sv(1312) @ 17724000: uvm_test_top.env.sb [SB/SYM] MISMATCH exp=c80 act=d81 ph=PH_CSR cycle=2209
UVM_ERROR uvm_tb.sv(1312) @ 17732000: uvm_test_top.env.sb [SB/SYM] MISMATCH exp=2b6 act=592 ph=PH_CSR cycle=2210
UVM_ERROR uvm_tb.sv(1312) @ 17740000: uvm_test_top.env.sb [SB/SYM] MISMATCH exp=d89 act=d96 ph=PH_ESD cycle=2211
UVM_ERROR uvm_tb.sv(1312) @ 17748000: uvm_test_top.env.sb [SB/SYM] MISMATCH exp=db6 act=492 ph=PH_ESD cycle=2212
"uvm_tb.sv", 2372: pcs_tb_top.AST_ESD_EXACTLY2: started at 17724000ps failed at 17756000ps
	Offending '(!((((pcs_tb_top.dut_if.Dout[3] inside {3'b010, 3'b110}) && (pcs_tb_top.dut_if.Dout[2] inside {3'b010, 3'b110})) && (pcs_tb_top.dut_if.Dout[1] inside {3'b010, 3'b110})) && (pcs_tb_top.dut_if.Dout[0] inside {3'b010, 3'b110})))'
Error: "uvm_tb.sv", 2372: pcs_tb_top.AST_ESD_EXACTLY2: at time 17756000 ps
[ASSERT/ORDER] All-±2 output persists after ESD2 (stuck in ESD?) @ 17756000
"uvm_tb.sv", 2355: pcs_tb_top.AST_SDD_EXACTLY2: started at 17748000ps failed at 17764000ps
	Offending '(!((((pcs_tb_top.dut_if.Dout[3] inside {3'b010, 3'b110}) && (pcs_tb_top.dut_if.Dout[2] inside {3'b010, 3'b110})) && (pcs_tb_top.dut_if.Dout[1] inside {3'b010, 3'b110})) && (pcs_tb_top.dut_if.Dout[0] inside {3'b010, 3'b110})))'
Error: "uvm_tb.sv", 2355: pcs_tb_top.AST_SDD_EXACTLY2: at time 17764000 ps
[ASSERT/ORDER] All-±2 output persists after SDD2 (stuck in SDD?) @ 17764000
UVM_ERROR uvm_tb.sv(1312) @ 17780000: uvm_test_top.env.sb [SB/SYM] MISMATCH exp=c48 act=c7a ph=PH_IDLE cycle=2216
UVM_ERROR uvm_tb.sv(1312) @ 17788000: uvm_test_top.env.sb [SB/SYM] MISMATCH exp=5f7 act=1d1 ph=PH_IDLE cycle=2217
UVM_ERROR uvm_tb.sv(1312) @ 17796000: uvm_test_top.env.sb [SB/SYM] MISMATCH exp=ff0 act=e51 ph=PH_IDLE cycle=2218
UVM_ERROR uvm_tb.sv(1312) @ 17804000: uvm_test_top.env.sb [SB/SYM] MISMATCH exp=23e act=e88 ph=PH_IDLE cycle=2219
UVM_ERROR uvm_tb.sv(1312) @ 17812000: uvm_test_top.env.sb [SB/SYM] MISMATCH exp=00a act=08a ph=PH_IDLE cycle=2220
UVM_ERROR uvm_tb.sv(1312) @ 17820000: uvm_test_top.env.sb [SB/SYM] MISMATCH exp=208 act=e38 ph=PH_IDLE cycle=2221
UVM_ERROR uvm_tb.sv(1312) @ 17828000: uvm_test_top.env.sb [SB/SYM] MISMATCH exp=cb1 act=d96 ph=PH_IDLE cycle=2222
UVM_ERROR uvm_tb.sv(1312) @ 17836000: uvm_test_top.env.sb [SB/SYM] MISMATCH exp=d89 act=d96 ph=PH_IDLE cycle=2223
UVM_ERROR uvm_tb.sv(1312) @ 17844000: uvm_test_top.env.sb [SB/SYM] MISMATCH exp=db6 act=d92 ph=PH_IDLE cycle=2224
"uvm_tb.sv", 2372: pcs_tb_top.AST_ESD_EXACTLY2: started at 17820000ps failed at 17852000ps
	Offending '(!((((pcs_tb_top.dut_if.Dout[3] inside {3'b010, 3'b110}) && (pcs_tb_top.dut_if.Dout[2] inside {3'b010, 3'b110})) && (pcs_tb_top.dut_if.Dout[1] inside {3'b010, 3'b110})) && (pcs_tb_top.dut_if.Dout[0] inside {3'b010, 3'b110})))'
Error: "uvm_tb.sv", 2372: pcs_tb_top.AST_ESD_EXACTLY2: at time 17852000 ps
[ASSERT/ORDER] All-±2 output persists after ESD2 (stuck in ESD?) @ 17852000
UVM_ERROR uvm_tb.sv(1312) @ 17860000: uvm_test_top.env.sb [SB/SYM] MISMATCH exp=0b6 act=0b0 ph=PH_IDLE cycle=2226
UVM_ERROR uvm_tb.sv(1312) @ 17868000: uvm_test_top.env.sb [SB/SYM] MISMATCH exp=000 act=080 ph=PH_IDLE cycle=2227
UVM_ERROR uvm_tb.sv(1312) @ 17876000: uvm_test_top.env.sb [SB/SYM] MISMATCH exp=400 act=016 ph=PH_IDLE cycle=2228
"uvm_tb.sv", 2275: pcs_tb_top.AST_SDD1_NONZERO: started at 17884000ps failed at 17884000ps
	Offending '((((pcs_tb_top.dut_if.Dout[3] inside {3'b010, 3'b110}) && (pcs_tb_top.dut_if.Dout[2] inside {3'b010, 3'b110})) && (pcs_tb_top.dut_if.Dout[1] inside {3'b010, 3'b110})) && (pcs_tb_top.dut_if.Dout[0] inside {3'b010, 3'b110}))'
Error: "uvm_tb.sv", 2275: pcs_tb_top.AST_SDD1_NONZERO: at time 17884000 ps
[ASSERT/SDD] SDD1: lane(s) not ±2 at TX_EN rise: got 0b2 @ 17884000
"uvm_tb.sv", 2355: pcs_tb_top.AST_SDD_EXACTLY2: started at 17884000ps failed at 17900000ps
	Offending '(!((((pcs_tb_top.dut_if.Dout[3] inside {3'b010, 3'b110}) && (pcs_tb_top.dut_if.Dout[2] inside {3'b010, 3'b110})) && (pcs_tb_top.dut_if.Dout[1] inside {3'b010, 3'b110})) && (pcs_tb_top.dut_if.Dout[0] inside {3'b010, 3'b110})))'
Error: "uvm_tb.sv", 2355: pcs_tb_top.AST_SDD_EXACTLY2: at time 17900000 ps
[ASSERT/ORDER] All-±2 output persists after SDD2 (stuck in SDD?) @ 17900000
UVM_ERROR uvm_tb.sv(1312) @ 17908000: uvm_test_top.env.sb [SB/SYM] MISMATCH exp=1b0 act=036 ph=PH_DATA cycle=2232
UVM_ERROR uvm_tb.sv(1312) @ 17916000: uvm_test_top.env.sb [SB/SYM] MISMATCH exp=dc1 act=c41 ph=PH_DATA cycle=2233
UVM_ERROR uvm_tb.sv(1312) @ 17932000: uvm_test_top.env.sb [SB/SYM] MISMATCH exp=04f act=079 ph=PH_CSR cycle=2235
UVM_ERROR uvm_tb.sv(1312) @ 17940000: uvm_test_top.env.sb [SB/SYM] MISMATCH exp=c8e act=5f2 ph=PH_CSR cycle=2236
UVM_ERROR uvm_tb.sv(1312) @ 17948000: uvm_test_top.env.sb [SB/SYM] MISMATCH exp=d89 act=4b7 ph=PH_ESD cycle=2237
"uvm_tb.sv", 2305: pcs_tb_top.AST_ESD1_NONZERO: started at 17932000ps failed at 17948000ps
	Offending '((((pcs_tb_top.dut_if.Dout[3] inside {3'b010, 3'b110}) && (pcs_tb_top.dut_if.Dout[2] inside {3'b010, 3'b110})) && (pcs_tb_top.dut_if.Dout[1] inside {3'b010, 3'b110})) && (pcs_tb_top.dut_if.Dout[0] inside {3'b010, 3'b110}))'
Error: "uvm_tb.sv", 2305: pcs_tb_top.AST_ESD1_NONZERO: at time 17948000 ps
[ASSERT/ESD] ESD1: lane(s) not ±2 two cycles after TX_EN fall: got 4b7 @ 17948000
UVM_ERROR uvm_tb.sv(1312) @ 17956000: uvm_test_top.env.sb [SB/SYM] MISMATCH exp=db6 act=c92 ph=PH_ESD cycle=2238
"uvm_tb.sv", 2372: pcs_tb_top.AST_ESD_EXACTLY2: started at 17932000ps failed at 17964000ps
	Offending '(!((((pcs_tb_top.dut_if.Dout[3] inside {3'b010, 3'b110}) && (pcs_tb_top.dut_if.Dout[2] inside {3'b010, 3'b110})) && (pcs_tb_top.dut_if.Dout[1] inside {3'b010, 3'b110})) && (pcs_tb_top.dut_if.Dout[0] inside {3'b010, 3'b110})))'
Error: "uvm_tb.sv", 2372: pcs_tb_top.AST_ESD_EXACTLY2: at time 17964000 ps
[ASSERT/ORDER] All-±2 output persists after ESD2 (stuck in ESD?) @ 17964000
UVM_ERROR uvm_tb.sv(1312) @ 17972000: uvm_test_top.env.sb [SB/SYM] MISMATCH exp=036 act=180 ph=PH_IDLE cycle=2240
UVM_ERROR uvm_tb.sv(1312) @ 17980000: uvm_test_top.env.sb [SB/SYM] MISMATCH exp=d80 act=002 ph=PH_IDLE cycle=2241
UVM_ERROR uvm_tb.sv(1312) @ 17988000: uvm_test_top.env.sb [SB/SYM] MISMATCH exp=016 act=090 ph=PH_IDLE cycle=2242
UVM_ERROR uvm_tb.sv(1312) @ 17996000: uvm_test_top.env.sb [SB/SYM] MISMATCH exp=480 act=030 ph=PH_SDD cycle=2243
"uvm_tb.sv", 2275: pcs_tb_top.AST_SDD1_NONZERO: started at 17996000ps failed at 17996000ps
	Offending '((((pcs_tb_top.dut_if.Dout[3] inside {3'b010, 3'b110}) && (pcs_tb_top.dut_if.Dout[2] inside {3'b010, 3'b110})) && (pcs_tb_top.dut_if.Dout[1] inside {3'b010, 3'b110})) && (pcs_tb_top.dut_if.Dout[0] inside {3'b010, 3'b110}))'
Error: "uvm_tb.sv", 2275: pcs_tb_top.AST_SDD1_NONZERO: at time 17996000 ps
[ASSERT/SDD] SDD1: lane(s) not ±2 at TX_EN rise: got 030 @ 17996000
"uvm_tb.sv", 2355: pcs_tb_top.AST_SDD_EXACTLY2: started at 17996000ps failed at 18012000ps
	Offending '(!((((pcs_tb_top.dut_if.Dout[3] inside {3'b010, 3'b110}) && (pcs_tb_top.dut_if.Dout[2] inside {3'b010, 3'b110})) && (pcs_tb_top.dut_if.Dout[1] inside {3'b010, 3'b110})) && (pcs_tb_top.dut_if.Dout[0] inside {3'b010, 3'b110})))'
Error: "uvm_tb.sv", 2355: pcs_tb_top.AST_SDD_EXACTLY2: at time 18012000 ps
[ASSERT/ORDER] All-±2 output persists after SDD2 (stuck in SDD?) @ 18012000
UVM_ERROR uvm_tb.sv(1312) @ 18020000: uvm_test_top.env.sb [SB/SYM] MISMATCH exp=186 act=180 ph=PH_DATA cycle=2246
UVM_ERROR uvm_tb.sv(1312) @ 18028000: uvm_test_top.env.sb [SB/SYM] MISMATCH exp=e50 act=c3f ph=PH_CSR cycle=2247
UVM_ERROR uvm_tb.sv(1312) @ 18044000: uvm_test_top.env.sb [SB/SYM] MISMATCH exp=d89 act=db2 ph=PH_ESD cycle=2249
UVM_ERROR uvm_tb.sv(1312) @ 18052000: uvm_test_top.env.sb [SB/SYM] MISMATCH exp=db6 act=c92 ph=PH_ESD cycle=2250
"uvm_tb.sv", 2372: pcs_tb_top.AST_ESD_EXACTLY2: started at 18028000ps failed at 18060000ps
	Offending '(!((((pcs_tb_top.dut_if.Dout[3] inside {3'b010, 3'b110}) && (pcs_tb_top.dut_if.Dout[2] inside {3'b010, 3'b110})) && (pcs_tb_top.dut_if.Dout[1] inside {3'b010, 3'b110})) && (pcs_tb_top.dut_if.Dout[0] inside {3'b010, 3'b110})))'
Error: "uvm_tb.sv", 2372: pcs_tb_top.AST_ESD_EXACTLY2: at time 18060000 ps
[ASSERT/ORDER] All-±2 output persists after ESD2 (stuck in ESD?) @ 18060000
UVM_ERROR uvm_tb.sv(1312) @ 18068000: uvm_test_top.env.sb [SB/SYM] MISMATCH exp=c12 act=190 ph=PH_IDLE cycle=2252
UVM_ERROR uvm_tb.sv(1312) @ 18076000: uvm_test_top.env.sb [SB/SYM] MISMATCH exp=180 act=000 ph=PH_IDLE cycle=2253
UVM_ERROR uvm_tb.sv(1312) @ 18084000: uvm_test_top.env.sb [SB/SYM] MISMATCH exp=d82 act=192 ph=PH_IDLE cycle=2254
UVM_ERROR uvm_tb.sv(1312) @ 18092000: uvm_test_top.env.sb [SB/SYM] MISMATCH exp=030 act=0b0 ph=PH_IDLE cycle=2255
UVM_ERROR uvm_tb.sv(1312) @ 18100000: uvm_test_top.env.sb [SB/SYM] MISMATCH exp=090 act=002 ph=PH_SDD cycle=2256
"uvm_tb.sv", 2275: pcs_tb_top.AST_SDD1_NONZERO: started at 18100000ps failed at 18100000ps
	Offending '((((pcs_tb_top.dut_if.Dout[3] inside {3'b010, 3'b110}) && (pcs_tb_top.dut_if.Dout[2] inside {3'b010, 3'b110})) && (pcs_tb_top.dut_if.Dout[1] inside {3'b010, 3'b110})) && (pcs_tb_top.dut_if.Dout[0] inside {3'b010, 3'b110}))'
Error: "uvm_tb.sv", 2275: pcs_tb_top.AST_SDD1_NONZERO: at time 18100000 ps
[ASSERT/SDD] SDD1: lane(s) not ±2 at TX_EN rise: got 002 @ 18100000
"uvm_tb.sv", 2355: pcs_tb_top.AST_SDD_EXACTLY2: started at 18100000ps failed at 18116000ps
	Offending '(!((((pcs_tb_top.dut_if.Dout[3] inside {3'b010, 3'b110}) && (pcs_tb_top.dut_if.Dout[2] inside {3'b010, 3'b110})) && (pcs_tb_top.dut_if.Dout[1] inside {3'b010, 3'b110})) && (pcs_tb_top.dut_if.Dout[0] inside {3'b010, 3'b110})))'
Error: "uvm_tb.sv", 2355: pcs_tb_top.AST_SDD_EXACTLY2: at time 18116000 ps
[ASSERT/ORDER] All-±2 output persists after SDD2 (stuck in SDD?) @ 18116000
UVM_ERROR uvm_tb.sv(1312) @ 18124000: uvm_test_top.env.sb [SB/SYM] MISMATCH exp=032 act=1b0 ph=PH_DATA cycle=2259
UVM_ERROR uvm_tb.sv(1312) @ 18132000: uvm_test_top.env.sb [SB/SYM] MISMATCH exp=47a act=1fa ph=PH_DATA cycle=2260
UVM_ERROR uvm_tb.sv(1312) @ 18140000: uvm_test_top.env.sb [SB/SYM] MISMATCH exp=c16 act=091 ph=PH_DATA cycle=2261
UVM_ERROR uvm_tb.sv(1312) @ 18148000: uvm_test_top.env.sb [SB/SYM] MISMATCH exp=286 act=c4e ph=PH_CSR cycle=2262
UVM_ERROR uvm_tb.sv(1312) @ 18156000: uvm_test_top.env.sb [SB/SYM] MISMATCH exp=38e act=492 ph=PH_CSR cycle=2263
UVM_ERROR uvm_tb.sv(1312) @ 18172000: uvm_test_top.env.sb [SB/SYM] MISMATCH exp=db6 act=592 ph=PH_ESD cycle=2265
"uvm_tb.sv", 2372: pcs_tb_top.AST_ESD_EXACTLY2: started at 18148000ps failed at 18180000ps
	Offending '(!((((pcs_tb_top.dut_if.Dout[3] inside {3'b010, 3'b110}) && (pcs_tb_top.dut_if.Dout[2] inside {3'b010, 3'b110})) && (pcs_tb_top.dut_if.Dout[1] inside {3'b010, 3'b110})) && (pcs_tb_top.dut_if.Dout[0] inside {3'b010, 3'b110})))'
Error: "uvm_tb.sv", 2372: pcs_tb_top.AST_ESD_EXACTLY2: at time 18180000 ps
[ASSERT/ORDER] All-±2 output persists after ESD2 (stuck in ESD?) @ 18180000
"uvm_tb.sv", 2355: pcs_tb_top.AST_SDD_EXACTLY2: started at 18172000ps failed at 18188000ps
	Offending '(!((((pcs_tb_top.dut_if.Dout[3] inside {3'b010, 3'b110}) && (pcs_tb_top.dut_if.Dout[2] inside {3'b010, 3'b110})) && (pcs_tb_top.dut_if.Dout[1] inside {3'b010, 3'b110})) && (pcs_tb_top.dut_if.Dout[0] inside {3'b010, 3'b110})))'
Error: "uvm_tb.sv", 2355: pcs_tb_top.AST_SDD_EXACTLY2: at time 18188000 ps
[ASSERT/ORDER] All-±2 output persists after SDD2 (stuck in SDD?) @ 18188000
UVM_ERROR uvm_tb.sv(1312) @ 18204000: uvm_test_top.env.sb [SB/SYM] MISMATCH exp=4b6 act=582 ph=PH_IDLE cycle=2269
UVM_ERROR uvm_tb.sv(1312) @ 18212000: uvm_test_top.env.sb [SB/SYM] MISMATCH exp=211 act=291 ph=PH_IDLE cycle=2270
UVM_ERROR uvm_tb.sv(1312) @ 18220000: uvm_test_top.env.sb [SB/SYM] MISMATCH exp=3b1 act=e8a ph=PH_IDLE cycle=2271
UVM_ERROR uvm_tb.sv(1312) @ 18228000: uvm_test_top.env.sb [SB/SYM] MISMATCH exp=c96 act=497 ph=PH_IDLE cycle=2272
"uvm_tb.sv", 2305: pcs_tb_top.AST_ESD1_NONZERO: started at 18212000ps failed at 18228000ps
	Offending '((((pcs_tb_top.dut_if.Dout[3] inside {3'b010, 3'b110}) && (pcs_tb_top.dut_if.Dout[2] inside {3'b010, 3'b110})) && (pcs_tb_top.dut_if.Dout[1] inside {3'b010, 3'b110})) && (pcs_tb_top.dut_if.Dout[0] inside {3'b010, 3'b110}))'
Error: "uvm_tb.sv", 2305: pcs_tb_top.AST_ESD1_NONZERO: at time 18228000 ps
[ASSERT/ESD] ESD1: lane(s) not ±2 two cycles after TX_EN fall: got 497 @ 18228000
UVM_ERROR uvm_tb.sv(1312) @ 18236000: uvm_test_top.env.sb [SB/SYM] MISMATCH exp=db6 act=5b6 ph=PH_SDD cycle=2273
"uvm_tb.sv", 2372: pcs_tb_top.AST_ESD_EXACTLY2: started at 18212000ps failed at 18244000ps
	Offending '(!((((pcs_tb_top.dut_if.Dout[3] inside {3'b010, 3'b110}) && (pcs_tb_top.dut_if.Dout[2] inside {3'b010, 3'b110})) && (pcs_tb_top.dut_if.Dout[1] inside {3'b010, 3'b110})) && (pcs_tb_top.dut_if.Dout[0] inside {3'b010, 3'b110})))'
Error: "uvm_tb.sv", 2372: pcs_tb_top.AST_ESD_EXACTLY2: at time 18244000 ps
[ASSERT/ORDER] All-±2 output persists after ESD2 (stuck in ESD?) @ 18244000
"uvm_tb.sv", 2355: pcs_tb_top.AST_SDD_EXACTLY2: started at 18236000ps failed at 18252000ps
	Offending '(!((((pcs_tb_top.dut_if.Dout[3] inside {3'b010, 3'b110}) && (pcs_tb_top.dut_if.Dout[2] inside {3'b010, 3'b110})) && (pcs_tb_top.dut_if.Dout[1] inside {3'b010, 3'b110})) && (pcs_tb_top.dut_if.Dout[0] inside {3'b010, 3'b110})))'
Error: "uvm_tb.sv", 2355: pcs_tb_top.AST_SDD_EXACTLY2: at time 18252000 ps
[ASSERT/ORDER] All-±2 output persists after SDD2 (stuck in SDD?) @ 18252000
UVM_ERROR uvm_tb.sv(1312) @ 18268000: uvm_test_top.env.sb [SB/SYM] MISMATCH exp=e76 act=ff6 ph=PH_DATA cycle=2277
UVM_ERROR uvm_tb.sv(1312) @ 18276000: uvm_test_top.env.sb [SB/SYM] MISMATCH exp=200 act=382 ph=PH_DATA cycle=2278
UVM_ERROR uvm_tb.sv(1312) @ 18284000: uvm_test_top.env.sb [SB/SYM] MISMATCH exp=077 act=5f0 ph=PH_DATA cycle=2279
UVM_ERROR uvm_tb.sv(1312) @ 18292000: uvm_test_top.env.sb [SB/SYM] MISMATCH exp=288 act=e39 ph=PH_DATA cycle=2280
UVM_ERROR uvm_tb.sv(1312) @ 18300000: uvm_test_top.env.sb [SB/SYM] MISMATCH exp=449 act=1c9 ph=PH_DATA cycle=2281
UVM_ERROR uvm_tb.sv(1312) @ 18308000: uvm_test_top.env.sb [SB/SYM] MISMATCH exp=1d0 act=1d2 ph=PH_DATA cycle=2282
UVM_ERROR uvm_tb.sv(1312) @ 18316000: uvm_test_top.env.sb [SB/SYM] MISMATCH exp=5ca act=dcf ph=PH_CSR cycle=2283
UVM_ERROR uvm_tb.sv(1312) @ 18324000: uvm_test_top.env.sb [SB/SYM] MISMATCH exp=c96 act=496 ph=PH_CSR cycle=2284
UVM_ERROR uvm_tb.sv(1312) @ 18332000: uvm_test_top.env.sb [SB/SYM] MISMATCH exp=c96 act=db2 ph=PH_ESD cycle=2285
"uvm_tb.sv", 2372: pcs_tb_top.AST_ESD_EXACTLY2: started at 18316000ps failed at 18348000ps
	Offending '(!((((pcs_tb_top.dut_if.Dout[3] inside {3'b010, 3'b110}) && (pcs_tb_top.dut_if.Dout[2] inside {3'b010, 3'b110})) && (pcs_tb_top.dut_if.Dout[1] inside {3'b010, 3'b110})) && (pcs_tb_top.dut_if.Dout[0] inside {3'b010, 3'b110})))'
Error: "uvm_tb.sv", 2372: pcs_tb_top.AST_ESD_EXACTLY2: at time 18348000 ps
[ASSERT/ORDER] All-±2 output persists after ESD2 (stuck in ESD?) @ 18348000
UVM_ERROR uvm_tb.sv(1312) @ 18356000: uvm_test_top.env.sb [SB/SYM] MISMATCH exp=182 act=1b0 ph=PH_IDLE cycle=2288
UVM_ERROR uvm_tb.sv(1312) @ 18364000: uvm_test_top.env.sb [SB/SYM] MISMATCH exp=030 act=0b2 ph=PH_IDLE cycle=2289
UVM_ERROR uvm_tb.sv(1312) @ 18372000: uvm_test_top.env.sb [SB/SYM] MISMATCH exp=c00 act=000 ph=PH_SDD cycle=2290
"uvm_tb.sv", 2275: pcs_tb_top.AST_SDD1_NONZERO: started at 18372000ps failed at 18372000ps
	Offending '((((pcs_tb_top.dut_if.Dout[3] inside {3'b010, 3'b110}) && (pcs_tb_top.dut_if.Dout[2] inside {3'b010, 3'b110})) && (pcs_tb_top.dut_if.Dout[1] inside {3'b010, 3'b110})) && (pcs_tb_top.dut_if.Dout[0] inside {3'b010, 3'b110}))'
Error: "uvm_tb.sv", 2275: pcs_tb_top.AST_SDD1_NONZERO: at time 18372000 ps
[ASSERT/SDD] SDD1: lane(s) not ±2 at TX_EN rise: got 000 @ 18372000
"uvm_tb.sv", 2355: pcs_tb_top.AST_SDD_EXACTLY2: started at 18372000ps failed at 18388000ps
	Offending '(!((((pcs_tb_top.dut_if.Dout[3] inside {3'b010, 3'b110}) && (pcs_tb_top.dut_if.Dout[2] inside {3'b010, 3'b110})) && (pcs_tb_top.dut_if.Dout[1] inside {3'b010, 3'b110})) && (pcs_tb_top.dut_if.Dout[0] inside {3'b010, 3'b110})))'
Error: "uvm_tb.sv", 2355: pcs_tb_top.AST_SDD_EXACTLY2: at time 18388000 ps
[ASSERT/ORDER] All-±2 output persists after SDD2 (stuck in SDD?) @ 18388000
UVM_ERROR uvm_tb.sv(1312) @ 18396000: uvm_test_top.env.sb [SB/SYM] MISMATCH exp=cb2 act=c32 ph=PH_DATA cycle=2293
UVM_ERROR uvm_tb.sv(1312) @ 18404000: uvm_test_top.env.sb [SB/SYM] MISMATCH exp=fc6 act=e46 ph=PH_DATA cycle=2294
UVM_ERROR uvm_tb.sv(1312) @ 18412000: uvm_test_top.env.sb [SB/SYM] MISMATCH exp=407 act=431 ph=PH_DATA cycle=2295
UVM_ERROR uvm_tb.sv(1312) @ 18420000: uvm_test_top.env.sb [SB/SYM] MISMATCH exp=1ce act=2b6 ph=PH_DATA cycle=2296
UVM_ERROR uvm_tb.sv(1312) @ 18428000: uvm_test_top.env.sb [SB/SYM] MISMATCH exp=c12 act=c30 ph=PH_DATA cycle=2297
UVM_ERROR uvm_tb.sv(1312) @ 18436000: uvm_test_top.env.sb [SB/SYM] MISMATCH exp=3d2 act=ff1 ph=PH_DATA cycle=2298
UVM_ERROR uvm_tb.sv(1312) @ 18444000: uvm_test_top.env.sb [SB/SYM] MISMATCH exp=f90 act=04e ph=PH_CSR cycle=2299
UVM_ERROR uvm_tb.sv(1312) @ 18452000: uvm_test_top.env.sb [SB/SYM] MISMATCH exp=38e act=d92 ph=PH_CSR cycle=2300
UVM_ERROR uvm_tb.sv(1312) @ 18460000: uvm_test_top.env.sb [SB/SYM] MISMATCH exp=c96 act=cb2 ph=PH_ESD cycle=2301
UVM_ERROR uvm_tb.sv(1312) @ 18468000: uvm_test_top.env.sb [SB/SYM] MISMATCH exp=db6 act=cb2 ph=PH_ESD cycle=2302
"uvm_tb.sv", 2372: pcs_tb_top.AST_ESD_EXACTLY2: started at 18444000ps failed at 18476000ps
	Offending '(!((((pcs_tb_top.dut_if.Dout[3] inside {3'b010, 3'b110}) && (pcs_tb_top.dut_if.Dout[2] inside {3'b010, 3'b110})) && (pcs_tb_top.dut_if.Dout[1] inside {3'b010, 3'b110})) && (pcs_tb_top.dut_if.Dout[0] inside {3'b010, 3'b110})))'
Error: "uvm_tb.sv", 2372: pcs_tb_top.AST_ESD_EXACTLY2: at time 18476000 ps
[ASSERT/ORDER] All-±2 output persists after ESD2 (stuck in ESD?) @ 18476000
"uvm_tb.sv", 2355: pcs_tb_top.AST_SDD_EXACTLY2: started at 18468000ps failed at 18484000ps
	Offending '(!((((pcs_tb_top.dut_if.Dout[3] inside {3'b010, 3'b110}) && (pcs_tb_top.dut_if.Dout[2] inside {3'b010, 3'b110})) && (pcs_tb_top.dut_if.Dout[1] inside {3'b010, 3'b110})) && (pcs_tb_top.dut_if.Dout[0] inside {3'b010, 3'b110})))'
Error: "uvm_tb.sv", 2355: pcs_tb_top.AST_SDD_EXACTLY2: at time 18484000 ps
[ASSERT/ORDER] All-±2 output persists after SDD2 (stuck in SDD?) @ 18484000
UVM_ERROR uvm_tb.sv(1312) @ 18500000: uvm_test_top.env.sb [SB/SYM] MISMATCH exp=090 act=c02 ph=PH_IDLE cycle=2306
UVM_ERROR uvm_tb.sv(1312) @ 18508000: uvm_test_top.env.sb [SB/SYM] MISMATCH exp=db6 act=d91 ph=PH_IDLE cycle=2307
UVM_ERROR uvm_tb.sv(1312) @ 18516000: uvm_test_top.env.sb [SB/SYM] MISMATCH exp=c96 act=db6 ph=PH_IDLE cycle=2308
"uvm_tb.sv", 2372: pcs_tb_top.AST_ESD_EXACTLY2: started at 18500000ps failed at 18532000ps
	Offending '(!((((pcs_tb_top.dut_if.Dout[3] inside {3'b010, 3'b110}) && (pcs_tb_top.dut_if.Dout[2] inside {3'b010, 3'b110})) && (pcs_tb_top.dut_if.Dout[1] inside {3'b010, 3'b110})) && (pcs_tb_top.dut_if.Dout[0] inside {3'b010, 3'b110})))'
Error: "uvm_tb.sv", 2372: pcs_tb_top.AST_ESD_EXACTLY2: at time 18532000 ps
[ASSERT/ORDER] All-±2 output persists after ESD2 (stuck in ESD?) @ 18532000
UVM_ERROR uvm_tb.sv(1312) @ 18540000: uvm_test_top.env.sb [SB/SYM] MISMATCH exp=410 act=012 ph=PH_IDLE cycle=2311
UVM_ERROR uvm_tb.sv(1312) @ 18548000: uvm_test_top.env.sb [SB/SYM] MISMATCH exp=482 act=080 ph=PH_IDLE cycle=2312
UVM_ERROR uvm_tb.sv(1312) @ 18556000: uvm_test_top.env.sb [SB/SYM] MISMATCH exp=010 act=000 ph=PH_IDLE cycle=2313
UVM_ERROR uvm_tb.sv(1312) @ 18564000: uvm_test_top.env.sb [SB/SYM] MISMATCH exp=000 act=1b2 ph=PH_IDLE cycle=2314
UVM_ERROR uvm_tb.sv(1312) @ 18572000: uvm_test_top.env.sb [SB/SYM] MISMATCH exp=0b2 act=000 ph=PH_SDD cycle=2315
"uvm_tb.sv", 2275: pcs_tb_top.AST_SDD1_NONZERO: started at 18572000ps failed at 18572000ps
	Offending '((((pcs_tb_top.dut_if.Dout[3] inside {3'b010, 3'b110}) && (pcs_tb_top.dut_if.Dout[2] inside {3'b010, 3'b110})) && (pcs_tb_top.dut_if.Dout[1] inside {3'b010, 3'b110})) && (pcs_tb_top.dut_if.Dout[0] inside {3'b010, 3'b110}))'
Error: "uvm_tb.sv", 2275: pcs_tb_top.AST_SDD1_NONZERO: at time 18572000 ps
[ASSERT/SDD] SDD1: lane(s) not ±2 at TX_EN rise: got 000 @ 18572000
"uvm_tb.sv", 2355: pcs_tb_top.AST_SDD_EXACTLY2: started at 18572000ps failed at 18588000ps
	Offending '(!((((pcs_tb_top.dut_if.Dout[3] inside {3'b010, 3'b110}) && (pcs_tb_top.dut_if.Dout[2] inside {3'b010, 3'b110})) && (pcs_tb_top.dut_if.Dout[1] inside {3'b010, 3'b110})) && (pcs_tb_top.dut_if.Dout[0] inside {3'b010, 3'b110})))'
Error: "uvm_tb.sv", 2355: pcs_tb_top.AST_SDD_EXACTLY2: at time 18588000 ps
[ASSERT/ORDER] All-±2 output persists after SDD2 (stuck in SDD?) @ 18588000
UVM_ERROR uvm_tb.sv(1312) @ 18596000: uvm_test_top.env.sb [SB/SYM] MISMATCH exp=d82 act=db0 ph=PH_DATA cycle=2318
UVM_ERROR uvm_tb.sv(1312) @ 18604000: uvm_test_top.env.sb [SB/SYM] MISMATCH exp=cbf act=3c2 ph=PH_DATA cycle=2319
UVM_ERROR uvm_tb.sv(1312) @ 18612000: uvm_test_top.env.sb [SB/SYM] MISMATCH exp=dff act=1c8 ph=PH_DATA cycle=2320
UVM_ERROR uvm_tb.sv(1312) @ 18620000: uvm_test_top.env.sb [SB/SYM] MISMATCH exp=3ba act=ebe ph=PH_DATA cycle=2321
UVM_ERROR uvm_tb.sv(1312) @ 18628000: uvm_test_top.env.sb [SB/SYM] MISMATCH exp=40f act=1b8 ph=PH_DATA cycle=2322
UVM_ERROR uvm_tb.sv(1312) @ 18636000: uvm_test_top.env.sb [SB/SYM] MISMATCH exp=011 act=0b1 ph=PH_DATA cycle=2323
UVM_ERROR uvm_tb.sv(1312) @ 18644000: uvm_test_top.env.sb [SB/SYM] MISMATCH exp=000 act=086 ph=PH_DATA cycle=2324
UVM_ERROR uvm_tb.sv(1312) @ 18652000: uvm_test_top.env.sb [SB/SYM] MISMATCH exp=c47 act=1d1 ph=PH_CSR cycle=2325
UVM_ERROR uvm_tb.sv(1312) @ 18660000: uvm_test_top.env.sb [SB/SYM] MISMATCH exp=3b1 act=28a ph=PH_CSR cycle=2326
UVM_ERROR uvm_tb.sv(1312) @ 18668000: uvm_test_top.env.sb [SB/SYM] MISMATCH exp=c96 act=491 ph=PH_ESD cycle=2327
"uvm_tb.sv", 2305: pcs_tb_top.AST_ESD1_NONZERO: started at 18652000ps failed at 18668000ps
	Offending '((((pcs_tb_top.dut_if.Dout[3] inside {3'b010, 3'b110}) && (pcs_tb_top.dut_if.Dout[2] inside {3'b010, 3'b110})) && (pcs_tb_top.dut_if.Dout[1] inside {3'b010, 3'b110})) && (pcs_tb_top.dut_if.Dout[0] inside {3'b010, 3'b110}))'
Error: "uvm_tb.sv", 2305: pcs_tb_top.AST_ESD1_NONZERO: at time 18668000 ps
[ASSERT/ESD] ESD1: lane(s) not ±2 two cycles after TX_EN fall: got 491 @ 18668000
"uvm_tb.sv", 2372: pcs_tb_top.AST_ESD_EXACTLY2: started at 18652000ps failed at 18684000ps
	Offending '(!((((pcs_tb_top.dut_if.Dout[3] inside {3'b010, 3'b110}) && (pcs_tb_top.dut_if.Dout[2] inside {3'b010, 3'b110})) && (pcs_tb_top.dut_if.Dout[1] inside {3'b010, 3'b110})) && (pcs_tb_top.dut_if.Dout[0] inside {3'b010, 3'b110})))'
Error: "uvm_tb.sv", 2372: pcs_tb_top.AST_ESD_EXACTLY2: at time 18684000 ps
[ASSERT/ORDER] All-±2 output persists after ESD2 (stuck in ESD?) @ 18684000
"uvm_tb.sv", 2355: pcs_tb_top.AST_SDD_EXACTLY2: started at 18676000ps failed at 18692000ps
	Offending '(!((((pcs_tb_top.dut_if.Dout[3] inside {3'b010, 3'b110}) && (pcs_tb_top.dut_if.Dout[2] inside {3'b010, 3'b110})) && (pcs_tb_top.dut_if.Dout[1] inside {3'b010, 3'b110})) && (pcs_tb_top.dut_if.Dout[0] inside {3'b010, 3'b110})))'
Error: "uvm_tb.sv", 2355: pcs_tb_top.AST_SDD_EXACTLY2: at time 18692000 ps
[ASSERT/ORDER] All-±2 output persists after SDD2 (stuck in SDD?) @ 18692000
UVM_ERROR uvm_tb.sv(1312) @ 18708000: uvm_test_top.env.sb [SB/SYM] MISMATCH exp=078 act=1fa ph=PH_IDLE cycle=2332
UVM_ERROR uvm_tb.sv(1312) @ 18716000: uvm_test_top.env.sb [SB/SYM] MISMATCH exp=1d1 act=041 ph=PH_IDLE cycle=2333
UVM_ERROR uvm_tb.sv(1312) @ 18724000: uvm_test_top.env.sb [SB/SYM] MISMATCH exp=3b1 act=d96 ph=PH_IDLE cycle=2334
UVM_ERROR uvm_tb.sv(1312) @ 18732000: uvm_test_top.env.sb [SB/SYM] MISMATCH exp=c96 act=db2 ph=PH_IDLE cycle=2335
UVM_ERROR uvm_tb.sv(1312) @ 18740000: uvm_test_top.env.sb [SB/SYM] MISMATCH exp=db6 act=d96 ph=PH_IDLE cycle=2336
"uvm_tb.sv", 2372: pcs_tb_top.AST_ESD_EXACTLY2: started at 18716000ps failed at 18748000ps
	Offending '(!((((pcs_tb_top.dut_if.Dout[3] inside {3'b010, 3'b110}) && (pcs_tb_top.dut_if.Dout[2] inside {3'b010, 3'b110})) && (pcs_tb_top.dut_if.Dout[1] inside {3'b010, 3'b110})) && (pcs_tb_top.dut_if.Dout[0] inside {3'b010, 3'b110})))'
Error: "uvm_tb.sv", 2372: pcs_tb_top.AST_ESD_EXACTLY2: at time 18748000 ps
[ASSERT/ORDER] All-±2 output persists after ESD2 (stuck in ESD?) @ 18748000
UVM_ERROR uvm_tb.sv(1312) @ 18756000: uvm_test_top.env.sb [SB/SYM] MISMATCH exp=000 act=096 ph=PH_IDLE cycle=2338
UVM_ERROR uvm_tb.sv(1312) @ 18764000: uvm_test_top.env.sb [SB/SYM] MISMATCH exp=5b6 act=180 ph=PH_IDLE cycle=2339
UVM_ERROR uvm_tb.sv(1312) @ 18772000: uvm_test_top.env.sb [SB/SYM] MISMATCH exp=190 act=012 ph=PH_IDLE cycle=2340
"uvm_tb.sv", 2275: pcs_tb_top.AST_SDD1_NONZERO: started at 18780000ps failed at 18780000ps
	Offending '((((pcs_tb_top.dut_if.Dout[3] inside {3'b010, 3'b110}) && (pcs_tb_top.dut_if.Dout[2] inside {3'b010, 3'b110})) && (pcs_tb_top.dut_if.Dout[1] inside {3'b010, 3'b110})) && (pcs_tb_top.dut_if.Dout[0] inside {3'b010, 3'b110}))'
Error: "uvm_tb.sv", 2275: pcs_tb_top.AST_SDD1_NONZERO: at time 18780000 ps
[ASSERT/SDD] SDD1: lane(s) not ±2 at TX_EN rise: got 006 @ 18780000
"uvm_tb.sv", 2355: pcs_tb_top.AST_SDD_EXACTLY2: started at 18780000ps failed at 18796000ps
	Offending '(!((((pcs_tb_top.dut_if.Dout[3] inside {3'b010, 3'b110}) && (pcs_tb_top.dut_if.Dout[2] inside {3'b010, 3'b110})) && (pcs_tb_top.dut_if.Dout[1] inside {3'b010, 3'b110})) && (pcs_tb_top.dut_if.Dout[0] inside {3'b010, 3'b110})))'
Error: "uvm_tb.sv", 2355: pcs_tb_top.AST_SDD_EXACTLY2: at time 18796000 ps
[ASSERT/ORDER] All-±2 output persists after SDD2 (stuck in SDD?) @ 18796000
UVM_ERROR uvm_tb.sv(1312) @ 18804000: uvm_test_top.env.sb [SB/SYM] MISMATCH exp=4b2 act=4b0 ph=PH_DATA cycle=2344
UVM_ERROR uvm_tb.sv(1312) @ 18812000: uvm_test_top.env.sb [SB/SYM] MISMATCH exp=180 act=002 ph=PH_DATA cycle=2345
UVM_ERROR uvm_tb.sv(1312) @ 18820000: uvm_test_top.env.sb [SB/SYM] MISMATCH exp=180 act=3ce ph=PH_CSR cycle=2346
UVM_ERROR uvm_tb.sv(1312) @ 18828000: uvm_test_top.env.sb [SB/SYM] MISMATCH exp=c96 act=5b7 ph=PH_CSR cycle=2347
UVM_ERROR uvm_tb.sv(1312) @ 18836000: uvm_test_top.env.sb [SB/SYM] MISMATCH exp=c96 act=cb6 ph=PH_ESD cycle=2348
UVM_ERROR uvm_tb.sv(1312) @ 18844000: uvm_test_top.env.sb [SB/SYM] MISMATCH exp=db6 act=5b2 ph=PH_ESD cycle=2349
"uvm_tb.sv", 2372: pcs_tb_top.AST_ESD_EXACTLY2: started at 18820000ps failed at 18852000ps
	Offending '(!((((pcs_tb_top.dut_if.Dout[3] inside {3'b010, 3'b110}) && (pcs_tb_top.dut_if.Dout[2] inside {3'b010, 3'b110})) && (pcs_tb_top.dut_if.Dout[1] inside {3'b010, 3'b110})) && (pcs_tb_top.dut_if.Dout[0] inside {3'b010, 3'b110})))'
Error: "uvm_tb.sv", 2372: pcs_tb_top.AST_ESD_EXACTLY2: at time 18852000 ps
[ASSERT/ORDER] All-±2 output persists after ESD2 (stuck in ESD?) @ 18852000
UVM_ERROR uvm_tb.sv(1312) @ 18860000: uvm_test_top.env.sb [SB/SYM] MISMATCH exp=c00 act=002 ph=PH_IDLE cycle=2351
UVM_ERROR uvm_tb.sv(1312) @ 18868000: uvm_test_top.env.sb [SB/SYM] MISMATCH exp=082 act=0b0 ph=PH_IDLE cycle=2352
UVM_ERROR uvm_tb.sv(1312) @ 18876000: uvm_test_top.env.sb [SB/SYM] MISMATCH exp=430 act=036 ph=PH_SDD cycle=2353
"uvm_tb.sv", 2275: pcs_tb_top.AST_SDD1_NONZERO: started at 18876000ps failed at 18876000ps
	Offending '((((pcs_tb_top.dut_if.Dout[3] inside {3'b010, 3'b110}) && (pcs_tb_top.dut_if.Dout[2] inside {3'b010, 3'b110})) && (pcs_tb_top.dut_if.Dout[1] inside {3'b010, 3'b110})) && (pcs_tb_top.dut_if.Dout[0] inside {3'b010, 3'b110}))'
Error: "uvm_tb.sv", 2275: pcs_tb_top.AST_SDD1_NONZERO: at time 18876000 ps
[ASSERT/SDD] SDD1: lane(s) not ±2 at TX_EN rise: got 036 @ 18876000
"uvm_tb.sv", 2355: pcs_tb_top.AST_SDD_EXACTLY2: started at 18876000ps failed at 18892000ps
	Offending '(!((((pcs_tb_top.dut_if.Dout[3] inside {3'b010, 3'b110}) && (pcs_tb_top.dut_if.Dout[2] inside {3'b010, 3'b110})) && (pcs_tb_top.dut_if.Dout[1] inside {3'b010, 3'b110})) && (pcs_tb_top.dut_if.Dout[0] inside {3'b010, 3'b110})))'
Error: "uvm_tb.sv", 2355: pcs_tb_top.AST_SDD_EXACTLY2: at time 18892000 ps
[ASSERT/ORDER] All-±2 output persists after SDD2 (stuck in SDD?) @ 18892000
UVM_ERROR uvm_tb.sv(1312) @ 18908000: uvm_test_top.env.sb [SB/SYM] MISMATCH exp=df1 act=df7 ph=PH_DATA cycle=2357
UVM_ERROR uvm_tb.sv(1312) @ 18916000: uvm_test_top.env.sb [SB/SYM] MISMATCH exp=042 act=38e ph=PH_DATA cycle=2358
UVM_ERROR uvm_tb.sv(1312) @ 18924000: uvm_test_top.env.sb [SB/SYM] MISMATCH exp=f88 act=072 ph=PH_DATA cycle=2359
UVM_ERROR uvm_tb.sv(1312) @ 18932000: uvm_test_top.env.sb [SB/SYM] MISMATCH exp=0b2 act=400 ph=PH_DATA cycle=2360
UVM_ERROR uvm_tb.sv(1312) @ 18940000: uvm_test_top.env.sb [SB/SYM] MISMATCH exp=246 act=08f ph=PH_CSR cycle=2361
UVM_ERROR uvm_tb.sv(1312) @ 18948000: uvm_test_top.env.sb [SB/SYM] MISMATCH exp=cb1 act=df2 ph=PH_CSR cycle=2362
UVM_ERROR uvm_tb.sv(1312) @ 18956000: uvm_test_top.env.sb [SB/SYM] MISMATCH exp=d89 act=db7 ph=PH_ESD cycle=2363
"uvm_tb.sv", 2305: pcs_tb_top.AST_ESD1_NONZERO: started at 18940000ps failed at 18956000ps
	Offending '((((pcs_tb_top.dut_if.Dout[3] inside {3'b010, 3'b110}) && (pcs_tb_top.dut_if.Dout[2] inside {3'b010, 3'b110})) && (pcs_tb_top.dut_if.Dout[1] inside {3'b010, 3'b110})) && (pcs_tb_top.dut_if.Dout[0] inside {3'b010, 3'b110}))'
Error: "uvm_tb.sv", 2305: pcs_tb_top.AST_ESD1_NONZERO: at time 18956000 ps
[ASSERT/ESD] ESD1: lane(s) not ±2 two cycles after TX_EN fall: got db7 @ 18956000
UVM_ERROR uvm_tb.sv(1312) @ 18964000: uvm_test_top.env.sb [SB/SYM] MISMATCH exp=db6 act=596 ph=PH_ESD cycle=2364
"uvm_tb.sv", 2372: pcs_tb_top.AST_ESD_EXACTLY2: started at 18940000ps failed at 18972000ps
	Offending '(!((((pcs_tb_top.dut_if.Dout[3] inside {3'b010, 3'b110}) && (pcs_tb_top.dut_if.Dout[2] inside {3'b010, 3'b110})) && (pcs_tb_top.dut_if.Dout[1] inside {3'b010, 3'b110})) && (pcs_tb_top.dut_if.Dout[0] inside {3'b010, 3'b110})))'
Error: "uvm_tb.sv", 2372: pcs_tb_top.AST_ESD_EXACTLY2: at time 18972000 ps
[ASSERT/ORDER] All-±2 output persists after ESD2 (stuck in ESD?) @ 18972000
"uvm_tb.sv", 2355: pcs_tb_top.AST_SDD_EXACTLY2: started at 18972000ps failed at 18988000ps
	Offending '(!((((pcs_tb_top.dut_if.Dout[3] inside {3'b010, 3'b110}) && (pcs_tb_top.dut_if.Dout[2] inside {3'b010, 3'b110})) && (pcs_tb_top.dut_if.Dout[1] inside {3'b010, 3'b110})) && (pcs_tb_top.dut_if.Dout[0] inside {3'b010, 3'b110})))'
Error: "uvm_tb.sv", 2355: pcs_tb_top.AST_SDD_EXACTLY2: at time 18988000 ps
[ASSERT/ORDER] All-±2 output persists after SDD2 (stuck in SDD?) @ 18988000
UVM_ERROR uvm_tb.sv(1312) @ 18996000: uvm_test_top.env.sb [SB/SYM] MISMATCH exp=400 act=592 ph=PH_DATA cycle=2368
UVM_ERROR uvm_tb.sv(1312) @ 19004000: uvm_test_top.env.sb [SB/SYM] MISMATCH exp=e70 act=c0f ph=PH_DATA cycle=2369
UVM_ERROR uvm_tb.sv(1312) @ 19012000: uvm_test_top.env.sb [SB/SYM] MISMATCH exp=e4a act=d90 ph=PH_DATA cycle=2370
UVM_ERROR uvm_tb.sv(1312) @ 19020000: uvm_test_top.env.sb [SB/SYM] MISMATCH exp=1f8 act=04f ph=PH_DATA cycle=2371
UVM_ERROR uvm_tb.sv(1312) @ 19028000: uvm_test_top.env.sb [SB/SYM] MISMATCH exp=5f1 act=c46 ph=PH_DATA cycle=2372
UVM_ERROR uvm_tb.sv(1312) @ 19036000: uvm_test_top.env.sb [SB/SYM] MISMATCH exp=449 act=1c8 ph=PH_DATA cycle=2373
UVM_ERROR uvm_tb.sv(1312) @ 19044000: uvm_test_top.env.sb [SB/SYM] MISMATCH exp=481 act=036 ph=PH_DATA cycle=2374
UVM_ERROR uvm_tb.sv(1312) @ 19052000: uvm_test_top.env.sb [SB/SYM] MISMATCH exp=c8a act=250 ph=PH_CSR cycle=2375
UVM_ERROR uvm_tb.sv(1312) @ 19060000: uvm_test_top.env.sb [SB/SYM] MISMATCH exp=38e act=f8e ph=PH_CSR cycle=2376
UVM_ERROR uvm_tb.sv(1312) @ 19068000: uvm_test_top.env.sb [SB/SYM] MISMATCH exp=c96 act=d97 ph=PH_ESD cycle=2377
"uvm_tb.sv", 2305: pcs_tb_top.AST_ESD1_NONZERO: started at 19052000ps failed at 19068000ps
	Offending '((((pcs_tb_top.dut_if.Dout[3] inside {3'b010, 3'b110}) && (pcs_tb_top.dut_if.Dout[2] inside {3'b010, 3'b110})) && (pcs_tb_top.dut_if.Dout[1] inside {3'b010, 3'b110})) && (pcs_tb_top.dut_if.Dout[0] inside {3'b010, 3'b110}))'
Error: "uvm_tb.sv", 2305: pcs_tb_top.AST_ESD1_NONZERO: at time 19068000 ps
[ASSERT/ESD] ESD1: lane(s) not ±2 two cycles after TX_EN fall: got d97 @ 19068000
UVM_ERROR uvm_tb.sv(1312) @ 19076000: uvm_test_top.env.sb [SB/SYM] MISMATCH exp=db6 act=c92 ph=PH_ESD cycle=2378
"uvm_tb.sv", 2372: pcs_tb_top.AST_ESD_EXACTLY2: started at 19052000ps failed at 19084000ps
	Offending '(!((((pcs_tb_top.dut_if.Dout[3] inside {3'b010, 3'b110}) && (pcs_tb_top.dut_if.Dout[2] inside {3'b010, 3'b110})) && (pcs_tb_top.dut_if.Dout[1] inside {3'b010, 3'b110})) && (pcs_tb_top.dut_if.Dout[0] inside {3'b010, 3'b110})))'
Error: "uvm_tb.sv", 2372: pcs_tb_top.AST_ESD_EXACTLY2: at time 19084000 ps
[ASSERT/ORDER] All-±2 output persists after ESD2 (stuck in ESD?) @ 19084000
UVM_ERROR uvm_tb.sv(1312) @ 19092000: uvm_test_top.env.sb [SB/SYM] MISMATCH exp=010 act=000 ph=PH_IDLE cycle=2380
"uvm_tb.sv", 2275: pcs_tb_top.AST_SDD1_NONZERO: started at 19100000ps failed at 19100000ps
	Offending '((((pcs_tb_top.dut_if.Dout[3] inside {3'b010, 3'b110}) && (pcs_tb_top.dut_if.Dout[2] inside {3'b010, 3'b110})) && (pcs_tb_top.dut_if.Dout[1] inside {3'b010, 3'b110})) && (pcs_tb_top.dut_if.Dout[0] inside {3'b010, 3'b110}))'
Error: "uvm_tb.sv", 2275: pcs_tb_top.AST_SDD1_NONZERO: at time 19100000 ps
[ASSERT/SDD] SDD1: lane(s) not ±2 at TX_EN rise: got 086 @ 19100000
"uvm_tb.sv", 2355: pcs_tb_top.AST_SDD_EXACTLY2: started at 19100000ps failed at 19116000ps
	Offending '(!((((pcs_tb_top.dut_if.Dout[3] inside {3'b010, 3'b110}) && (pcs_tb_top.dut_if.Dout[2] inside {3'b010, 3'b110})) && (pcs_tb_top.dut_if.Dout[1] inside {3'b010, 3'b110})) && (pcs_tb_top.dut_if.Dout[0] inside {3'b010, 3'b110})))'
Error: "uvm_tb.sv", 2355: pcs_tb_top.AST_SDD_EXACTLY2: at time 19116000 ps
[ASSERT/ORDER] All-±2 output persists after SDD2 (stuck in SDD?) @ 19116000
UVM_ERROR uvm_tb.sv(1312) @ 19124000: uvm_test_top.env.sb [SB/SYM] MISMATCH exp=5b6 act=000 ph=PH_DATA cycle=2384
UVM_ERROR uvm_tb.sv(1312) @ 19132000: uvm_test_top.env.sb [SB/SYM] MISMATCH exp=201 act=397 ph=PH_DATA cycle=2385
UVM_ERROR uvm_tb.sv(1312) @ 19140000: uvm_test_top.env.sb [SB/SYM] MISMATCH exp=057 act=041 ph=PH_DATA cycle=2386
UVM_ERROR uvm_tb.sv(1312) @ 19148000: uvm_test_top.env.sb [SB/SYM] MISMATCH exp=e97 act=281 ph=PH_DATA cycle=2387
UVM_ERROR uvm_tb.sv(1312) @ 19156000: uvm_test_top.env.sb [SB/SYM] MISMATCH exp=257 act=3d0 ph=PH_DATA cycle=2388
UVM_ERROR uvm_tb.sv(1312) @ 19164000: uvm_test_top.env.sb [SB/SYM] MISMATCH exp=090 act=081 ph=PH_DATA cycle=2389
UVM_ERROR uvm_tb.sv(1312) @ 19172000: uvm_test_top.env.sb [SB/SYM] MISMATCH exp=272 act=589 ph=PH_CSR cycle=2390
UVM_ERROR uvm_tb.sv(1312) @ 19180000: uvm_test_top.env.sb [SB/SYM] MISMATCH exp=c96 act=ebe ph=PH_CSR cycle=2391
UVM_ERROR uvm_tb.sv(1312) @ 19188000: uvm_test_top.env.sb [SB/SYM] MISMATCH exp=c96 act=5b1 ph=PH_ESD cycle=2392
"uvm_tb.sv", 2305: pcs_tb_top.AST_ESD1_NONZERO: started at 19172000ps failed at 19188000ps
	Offending '((((pcs_tb_top.dut_if.Dout[3] inside {3'b010, 3'b110}) && (pcs_tb_top.dut_if.Dout[2] inside {3'b010, 3'b110})) && (pcs_tb_top.dut_if.Dout[1] inside {3'b010, 3'b110})) && (pcs_tb_top.dut_if.Dout[0] inside {3'b010, 3'b110}))'
Error: "uvm_tb.sv", 2305: pcs_tb_top.AST_ESD1_NONZERO: at time 19188000 ps
[ASSERT/ESD] ESD1: lane(s) not ±2 two cycles after TX_EN fall: got 5b1 @ 19188000
"uvm_tb.sv", 2372: pcs_tb_top.AST_ESD_EXACTLY2: started at 19172000ps failed at 19204000ps
	Offending '(!((((pcs_tb_top.dut_if.Dout[3] inside {3'b010, 3'b110}) && (pcs_tb_top.dut_if.Dout[2] inside {3'b010, 3'b110})) && (pcs_tb_top.dut_if.Dout[1] inside {3'b010, 3'b110})) && (pcs_tb_top.dut_if.Dout[0] inside {3'b010, 3'b110})))'
Error: "uvm_tb.sv", 2372: pcs_tb_top.AST_ESD_EXACTLY2: at time 19204000 ps
[ASSERT/ORDER] All-±2 output persists after ESD2 (stuck in ESD?) @ 19204000
UVM_ERROR uvm_tb.sv(1312) @ 19212000: uvm_test_top.env.sb [SB/SYM] MISMATCH exp=cb0 act=080 ph=PH_IDLE cycle=2395
UVM_ERROR uvm_tb.sv(1312) @ 19220000: uvm_test_top.env.sb [SB/SYM] MISMATCH exp=010 act=016 ph=PH_SDD cycle=2396
"uvm_tb.sv", 2275: pcs_tb_top.AST_SDD1_NONZERO: started at 19220000ps failed at 19220000ps
	Offending '((((pcs_tb_top.dut_if.Dout[3] inside {3'b010, 3'b110}) && (pcs_tb_top.dut_if.Dout[2] inside {3'b010, 3'b110})) && (pcs_tb_top.dut_if.Dout[1] inside {3'b010, 3'b110})) && (pcs_tb_top.dut_if.Dout[0] inside {3'b010, 3'b110}))'
Error: "uvm_tb.sv", 2275: pcs_tb_top.AST_SDD1_NONZERO: at time 19220000 ps
[ASSERT/SDD] SDD1: lane(s) not ±2 at TX_EN rise: got 016 @ 19220000
"uvm_tb.sv", 2355: pcs_tb_top.AST_SDD_EXACTLY2: started at 19220000ps failed at 19236000ps
	Offending '(!((((pcs_tb_top.dut_if.Dout[3] inside {3'b010, 3'b110}) && (pcs_tb_top.dut_if.Dout[2] inside {3'b010, 3'b110})) && (pcs_tb_top.dut_if.Dout[1] inside {3'b010, 3'b110})) && (pcs_tb_top.dut_if.Dout[0] inside {3'b010, 3'b110})))'
Error: "uvm_tb.sv", 2355: pcs_tb_top.AST_SDD_EXACTLY2: at time 19236000 ps
[ASSERT/ORDER] All-±2 output persists after SDD2 (stuck in SDD?) @ 19236000
UVM_ERROR uvm_tb.sv(1312) @ 19244000: uvm_test_top.env.sb [SB/SYM] MISMATCH exp=1b2 act=032 ph=PH_CSR cycle=2399
UVM_ERROR uvm_tb.sv(1312) @ 19268000: uvm_test_top.env.sb [SB/SYM] MISMATCH exp=db6 act=cb2 ph=PH_ESD cycle=2402
"uvm_tb.sv", 2372: pcs_tb_top.AST_ESD_EXACTLY2: started at 19244000ps failed at 19276000ps
	Offending '(!((((pcs_tb_top.dut_if.Dout[3] inside {3'b010, 3'b110}) && (pcs_tb_top.dut_if.Dout[2] inside {3'b010, 3'b110})) && (pcs_tb_top.dut_if.Dout[1] inside {3'b010, 3'b110})) && (pcs_tb_top.dut_if.Dout[0] inside {3'b010, 3'b110})))'
Error: "uvm_tb.sv", 2372: pcs_tb_top.AST_ESD_EXACTLY2: at time 19276000 ps
[ASSERT/ORDER] All-±2 output persists after ESD2 (stuck in ESD?) @ 19276000
UVM_ERROR uvm_tb.sv(1312) @ 19284000: uvm_test_top.env.sb [SB/SYM] MISMATCH exp=400 act=086 ph=PH_IDLE cycle=2404
UVM_ERROR uvm_tb.sv(1312) @ 19300000: uvm_test_top.env.sb [SB/SYM] MISMATCH exp=010 act=000 ph=PH_IDLE cycle=2406
UVM_ERROR uvm_tb.sv(1312) @ 19308000: uvm_test_top.env.sb [SB/SYM] MISMATCH exp=186 act=000 ph=PH_SDD cycle=2407
"uvm_tb.sv", 2275: pcs_tb_top.AST_SDD1_NONZERO: started at 19308000ps failed at 19308000ps
	Offending '((((pcs_tb_top.dut_if.Dout[3] inside {3'b010, 3'b110}) && (pcs_tb_top.dut_if.Dout[2] inside {3'b010, 3'b110})) && (pcs_tb_top.dut_if.Dout[1] inside {3'b010, 3'b110})) && (pcs_tb_top.dut_if.Dout[0] inside {3'b010, 3'b110}))'
Error: "uvm_tb.sv", 2275: pcs_tb_top.AST_SDD1_NONZERO: at time 19308000 ps
[ASSERT/SDD] SDD1: lane(s) not ±2 at TX_EN rise: got 000 @ 19308000
"uvm_tb.sv", 2355: pcs_tb_top.AST_SDD_EXACTLY2: started at 19308000ps failed at 19324000ps
	Offending '(!((((pcs_tb_top.dut_if.Dout[3] inside {3'b010, 3'b110}) && (pcs_tb_top.dut_if.Dout[2] inside {3'b010, 3'b110})) && (pcs_tb_top.dut_if.Dout[1] inside {3'b010, 3'b110})) && (pcs_tb_top.dut_if.Dout[0] inside {3'b010, 3'b110})))'
Error: "uvm_tb.sv", 2355: pcs_tb_top.AST_SDD_EXACTLY2: at time 19324000 ps
[ASSERT/ORDER] All-±2 output persists after SDD2 (stuck in SDD?) @ 19324000
UVM_ERROR uvm_tb.sv(1312) @ 19332000: uvm_test_top.env.sb [SB/SYM] MISMATCH exp=0b0 act=082 ph=PH_DATA cycle=2410
UVM_ERROR uvm_tb.sv(1312) @ 19340000: uvm_test_top.env.sb [SB/SYM] MISMATCH exp=3b1 act=dca ph=PH_DATA cycle=2411
UVM_ERROR uvm_tb.sv(1312) @ 19348000: uvm_test_top.env.sb [SB/SYM] MISMATCH exp=432 act=0b7 ph=PH_DATA cycle=2412
UVM_ERROR uvm_tb.sv(1312) @ 19356000: uvm_test_top.env.sb [SB/SYM] MISMATCH exp=452 act=c42 ph=PH_DATA cycle=2413
UVM_ERROR uvm_tb.sv(1312) @ 19364000: uvm_test_top.env.sb [SB/SYM] MISMATCH exp=038 act=089 ph=PH_DATA cycle=2414
UVM_ERROR uvm_tb.sv(1312) @ 19372000: uvm_test_top.env.sb [SB/SYM] MISMATCH exp=192 act=0b7 ph=PH_DATA cycle=2415
UVM_ERROR uvm_tb.sv(1312) @ 19380000: uvm_test_top.env.sb [SB/SYM] MISMATCH exp=3f7 act=ff6 ph=PH_CSR cycle=2416
UVM_ERROR uvm_tb.sv(1312) @ 19388000: uvm_test_top.env.sb [SB/SYM] MISMATCH exp=d89 act=db6 ph=PH_CSR cycle=2417
UVM_ERROR uvm_tb.sv(1312) @ 19396000: uvm_test_top.env.sb [SB/SYM] MISMATCH exp=c96 act=492 ph=PH_ESD cycle=2418
UVM_ERROR uvm_tb.sv(1312) @ 19404000: uvm_test_top.env.sb [SB/SYM] MISMATCH exp=db6 act=4b6 ph=PH_ESD cycle=2419
"uvm_tb.sv", 2372: pcs_tb_top.AST_ESD_EXACTLY2: started at 19380000ps failed at 19412000ps
	Offending '(!((((pcs_tb_top.dut_if.Dout[3] inside {3'b010, 3'b110}) && (pcs_tb_top.dut_if.Dout[2] inside {3'b010, 3'b110})) && (pcs_tb_top.dut_if.Dout[1] inside {3'b010, 3'b110})) && (pcs_tb_top.dut_if.Dout[0] inside {3'b010, 3'b110})))'
Error: "uvm_tb.sv", 2372: pcs_tb_top.AST_ESD_EXACTLY2: at time 19412000 ps
[ASSERT/ORDER] All-±2 output persists after ESD2 (stuck in ESD?) @ 19412000
UVM_ERROR uvm_tb.sv(1312) @ 19420000: uvm_test_top.env.sb [SB/SYM] MISMATCH exp=c80 act=002 ph=PH_IDLE cycle=2421
UVM_ERROR uvm_tb.sv(1312) @ 19428000: uvm_test_top.env.sb [SB/SYM] MISMATCH exp=410 act=190 ph=PH_SDD cycle=2422
"uvm_tb.sv", 2275: pcs_tb_top.AST_SDD1_NONZERO: started at 19428000ps failed at 19428000ps
	Offending '((((pcs_tb_top.dut_if.Dout[3] inside {3'b010, 3'b110}) && (pcs_tb_top.dut_if.Dout[2] inside {3'b010, 3'b110})) && (pcs_tb_top.dut_if.Dout[1] inside {3'b010, 3'b110})) && (pcs_tb_top.dut_if.Dout[0] inside {3'b010, 3'b110}))'
Error: "uvm_tb.sv", 2275: pcs_tb_top.AST_SDD1_NONZERO: at time 19428000 ps
[ASSERT/SDD] SDD1: lane(s) not ±2 at TX_EN rise: got 190 @ 19428000
"uvm_tb.sv", 2355: pcs_tb_top.AST_SDD_EXACTLY2: started at 19428000ps failed at 19444000ps
	Offending '(!((((pcs_tb_top.dut_if.Dout[3] inside {3'b010, 3'b110}) && (pcs_tb_top.dut_if.Dout[2] inside {3'b010, 3'b110})) && (pcs_tb_top.dut_if.Dout[1] inside {3'b010, 3'b110})) && (pcs_tb_top.dut_if.Dout[0] inside {3'b010, 3'b110})))'
Error: "uvm_tb.sv", 2355: pcs_tb_top.AST_SDD_EXACTLY2: at time 19444000 ps
[ASSERT/ORDER] All-±2 output persists after SDD2 (stuck in SDD?) @ 19444000
UVM_ERROR uvm_tb.sv(1312) @ 19452000: uvm_test_top.env.sb [SB/SYM] MISMATCH exp=182 act=002 ph=PH_CSR cycle=2425
UVM_ERROR uvm_tb.sv(1312) @ 19476000: uvm_test_top.env.sb [SB/SYM] MISMATCH exp=db6 act=4b2 ph=PH_ESD cycle=2428
"uvm_tb.sv", 2372: pcs_tb_top.AST_ESD_EXACTLY2: started at 19452000ps failed at 19484000ps
	Offending '(!((((pcs_tb_top.dut_if.Dout[3] inside {3'b010, 3'b110}) && (pcs_tb_top.dut_if.Dout[2] inside {3'b010, 3'b110})) && (pcs_tb_top.dut_if.Dout[1] inside {3'b010, 3'b110})) && (pcs_tb_top.dut_if.Dout[0] inside {3'b010, 3'b110})))'
Error: "uvm_tb.sv", 2372: pcs_tb_top.AST_ESD_EXACTLY2: at time 19484000 ps
[ASSERT/ORDER] All-±2 output persists after ESD2 (stuck in ESD?) @ 19484000
UVM_ERROR uvm_tb.sv(1312) @ 19492000: uvm_test_top.env.sb [SB/SYM] MISMATCH exp=012 act=010 ph=PH_IDLE cycle=2430
UVM_ERROR uvm_tb.sv(1312) @ 19500000: uvm_test_top.env.sb [SB/SYM] MISMATCH exp=180 act=000 ph=PH_IDLE cycle=2431
UVM_ERROR uvm_tb.sv(1312) @ 19508000: uvm_test_top.env.sb [SB/SYM] MISMATCH exp=000 act=196 ph=PH_IDLE cycle=2432
UVM_ERROR uvm_tb.sv(1312) @ 19516000: uvm_test_top.env.sb [SB/SYM] MISMATCH exp=596 act=180 ph=PH_IDLE cycle=2433
"uvm_tb.sv", 2275: pcs_tb_top.AST_SDD1_NONZERO: started at 19524000ps failed at 19524000ps
	Offending '((((pcs_tb_top.dut_if.Dout[3] inside {3'b010, 3'b110}) && (pcs_tb_top.dut_if.Dout[2] inside {3'b010, 3'b110})) && (pcs_tb_top.dut_if.Dout[1] inside {3'b010, 3'b110})) && (pcs_tb_top.dut_if.Dout[0] inside {3'b010, 3'b110}))'
Error: "uvm_tb.sv", 2275: pcs_tb_top.AST_SDD1_NONZERO: at time 19524000 ps
[ASSERT/SDD] SDD1: lane(s) not ±2 at TX_EN rise: got 032 @ 19524000
"uvm_tb.sv", 2355: pcs_tb_top.AST_SDD_EXACTLY2: started at 19524000ps failed at 19540000ps
	Offending '(!((((pcs_tb_top.dut_if.Dout[3] inside {3'b010, 3'b110}) && (pcs_tb_top.dut_if.Dout[2] inside {3'b010, 3'b110})) && (pcs_tb_top.dut_if.Dout[1] inside {3'b010, 3'b110})) && (pcs_tb_top.dut_if.Dout[0] inside {3'b010, 3'b110})))'
Error: "uvm_tb.sv", 2355: pcs_tb_top.AST_SDD_EXACTLY2: at time 19540000 ps
[ASSERT/ORDER] All-±2 output persists after SDD2 (stuck in SDD?) @ 19540000
UVM_ERROR uvm_tb.sv(1312) @ 19548000: uvm_test_top.env.sb [SB/SYM] MISMATCH exp=036 act=0b0 ph=PH_DATA cycle=2437
UVM_ERROR uvm_tb.sv(1312) @ 19556000: uvm_test_top.env.sb [SB/SYM] MISMATCH exp=246 act=1b9 ph=PH_DATA cycle=2438
UVM_ERROR uvm_tb.sv(1312) @ 19564000: uvm_test_top.env.sb [SB/SYM] MISMATCH exp=c0e act=c08 ph=PH_DATA cycle=2439
UVM_ERROR uvm_tb.sv(1312) @ 19572000: uvm_test_top.env.sb [SB/SYM] MISMATCH exp=191 act=080 ph=PH_CSR cycle=2440
UVM_ERROR uvm_tb.sv(1312) @ 19580000: uvm_test_top.env.sb [SB/SYM] MISMATCH exp=38e act=597 ph=PH_CSR cycle=2441
UVM_ERROR uvm_tb.sv(1312) @ 19588000: uvm_test_top.env.sb [SB/SYM] MISMATCH exp=c96 act=4b6 ph=PH_ESD cycle=2442
UVM_ERROR uvm_tb.sv(1312) @ 19596000: uvm_test_top.env.sb [SB/SYM] MISMATCH exp=db6 act=496 ph=PH_ESD cycle=2443
"uvm_tb.sv", 2372: pcs_tb_top.AST_ESD_EXACTLY2: started at 19572000ps failed at 19604000ps
	Offending '(!((((pcs_tb_top.dut_if.Dout[3] inside {3'b010, 3'b110}) && (pcs_tb_top.dut_if.Dout[2] inside {3'b010, 3'b110})) && (pcs_tb_top.dut_if.Dout[1] inside {3'b010, 3'b110})) && (pcs_tb_top.dut_if.Dout[0] inside {3'b010, 3'b110})))'
Error: "uvm_tb.sv", 2372: pcs_tb_top.AST_ESD_EXACTLY2: at time 19604000 ps
[ASSERT/ORDER] All-±2 output persists after ESD2 (stuck in ESD?) @ 19604000
UVM_ERROR uvm_tb.sv(1312) @ 19612000: uvm_test_top.env.sb [SB/SYM] MISMATCH exp=412 act=090 ph=PH_IDLE cycle=2445
UVM_ERROR uvm_tb.sv(1312) @ 19620000: uvm_test_top.env.sb [SB/SYM] MISMATCH exp=4b2 act=002 ph=PH_IDLE cycle=2446
UVM_ERROR uvm_tb.sv(1312) @ 19628000: uvm_test_top.env.sb [SB/SYM] MISMATCH exp=400 act=000 ph=PH_SDD cycle=2447
"uvm_tb.sv", 2275: pcs_tb_top.AST_SDD1_NONZERO: started at 19628000ps failed at 19628000ps
	Offending '((((pcs_tb_top.dut_if.Dout[3] inside {3'b010, 3'b110}) && (pcs_tb_top.dut_if.Dout[2] inside {3'b010, 3'b110})) && (pcs_tb_top.dut_if.Dout[1] inside {3'b010, 3'b110})) && (pcs_tb_top.dut_if.Dout[0] inside {3'b010, 3'b110}))'
Error: "uvm_tb.sv", 2275: pcs_tb_top.AST_SDD1_NONZERO: at time 19628000 ps
[ASSERT/SDD] SDD1: lane(s) not ±2 at TX_EN rise: got 000 @ 19628000
"uvm_tb.sv", 2355: pcs_tb_top.AST_SDD_EXACTLY2: started at 19628000ps failed at 19644000ps
	Offending '(!((((pcs_tb_top.dut_if.Dout[3] inside {3'b010, 3'b110}) && (pcs_tb_top.dut_if.Dout[2] inside {3'b010, 3'b110})) && (pcs_tb_top.dut_if.Dout[1] inside {3'b010, 3'b110})) && (pcs_tb_top.dut_if.Dout[0] inside {3'b010, 3'b110})))'
Error: "uvm_tb.sv", 2355: pcs_tb_top.AST_SDD_EXACTLY2: at time 19644000 ps
[ASSERT/ORDER] All-±2 output persists after SDD2 (stuck in SDD?) @ 19644000
UVM_ERROR uvm_tb.sv(1312) @ 19652000: uvm_test_top.env.sb [SB/SYM] MISMATCH exp=032 act=080 ph=PH_DATA cycle=2450
UVM_ERROR uvm_tb.sv(1312) @ 19660000: uvm_test_top.env.sb [SB/SYM] MISMATCH exp=1d7 act=047 ph=PH_DATA cycle=2451
UVM_ERROR uvm_tb.sv(1312) @ 19668000: uvm_test_top.env.sb [SB/SYM] MISMATCH exp=181 act=016 ph=PH_DATA cycle=2452
UVM_ERROR uvm_tb.sv(1312) @ 19676000: uvm_test_top.env.sb [SB/SYM] MISMATCH exp=481 act=097 ph=PH_DATA cycle=2453
UVM_ERROR uvm_tb.sv(1312) @ 19684000: uvm_test_top.env.sb [SB/SYM] MISMATCH exp=1fa act=07f ph=PH_CSR cycle=2454
UVM_ERROR uvm_tb.sv(1312) @ 19700000: uvm_test_top.env.sb [SB/SYM] MISMATCH exp=d89 act=496 ph=PH_ESD cycle=2456
UVM_ERROR uvm_tb.sv(1312) @ 19708000: uvm_test_top.env.sb [SB/SYM] MISMATCH exp=db6 act=cb6 ph=PH_ESD cycle=2457
"uvm_tb.sv", 2372: pcs_tb_top.AST_ESD_EXACTLY2: started at 19684000ps failed at 19716000ps
	Offending '(!((((pcs_tb_top.dut_if.Dout[3] inside {3'b010, 3'b110}) && (pcs_tb_top.dut_if.Dout[2] inside {3'b010, 3'b110})) && (pcs_tb_top.dut_if.Dout[1] inside {3'b010, 3'b110})) && (pcs_tb_top.dut_if.Dout[0] inside {3'b010, 3'b110})))'
Error: "uvm_tb.sv", 2372: pcs_tb_top.AST_ESD_EXACTLY2: at time 19716000 ps
[ASSERT/ORDER] All-±2 output persists after ESD2 (stuck in ESD?) @ 19716000
UVM_ERROR uvm_tb.sv(1312) @ 19724000: uvm_test_top.env.sb [SB/SYM] MISMATCH exp=190 act=010 ph=PH_IDLE cycle=2459
UVM_ERROR uvm_tb.sv(1312) @ 19732000: uvm_test_top.env.sb [SB/SYM] MISMATCH exp=480 act=082 ph=PH_IDLE cycle=2460
UVM_ERROR uvm_tb.sv(1312) @ 19740000: uvm_test_top.env.sb [SB/SYM] MISMATCH exp=012 act=180 ph=PH_IDLE cycle=2461
UVM_ERROR uvm_tb.sv(1312) @ 19748000: uvm_test_top.env.sb [SB/SYM] MISMATCH exp=000 act=016 ph=PH_IDLE cycle=2462
UVM_ERROR uvm_tb.sv(1312) @ 19756000: uvm_test_top.env.sb [SB/SYM] MISMATCH exp=1b2 act=180 ph=PH_SDD cycle=2463
"uvm_tb.sv", 2275: pcs_tb_top.AST_SDD1_NONZERO: started at 19756000ps failed at 19756000ps
	Offending '((((pcs_tb_top.dut_if.Dout[3] inside {3'b010, 3'b110}) && (pcs_tb_top.dut_if.Dout[2] inside {3'b010, 3'b110})) && (pcs_tb_top.dut_if.Dout[1] inside {3'b010, 3'b110})) && (pcs_tb_top.dut_if.Dout[0] inside {3'b010, 3'b110}))'
Error: "uvm_tb.sv", 2275: pcs_tb_top.AST_SDD1_NONZERO: at time 19756000 ps
[ASSERT/SDD] SDD1: lane(s) not ±2 at TX_EN rise: got 180 @ 19756000
"uvm_tb.sv", 2355: pcs_tb_top.AST_SDD_EXACTLY2: started at 19756000ps failed at 19772000ps
	Offending '(!((((pcs_tb_top.dut_if.Dout[3] inside {3'b010, 3'b110}) && (pcs_tb_top.dut_if.Dout[2] inside {3'b010, 3'b110})) && (pcs_tb_top.dut_if.Dout[1] inside {3'b010, 3'b110})) && (pcs_tb_top.dut_if.Dout[0] inside {3'b010, 3'b110})))'
Error: "uvm_tb.sv", 2355: pcs_tb_top.AST_SDD_EXACTLY2: at time 19772000 ps
[ASSERT/ORDER] All-±2 output persists after SDD2 (stuck in SDD?) @ 19772000
UVM_ERROR uvm_tb.sv(1312) @ 19780000: uvm_test_top.env.sb [SB/SYM] MISMATCH exp=006 act=0b6 ph=PH_DATA cycle=2466
UVM_ERROR uvm_tb.sv(1312) @ 19788000: uvm_test_top.env.sb [SB/SYM] MISMATCH exp=016 act=080 ph=PH_DATA cycle=2467
UVM_ERROR uvm_tb.sv(1312) @ 19796000: uvm_test_top.env.sb [SB/SYM] MISMATCH exp=5b6 act=d90 ph=PH_DATA cycle=2468
UVM_ERROR uvm_tb.sv(1312) @ 19804000: uvm_test_top.env.sb [SB/SYM] MISMATCH exp=448 act=47a ph=PH_DATA cycle=2469
UVM_ERROR uvm_tb.sv(1312) @ 19820000: uvm_test_top.env.sb [SB/SYM] MISMATCH exp=3b1 act=db1 ph=PH_CSR cycle=2471
UVM_ERROR uvm_tb.sv(1312) @ 19828000: uvm_test_top.env.sb [SB/SYM] MISMATCH exp=c96 act=492 ph=PH_ESD cycle=2472
UVM_ERROR uvm_tb.sv(1312) @ 19836000: uvm_test_top.env.sb [SB/SYM] MISMATCH exp=db6 act=db2 ph=PH_ESD cycle=2473
"uvm_tb.sv", 2372: pcs_tb_top.AST_ESD_EXACTLY2: started at 19812000ps failed at 19844000ps
	Offending '(!((((pcs_tb_top.dut_if.Dout[3] inside {3'b010, 3'b110}) && (pcs_tb_top.dut_if.Dout[2] inside {3'b010, 3'b110})) && (pcs_tb_top.dut_if.Dout[1] inside {3'b010, 3'b110})) && (pcs_tb_top.dut_if.Dout[0] inside {3'b010, 3'b110})))'
Error: "uvm_tb.sv", 2372: pcs_tb_top.AST_ESD_EXACTLY2: at time 19844000 ps
[ASSERT/ORDER] All-±2 output persists after ESD2 (stuck in ESD?) @ 19844000
"uvm_tb.sv", 2355: pcs_tb_top.AST_SDD_EXACTLY2: started at 19836000ps failed at 19852000ps
	Offending '(!((((pcs_tb_top.dut_if.Dout[3] inside {3'b010, 3'b110}) && (pcs_tb_top.dut_if.Dout[2] inside {3'b010, 3'b110})) && (pcs_tb_top.dut_if.Dout[1] inside {3'b010, 3'b110})) && (pcs_tb_top.dut_if.Dout[0] inside {3'b010, 3'b110})))'
Error: "uvm_tb.sv", 2355: pcs_tb_top.AST_SDD_EXACTLY2: at time 19852000 ps
[ASSERT/ORDER] All-±2 output persists after SDD2 (stuck in SDD?) @ 19852000
UVM_ERROR uvm_tb.sv(1312) @ 19868000: uvm_test_top.env.sb [SB/SYM] MISMATCH exp=f88 act=388 ph=PH_IDLE cycle=2477
UVM_ERROR uvm_tb.sv(1312) @ 19876000: uvm_test_top.env.sb [SB/SYM] MISMATCH exp=fce act=181 ph=PH_IDLE cycle=2478
UVM_ERROR uvm_tb.sv(1312) @ 19884000: uvm_test_top.env.sb [SB/SYM] MISMATCH exp=2b2 act=448 ph=PH_IDLE cycle=2479
UVM_ERROR uvm_tb.sv(1312) @ 19892000: uvm_test_top.env.sb [SB/SYM] MISMATCH exp=041 act=052 ph=PH_IDLE cycle=2480
UVM_ERROR uvm_tb.sv(1312) @ 19900000: uvm_test_top.env.sb [SB/SYM] MISMATCH exp=210 act=207 ph=PH_IDLE cycle=2481
UVM_ERROR uvm_tb.sv(1312) @ 19908000: uvm_test_top.env.sb [SB/SYM] MISMATCH exp=38e act=491 ph=PH_IDLE cycle=2482
UVM_ERROR uvm_tb.sv(1312) @ 19916000: uvm_test_top.env.sb [SB/SYM] MISMATCH exp=c96 act=592 ph=PH_IDLE cycle=2483
UVM_ERROR uvm_tb.sv(1312) @ 19924000: uvm_test_top.env.sb [SB/SYM] MISMATCH exp=db6 act=5b6 ph=PH_IDLE cycle=2484
"uvm_tb.sv", 2372: pcs_tb_top.AST_ESD_EXACTLY2: started at 19900000ps failed at 19932000ps
	Offending '(!((((pcs_tb_top.dut_if.Dout[3] inside {3'b010, 3'b110}) && (pcs_tb_top.dut_if.Dout[2] inside {3'b010, 3'b110})) && (pcs_tb_top.dut_if.Dout[1] inside {3'b010, 3'b110})) && (pcs_tb_top.dut_if.Dout[0] inside {3'b010, 3'b110})))'
Error: "uvm_tb.sv", 2372: pcs_tb_top.AST_ESD_EXACTLY2: at time 19932000 ps
[ASSERT/ORDER] All-±2 output persists after ESD2 (stuck in ESD?) @ 19932000
UVM_ERROR uvm_tb.sv(1312) @ 19940000: uvm_test_top.env.sb [SB/SYM] MISMATCH exp=002 act=080 ph=PH_IDLE cycle=2486
UVM_ERROR uvm_tb.sv(1312) @ 19948000: uvm_test_top.env.sb [SB/SYM] MISMATCH exp=d90 act=002 ph=PH_IDLE cycle=2487
UVM_ERROR uvm_tb.sv(1312) @ 19956000: uvm_test_top.env.sb [SB/SYM] MISMATCH exp=c80 act=0b0 ph=PH_IDLE cycle=2488
UVM_ERROR uvm_tb.sv(1312) @ 19964000: uvm_test_top.env.sb [SB/SYM] MISMATCH exp=012 act=000 ph=PH_IDLE cycle=2489
UVM_ERROR uvm_tb.sv(1312) @ 19972000: uvm_test_top.env.sb [SB/SYM] MISMATCH exp=010 act=192 ph=PH_IDLE cycle=2490
UVM_ERROR uvm_tb.sv(1312) @ 19980000: uvm_test_top.env.sb [SB/SYM] MISMATCH exp=d82 act=182 ph=PH_IDLE cycle=2491
UVM_ERROR uvm_tb.sv(1312) @ 19988000: uvm_test_top.env.sb [SB/SYM] MISMATCH exp=cb0 act=030 ph=PH_IDLE cycle=2492
UVM_ERROR uvm_tb.sv(1312) @ 19996000: uvm_test_top.env.sb [SB/SYM] MISMATCH exp=c06 act=186 ph=PH_IDLE cycle=2493
UVM_ERROR uvm_tb.sv(1312) @ 20004000: uvm_test_top.env.sb [SB/SYM] MISMATCH exp=402 act=030 ph=PH_IDLE cycle=2494
UVM_ERROR uvm_tb.sv(1312) @ 20020000: uvm_test_top.env.sb [SB/SYM] MISMATCH exp=592 act=002 ph=PH_IDLE cycle=2496
UVM_ERROR uvm_tb.sv(1312) @ 20028000: uvm_test_top.env.sb [SB/SYM] MISMATCH exp=c00 act=002 ph=PH_IDLE cycle=2497
UVM_ERROR uvm_tb.sv(1312) @ 20036000: uvm_test_top.env.sb [SB/SYM] MISMATCH exp=c86 act=0b0 ph=PH_IDLE cycle=2498
UVM_ERROR uvm_tb.sv(1312) @ 20044000: uvm_test_top.env.sb [SB/SYM] MISMATCH exp=030 act=080 ph=PH_IDLE cycle=2499
UVM_ERROR uvm_tb.sv(1312) @ 20052000: uvm_test_top.env.sb [SB/SYM] MISMATCH exp=180 act=016 ph=PH_IDLE cycle=2500
UVM_ERROR uvm_tb.sv(1312) @ 20060000: uvm_test_top.env.sb [SB/SYM] MISMATCH exp=412 act=182 ph=PH_IDLE cycle=2501
UVM_ERROR uvm_tb.sv(1312) @ 20068000: uvm_test_top.env.sb [SB/SYM] MISMATCH exp=006 act=030 ph=PH_IDLE cycle=2502
UVM_ERROR uvm_tb.sv(1312) @ 20076000: uvm_test_top.env.sb [SB/SYM] MISMATCH exp=4b0 act=080 ph=PH_IDLE cycle=2503
UVM_ERROR uvm_tb.sv(1312) @ 20084000: uvm_test_top.env.sb [SB/SYM] MISMATCH exp=1b0 act=036 ph=PH_IDLE cycle=2504
UVM_INFO /home/morris/uvm-1.2/src/base/uvm_objection.svh(1270) @ 20092000: reporter [TEST_DONE] 'run' phase is ready to proceed to the 'extract' phase
UVM_INFO uvm_tb.sv(1645) @ 20092000: uvm_test_top.env.cov [COV] ======= COVERAGE =======
UVM_INFO uvm_tb.sv(1647) @ 20092000: uvm_test_top.env.cov [COV]   stream_phase : 100.0%
UVM_INFO uvm_tb.sv(1649) @ 20092000: uvm_test_top.env.cov [COV]   pam5_sym     : 100.0%
UVM_INFO uvm_tb.sv(1651) @ 20092000: uvm_test_top.env.cov [COV]   sign_reversal: 100.0%
UVM_INFO uvm_tb.sv(1653) @ 20092000: uvm_test_top.env.cov [COV]   sdd_pattern  : 100.0%
UVM_INFO uvm_tb.sv(1655) @ 20092000: uvm_test_top.env.cov [COV]   esd_pattern  : 100.0%
UVM_INFO uvm_tb.sv(1657) @ 20092000: uvm_test_top.env.cov [COV]   phase_trans  : 100.0%
UVM_INFO uvm_tb.sv(1660) @ 20092000: uvm_test_top.env.cov [COV]   txen_edges   : 100.0%
UVM_INFO uvm_tb.sv(1662) @ 20092000: uvm_test_top.env.cov [COV]   din_ranges   : 100.0%
UVM_INFO uvm_tb.sv(1664) @ 20092000: uvm_test_top.env.cov [COV]   din7_data    : 100.0%
UVM_INFO uvm_tb.sv(1666) @ 20092000: uvm_test_top.env.cov [COV]   csr_patterns : 62.5%
UVM_INFO uvm_tb.sv(1668) @ 20092000: uvm_test_top.env.cov [COV]   esd_mismatch : 100.0%
UVM_INFO uvm_tb.sv(1670) @ 20092000: uvm_test_top.env.cov [COV]   pkt_length   : 100.0%
UVM_INFO uvm_tb.sv(1672) @ 20092000: uvm_test_top.env.cov [COV]   b2b_trans    : 100.0%
UVM_INFO uvm_tb.sv(1674) @ 20092000: uvm_test_top.env.cov [COV]   txen_x_din7  : 100.0%
UVM_INFO uvm_tb.sv(1676) @ 20092000: uvm_test_top.env.cov [COV] ========================
UVM_INFO uvm_tb.sv(1322) @ 20092000: uvm_test_top.env.sb [SB] ============ SCOREBOARD ============
UVM_INFO uvm_tb.sv(1323) @ 20092000: uvm_test_top.env.sb [SB]   Total   : 2504
UVM_INFO uvm_tb.sv(1324) @ 20092000: uvm_test_top.env.sb [SB]   Passed  : 3119
UVM_INFO uvm_tb.sv(1325) @ 20092000: uvm_test_top.env.sb [SB]   Failed  : 1741
UVM_INFO uvm_tb.sv(1326) @ 20092000: uvm_test_top.env.sb [SB]   PAM5 err: 0
UVM_INFO uvm_tb.sv(1327) @ 20092000: uvm_test_top.env.sb [SB]   Seq  err: 0
UVM_INFO uvm_tb.sv(1328) @ 20092000: uvm_test_top.env.sb [SB]   Sym  err: 1741
UVM_ERROR uvm_tb.sv(1332) @ 20092000: uvm_test_top.env.sb [SB]   *** 1741 FAILURES ***
UVM_INFO uvm_tb.sv(1333) @ 20092000: uvm_test_top.env.sb [SB] ====================================
UVM_INFO /home/morris/uvm-1.2/src/base/uvm_report_server.svh(847) @ 20092000: reporter [UVM/REPORT/SERVER] 
--- UVM Report Summary ---

** Report counts by severity
UVM_INFO :   28
UVM_WARNING :    0
UVM_ERROR : 1742
UVM_FATAL :    0
** Report counts by id
[COV]    16
[RNTST]     1
[SB]     9
[SB/SYM]  1741
[TEST]     1
[TEST_DONE]     1
[UVM/RELNOTES]     1

$finish called from file "/home/morris/uvm-1.2/src/base/uvm_root.svh", line 517.
$finish at simulation time             20092000

---------------------------------------------------------------------------
VCS Coverage Metrics: during simulation line, cond, FSM, branch, tgl was monitored
---------------------------------------------------------------------------

 Coverage status: End of All Coverages ...

           V C S   S i m u l a t i o n   R e p o r t 
Time: 20092000 ps
CPU Time:      0.680 seconds;       Data structure size:   0.3Mb
Mon May 11 15:57:30 2026

========================================================
  SCOREBOARD
========================================================
UVM_INFO uvm_tb.sv(1323) @ 20092000: uvm_test_top.env.sb [SB]   Total   : 2504
UVM_INFO uvm_tb.sv(1324) @ 20092000: uvm_test_top.env.sb [SB]   Passed  : 3119
UVM_INFO uvm_tb.sv(1325) @ 20092000: uvm_test_top.env.sb [SB]   Failed  : 1741
UVM_INFO uvm_tb.sv(1326) @ 20092000: uvm_test_top.env.sb [SB]   PAM5 err: 0
UVM_INFO uvm_tb.sv(1327) @ 20092000: uvm_test_top.env.sb [SB]   Seq  err: 0
UVM_INFO uvm_tb.sv(1328) @ 20092000: uvm_test_top.env.sb [SB]   Sym  err: 1741
UVM_ERROR uvm_tb.sv(1332) @ 20092000: uvm_test_top.env.sb [SB]   *** 1741 FAILURES ***

========================================================
  COVERAGE
========================================================
UVM_INFO uvm_tb.sv(1647) @ 20092000: uvm_test_top.env.cov [COV]   stream_phase : 100.0%
UVM_INFO uvm_tb.sv(1649) @ 20092000: uvm_test_top.env.cov [COV]   pam5_sym     : 100.0%
UVM_INFO uvm_tb.sv(1651) @ 20092000: uvm_test_top.env.cov [COV]   sign_reversal: 100.0%
UVM_INFO uvm_tb.sv(1653) @ 20092000: uvm_test_top.env.cov [COV]   sdd_pattern  : 100.0%
UVM_INFO uvm_tb.sv(1655) @ 20092000: uvm_test_top.env.cov [COV]   esd_pattern  : 100.0%
UVM_INFO uvm_tb.sv(1657) @ 20092000: uvm_test_top.env.cov [COV]   phase_trans  : 100.0%
UVM_INFO uvm_tb.sv(1660) @ 20092000: uvm_test_top.env.cov [COV]   txen_edges   : 100.0%
UVM_INFO uvm_tb.sv(1662) @ 20092000: uvm_test_top.env.cov [COV]   din_ranges   : 100.0%
UVM_INFO uvm_tb.sv(1664) @ 20092000: uvm_test_top.env.cov [COV]   din7_data    : 100.0%
UVM_INFO uvm_tb.sv(1666) @ 20092000: uvm_test_top.env.cov [COV]   csr_patterns : 62.5%
UVM_INFO uvm_tb.sv(1668) @ 20092000: uvm_test_top.env.cov [COV]   esd_mismatch : 100.0%
UVM_INFO uvm_tb.sv(1670) @ 20092000: uvm_test_top.env.cov [COV]   pkt_length   : 100.0%
UVM_INFO uvm_tb.sv(1672) @ 20092000: uvm_test_top.env.cov [COV]   b2b_trans    : 100.0%
UVM_INFO uvm_tb.sv(1674) @ 20092000: uvm_test_top.env.cov [COV]   txen_x_din7  : 100.0%

  Log     : sim_pcs_exhaustive_test.log
  Coverage: coverage.vdb/
========================================================
  STATUS: PASSED -- pcs_exhaustive_test

========================================================
  Generating Coverage Report
========================================================
Note: Bumping stack limit from 8192 to unlimited Kbytes.
URG Version U-2023.03-SP2-8                       Copyright (c) 1991 -  Synopsys, Inc.
   This software and the associated documentation are proprietary to Synopsys,
 Inc. This software may only be used in accordance with the terms and conditions
 of a written license agreement with Synopsys, Inc. All other use, reproduction,
   or distribution of this software is strictly prohibited.  Licensed Products
     communicate with Synopsys servers for the purpose of providing software
    updates, detecting software piracy and verifying that customers are using
    Licensed Products in conformity with the applicable License Key for such
  Licensed Products. Synopsys will use information gathered in connection with
    this process to deliver software updates and pursue software pirates and
                                   infringers.

 Inclusivity & Diversity - Visit SolvNetPlus to read the "Synopsys Statement on
            Inclusivity and Diversity" (Refer to article 000036315 at
                        https://solvnetplus.synopsys.com)

Note-[URG-RDG] Report directory generated
  Report written to directory coverage_report

  HTML report: coverage_report/dashboard.html
  Text report: coverage_report/hierarchy.txt

========================================================
  FINAL SUMMARY
========================================================
  Passed: 11 / 11 tests
  Failed: 0 / 11 tests

  --- Scoreboard per test ---

  [pcs_smoke_test                ]  UVM_ERROR uvm_tb.sv(1332) @ 900000: uvm_test_top.env.sb [SB]   *** 50 FAILURES ***

  [pcs_walk1_test                ]  UVM_ERROR uvm_tb.sv(1332) @ 772000: uvm_test_top.env.sb [SB]   *** 46 FAILURES ***

  [pcs_zeros_test                ]  UVM_ERROR uvm_tb.sv(1332) @ 1140000: uvm_test_top.env.sb [SB]   *** 99 FAILURES ***

  [pcs_diag2b_zeros_test         ]  UVM_ERROR uvm_tb.sv(1332) @ 980000: uvm_test_top.env.sb [SB]   *** 74 FAILURES ***

  [pcs_diag2b_ones_test          ]  UVM_ERROR uvm_tb.sv(1332) @ 980000: uvm_test_top.env.sb [SB]   *** 77 FAILURES ***

  [pcs_diag_escalate_test        ]  UVM_ERROR uvm_tb.sv(1332) @ 996000: uvm_test_top.env.sb [SB]   *** 85 FAILURES ***

  [pcs_altbit_test               ]  UVM_ERROR uvm_tb.sv(1332) @ 348000: uvm_test_top.env.sb [SB]   *** 31 FAILURES ***

  [pcs_rand_test                 ]  UVM_ERROR uvm_tb.sv(1332) @ 3420000: uvm_test_top.env.sb [SB]   *** 304 FAILURES ***

  [pcs_b2b_test                  ]  
  [pcs_stress_test               ]  UVM_ERROR uvm_tb.sv(1332) @ 1900000: uvm_test_top.env.sb [SB]   *** 151 FAILURES ***

  [pcs_exhaustive_test           ]  UVM_ERROR uvm_tb.sv(1332) @ 20092000: uvm_test_top.env.sb [SB]   *** 1741 FAILURES ***

  --- Coverage per test ---

  [pcs_smoke_test]
    UVM_INFO uvm_tb.sv(1647) @ 900000: uvm_test_top.env.cov [COV]   stream_phase : 100.0%
    UVM_INFO uvm_tb.sv(1649) @ 900000: uvm_test_top.env.cov [COV]   pam5_sym     : 60.0%
    UVM_INFO uvm_tb.sv(1653) @ 900000: uvm_test_top.env.cov [COV]   sdd_pattern  : 50.0%
    UVM_INFO uvm_tb.sv(1655) @ 900000: uvm_test_top.env.cov [COV]   esd_pattern  : 50.0%
    UVM_INFO uvm_tb.sv(1657) @ 900000: uvm_test_top.env.cov [COV]   phase_trans  : 100.0%
    UVM_INFO uvm_tb.sv(1666) @ 900000: uvm_test_top.env.cov [COV]   csr_patterns : 0.0%

  [pcs_walk1_test]
    UVM_INFO uvm_tb.sv(1647) @ 772000: uvm_test_top.env.cov [COV]   stream_phase : 100.0%
    UVM_INFO uvm_tb.sv(1649) @ 772000: uvm_test_top.env.cov [COV]   pam5_sym     : 60.0%
    UVM_INFO uvm_tb.sv(1653) @ 772000: uvm_test_top.env.cov [COV]   sdd_pattern  : 50.0%
    UVM_INFO uvm_tb.sv(1655) @ 772000: uvm_test_top.env.cov [COV]   esd_pattern  : 50.0%
    UVM_INFO uvm_tb.sv(1657) @ 772000: uvm_test_top.env.cov [COV]   phase_trans  : 100.0%
    UVM_INFO uvm_tb.sv(1666) @ 772000: uvm_test_top.env.cov [COV]   csr_patterns : 0.0%

  [pcs_zeros_test]
    UVM_INFO uvm_tb.sv(1647) @ 1140000: uvm_test_top.env.cov [COV]   stream_phase : 100.0%
    UVM_INFO uvm_tb.sv(1649) @ 1140000: uvm_test_top.env.cov [COV]   pam5_sym     : 100.0%
    UVM_INFO uvm_tb.sv(1653) @ 1140000: uvm_test_top.env.cov [COV]   sdd_pattern  : 100.0%
    UVM_INFO uvm_tb.sv(1655) @ 1140000: uvm_test_top.env.cov [COV]   esd_pattern  : 100.0%
    UVM_INFO uvm_tb.sv(1657) @ 1140000: uvm_test_top.env.cov [COV]   phase_trans  : 100.0%
    UVM_INFO uvm_tb.sv(1666) @ 1140000: uvm_test_top.env.cov [COV]   csr_patterns : 12.5%

  [pcs_diag2b_zeros_test]
    UVM_INFO uvm_tb.sv(1647) @ 980000: uvm_test_top.env.cov [COV]   stream_phase : 100.0%
    UVM_INFO uvm_tb.sv(1649) @ 980000: uvm_test_top.env.cov [COV]   pam5_sym     : 100.0%
    UVM_INFO uvm_tb.sv(1653) @ 980000: uvm_test_top.env.cov [COV]   sdd_pattern  : 100.0%
    UVM_INFO uvm_tb.sv(1655) @ 980000: uvm_test_top.env.cov [COV]   esd_pattern  : 50.0%
    UVM_INFO uvm_tb.sv(1657) @ 980000: uvm_test_top.env.cov [COV]   phase_trans  : 100.0%
    UVM_INFO uvm_tb.sv(1666) @ 980000: uvm_test_top.env.cov [COV]   csr_patterns : 0.0%

  [pcs_diag2b_ones_test]
    UVM_INFO uvm_tb.sv(1647) @ 980000: uvm_test_top.env.cov [COV]   stream_phase : 100.0%
    UVM_INFO uvm_tb.sv(1649) @ 980000: uvm_test_top.env.cov [COV]   pam5_sym     : 100.0%
    UVM_INFO uvm_tb.sv(1653) @ 980000: uvm_test_top.env.cov [COV]   sdd_pattern  : 100.0%
    UVM_INFO uvm_tb.sv(1655) @ 980000: uvm_test_top.env.cov [COV]   esd_pattern  : 100.0%
    UVM_INFO uvm_tb.sv(1657) @ 980000: uvm_test_top.env.cov [COV]   phase_trans  : 100.0%
    UVM_INFO uvm_tb.sv(1666) @ 980000: uvm_test_top.env.cov [COV]   csr_patterns : 0.0%

  [pcs_diag_escalate_test]
    UVM_INFO uvm_tb.sv(1647) @ 996000: uvm_test_top.env.cov [COV]   stream_phase : 100.0%
    UVM_INFO uvm_tb.sv(1649) @ 996000: uvm_test_top.env.cov [COV]   pam5_sym     : 100.0%
    UVM_INFO uvm_tb.sv(1653) @ 996000: uvm_test_top.env.cov [COV]   sdd_pattern  : 100.0%
    UVM_INFO uvm_tb.sv(1655) @ 996000: uvm_test_top.env.cov [COV]   esd_pattern  : 0.0%
    UVM_INFO uvm_tb.sv(1657) @ 996000: uvm_test_top.env.cov [COV]   phase_trans  : 100.0%
    UVM_INFO uvm_tb.sv(1666) @ 996000: uvm_test_top.env.cov [COV]   csr_patterns : 0.0%

  [pcs_altbit_test]
    UVM_INFO uvm_tb.sv(1647) @ 348000: uvm_test_top.env.cov [COV]   stream_phase : 100.0%
    UVM_INFO uvm_tb.sv(1649) @ 348000: uvm_test_top.env.cov [COV]   pam5_sym     : 90.0%
    UVM_INFO uvm_tb.sv(1653) @ 348000: uvm_test_top.env.cov [COV]   sdd_pattern  : 50.0%
    UVM_INFO uvm_tb.sv(1655) @ 348000: uvm_test_top.env.cov [COV]   esd_pattern  : 0.0%
    UVM_INFO uvm_tb.sv(1657) @ 348000: uvm_test_top.env.cov [COV]   phase_trans  : 100.0%
    UVM_INFO uvm_tb.sv(1666) @ 348000: uvm_test_top.env.cov [COV]   csr_patterns : 12.5%

  [pcs_rand_test]
    UVM_INFO uvm_tb.sv(1647) @ 3420000: uvm_test_top.env.cov [COV]   stream_phase : 100.0%
    UVM_INFO uvm_tb.sv(1649) @ 3420000: uvm_test_top.env.cov [COV]   pam5_sym     : 100.0%
    UVM_INFO uvm_tb.sv(1653) @ 3420000: uvm_test_top.env.cov [COV]   sdd_pattern  : 50.0%
    UVM_INFO uvm_tb.sv(1655) @ 3420000: uvm_test_top.env.cov [COV]   esd_pattern  : 100.0%
    UVM_INFO uvm_tb.sv(1657) @ 3420000: uvm_test_top.env.cov [COV]   phase_trans  : 100.0%
    UVM_INFO uvm_tb.sv(1666) @ 3420000: uvm_test_top.env.cov [COV]   csr_patterns : 12.5%

  [pcs_b2b_test]

  [pcs_stress_test]
    UVM_INFO uvm_tb.sv(1647) @ 1900000: uvm_test_top.env.cov [COV]   stream_phase : 100.0%
    UVM_INFO uvm_tb.sv(1649) @ 1900000: uvm_test_top.env.cov [COV]   pam5_sym     : 100.0%
    UVM_INFO uvm_tb.sv(1653) @ 1900000: uvm_test_top.env.cov [COV]   sdd_pattern  : 100.0%
    UVM_INFO uvm_tb.sv(1655) @ 1900000: uvm_test_top.env.cov [COV]   esd_pattern  : 50.0%
    UVM_INFO uvm_tb.sv(1657) @ 1900000: uvm_test_top.env.cov [COV]   phase_trans  : 100.0%
    UVM_INFO uvm_tb.sv(1666) @ 1900000: uvm_test_top.env.cov [COV]   csr_patterns : 25.0%

  [pcs_exhaustive_test]
    UVM_INFO uvm_tb.sv(1647) @ 20092000: uvm_test_top.env.cov [COV]   stream_phase : 100.0%
    UVM_INFO uvm_tb.sv(1649) @ 20092000: uvm_test_top.env.cov [COV]   pam5_sym     : 100.0%
    UVM_INFO uvm_tb.sv(1653) @ 20092000: uvm_test_top.env.cov [COV]   sdd_pattern  : 100.0%
    UVM_INFO uvm_tb.sv(1655) @ 20092000: uvm_test_top.env.cov [COV]   esd_pattern  : 100.0%
    UVM_INFO uvm_tb.sv(1657) @ 20092000: uvm_test_top.env.cov [COV]   phase_trans  : 100.0%
    UVM_INFO uvm_tb.sv(1666) @ 20092000: uvm_test_top.env.cov [COV]   csr_patterns : 62.5%

========================================================
  Files:
    sim_*.log           per-test logs
    coverage.vdb/       VCS coverage database
    coverage_report/    HTML + text coverage report

  Open in browser:
    firefox coverage_report/dashboard.html &
========================================================
